term_uid,zh_term,en_term,aliases,volume_code,category,definition_long,visual_effect,prompt_usage,use_cases,related_terms,confused_with,tags,source_refs,status,version
V01_T0001,f/1.0 光圈,f/1.0 Aperture,,V01,曝光控制 / 光圈,f/1.0，焦平面极薄、梦幻虚化。,超大光圈、景深极浅、奶油散景、进光多。,夜景、人像极浅景深与梦幻虚化。,人像;夜景,,,曝光;光圈,互联网研究整理,published,V1.0
V01_T0002,f/1.2 光圈,f/1.2 Aperture,,V01,曝光控制 / 光圈,f/1.2，极浅景深、柔美奶油虚化。,超大光圈、景深极浅、奶油散景、进光多。,夜景、人像极浅景深与梦幻虚化。,人像;夜景,,,曝光;光圈,互联网研究整理,published,V1.0
V01_T0003,f/1.4 光圈,f/1.4 Aperture,,V01,曝光控制 / 光圈,f/1.4，极浅景深、强背景分离。,超大光圈、景深极浅、奶油散景、进光多。,夜景、人像极浅景深与梦幻虚化。,人像;夜景,,,曝光;光圈,互联网研究整理,published,V1.0
V01_T0004,f/1.8 光圈,f/1.8 Aperture,,V01,曝光控制 / 光圈,f/1.8，浅景深、人像常用。,超大光圈、景深极浅、奶油散景、进光多。,夜景、人像极浅景深与梦幻虚化。,人像;夜景,,,曝光;光圈,互联网研究整理,published,V1.0
V01_T0005,f/2.0 光圈,f/2.0 Aperture,,V01,曝光控制 / 光圈,f/2.0，浅景深、柔和背景。,超大光圈、景深极浅、奶油散景、进光多。,夜景、人像极浅景深与梦幻虚化。,人像;夜景,,,曝光;光圈,互联网研究整理,published,V1.0
V01_T0006,f/2.8 光圈,f/2.8 Aperture,,V01,曝光控制 / 光圈,f/2.8，中浅景深、恒定大光圈变焦。,大光圈、浅景深、主体突出、背景柔化。,人像、特写，突出主体虚化背景。,人像;特写,,,曝光;光圈,互联网研究整理,published,V1.0
V01_T0007,f/3.5 光圈,f/3.5 Aperture,,V01,曝光控制 / 光圈,f/3.5，适中偏浅景深。,大光圈、浅景深、主体突出、背景柔化。,人像、特写，突出主体虚化背景。,人像;特写,,,曝光;光圈,互联网研究整理,published,V1.0
V01_T0008,f/4 光圈,f/4 Aperture,,V01,曝光控制 / 光圈,f/4，适中景深。,大光圈、浅景深、主体突出、背景柔化。,人像、特写，突出主体虚化背景。,人像;特写,,,曝光;光圈,互联网研究整理,published,V1.0
V01_T0009,f/5.6 光圈,f/5.6 Aperture,,V01,曝光控制 / 光圈,f/5.6，适中偏大景深、画质佳。,中等光圈、画质锐利、景深适中。,通用、人文，兼顾锐度与景深。,通用;人文,,,曝光;光圈,互联网研究整理,published,V1.0
V01_T0010,f/8 光圈,f/8 Aperture,,V01,曝光控制 / 光圈,f/8，大景深、最佳画质甜点。,中等光圈、画质锐利、景深适中。,通用、人文，兼顾锐度与景深。,通用;人文,,,曝光;光圈,互联网研究整理,published,V1.0
V01_T0011,f/11 光圈,f/11 Aperture,,V01,曝光控制 / 光圈,f/11，大景深、风光常用。,小光圈、大景深、全画面清晰、易出星芒。,风光、建筑，追求前后全清晰。,风光;建筑,,,曝光;光圈,互联网研究整理,published,V1.0
V01_T0012,f/16 光圈,f/16 Aperture,,V01,曝光控制 / 光圈,f/16，大景深、点光源星芒。,小光圈、大景深、全画面清晰、易出星芒。,风光、建筑，追求前后全清晰。,风光;建筑,,,曝光;光圈,互联网研究整理,published,V1.0
V01_T0013,f/22 光圈,f/22 Aperture,,V01,曝光控制 / 光圈,f/22，极大景深、轻微衍射变软。,小光圈、大景深、全画面清晰、易出星芒。,风光、建筑，追求前后全清晰。,风光;建筑,,,曝光;光圈,互联网研究整理,published,V1.0
V01_T0014,f/32 光圈,f/32 Aperture,,V01,曝光控制 / 光圈,f/32，极致景深、微距大画幅。,小光圈、大景深、全画面清晰、易出星芒。,风光、建筑，追求前后全清晰。,风光;建筑,,,曝光;光圈,互联网研究整理,published,V1.0
V01_T0015,1/8000秒,1/8000s,,V01,曝光控制 / 快门速度,1/8000秒，凝固极高速运动。,高速快门、凝固瞬间、无运动模糊。,抓拍运动、水花、飞鸟等瞬间。,运动;抓拍,,,曝光;快门,互联网研究整理,published,V1.0
V01_T0016,1/4000秒,1/4000s,,V01,曝光控制 / 快门速度,1/4000秒，凝固高速运动。,高速快门、凝固瞬间、无运动模糊。,抓拍运动、水花、飞鸟等瞬间。,运动;抓拍,,,曝光;快门,互联网研究整理,published,V1.0
V01_T0017,1/2000秒,1/2000s,,V01,曝光控制 / 快门速度,1/2000秒，凝固快速运动。,高速快门、凝固瞬间、无运动模糊。,抓拍运动、水花、飞鸟等瞬间。,运动;抓拍,,,曝光;快门,互联网研究整理,published,V1.0
V01_T0018,1/1000秒,1/1000s,,V01,曝光控制 / 快门速度,1/1000秒，凝固运动。,高速快门、凝固瞬间、无运动模糊。,抓拍运动、水花、飞鸟等瞬间。,运动;抓拍,,,曝光;快门,互联网研究整理,published,V1.0
V01_T0019,1/500秒,1/500s,,V01,曝光控制 / 快门速度,1/500秒，凝固一般运动。,高速快门、凝固瞬间、无运动模糊。,抓拍运动、水花、飞鸟等瞬间。,运动;抓拍,,,曝光;快门,互联网研究整理,published,V1.0
V01_T0020,1/250秒,1/250s,,V01,曝光控制 / 快门速度,1/250秒，日常手持安全。,高速快门、凝固瞬间、无运动模糊。,抓拍运动、水花、飞鸟等瞬间。,运动;抓拍,,,曝光;快门,互联网研究整理,published,V1.0
V01_T0021,1/125秒,1/125s,,V01,曝光控制 / 快门速度,1/125秒，手持人像。,高速快门、凝固瞬间、无运动模糊。,抓拍运动、水花、飞鸟等瞬间。,运动;抓拍,,,曝光;快门,互联网研究整理,published,V1.0
V01_T0022,1/60秒,1/60s,,V01,曝光控制 / 快门速度,1/60秒，室内手持极限。,高速快门、凝固瞬间、无运动模糊。,抓拍运动、水花、飞鸟等瞬间。,运动;抓拍,,,曝光;快门,互联网研究整理,published,V1.0
V01_T0023,1/30秒,1/30s,,V01,曝光控制 / 快门速度,1/30秒，轻微拖影风险。,高速快门、凝固瞬间、无运动模糊。,抓拍运动、水花、飞鸟等瞬间。,运动;抓拍,,,曝光;快门,互联网研究整理,published,V1.0
V01_T0024,1/15秒,1/15s,,V01,曝光控制 / 快门速度,1/15秒，动态模糊。,高速快门、凝固瞬间、无运动模糊。,抓拍运动、水花、飞鸟等瞬间。,运动;抓拍,,,曝光;快门,互联网研究整理,published,V1.0
V01_T0025,1/8秒,1/8s,,V01,曝光控制 / 快门速度,1/8秒，明显动态模糊。,高速快门、凝固瞬间、无运动模糊。,抓拍运动、水花、飞鸟等瞬间。,运动;抓拍,,,曝光;快门,互联网研究整理,published,V1.0
V01_T0026,1/4秒,1/4s,,V01,曝光控制 / 快门速度,1/4秒，需稳定的慢门。,高速快门、凝固瞬间、无运动模糊。,抓拍运动、水花、飞鸟等瞬间。,运动;抓拍,,,曝光;快门,互联网研究整理,published,V1.0
V01_T0027,1秒,1s,,V01,曝光控制 / 快门速度,1秒快门速度，适合长曝光创作。,慢门长曝、运动拖影、流水丝滑、车轨光绘。,流水、车轨、星轨等长曝创作。,长曝;夜景,,,曝光;快门,互联网研究整理,published,V1.0
V01_T0028,5秒,5s,,V01,曝光控制 / 快门速度,5秒，丝绢流水光轨。,慢门长曝、运动拖影、流水丝滑、车轨光绘。,流水、车轨、星轨等长曝创作。,长曝;夜景,,,曝光;快门,互联网研究整理,published,V1.0
V01_T0029,15秒,15s,,V01,曝光控制 / 快门速度,15秒，超长曝光。,慢门长曝、运动拖影、流水丝滑、车轨光绘。,流水、车轨、星轨等长曝创作。,长曝;夜景,,,曝光;快门,互联网研究整理,published,V1.0
V01_T0030,30秒,30s,,V01,曝光控制 / 快门速度,30秒，夜景超长曝光。,慢门长曝、运动拖影、流水丝滑、车轨光绘。,流水、车轨、星轨等长曝创作。,长曝;夜景,,,曝光;快门,互联网研究整理,published,V1.0
V01_T0031,B门长曝,Bulb,,V01,曝光控制 / 快门速度,B门长曝，Bulb 任意时长星轨。,慢门长曝、运动拖影、流水丝滑、车轨光绘。,流水、车轨、星轨等长曝创作。,长曝;夜景,,,曝光;快门,互联网研究整理,published,V1.0
V01_T0032,ISO 50,ISO 50,,V01,曝光控制 / 感光度,ISO 50，极致纯净、最低原生。,低感、画质纯净、噪点极少、宽容度高。,充足光线下追求最佳画质。,风光;商业,,,曝光;ISO,互联网研究整理,published,V1.0
V01_T0033,ISO 100,ISO 100,,V01,曝光控制 / 感光度,ISO 100，基准纯净无噪。,低感、画质纯净、噪点极少、宽容度高。,充足光线下追求最佳画质。,风光;商业,,,曝光;ISO,互联网研究整理,published,V1.0
V01_T0034,ISO 200,ISO 200,,V01,曝光控制 / 感光度,ISO 200，纯净。,低感、画质纯净、噪点极少、宽容度高。,充足光线下追求最佳画质。,风光;商业,,,曝光;ISO,互联网研究整理,published,V1.0
V01_T0035,ISO 400,ISO 400,,V01,曝光控制 / 感光度,ISO 400，通用、轻微颗粒。,中高感、画质与暗光的平衡、轻微噪点。,室内、弱光下兼顾画质与曝光。,室内;弱光,,,曝光;ISO,互联网研究整理,published,V1.0
V01_T0036,ISO 800,ISO 800,,V01,曝光控制 / 感光度,ISO 800，弱光、轻噪。,中高感、画质与暗光的平衡、轻微噪点。,室内、弱光下兼顾画质与曝光。,室内;弱光,,,曝光;ISO,互联网研究整理,published,V1.0
V01_T0037,ISO 1600,ISO 1600,,V01,曝光控制 / 感光度,ISO 1600，弱光噪点。,中高感、画质与暗光的平衡、轻微噪点。,室内、弱光下兼顾画质与曝光。,室内;弱光,,,曝光;ISO,互联网研究整理,published,V1.0
V01_T0038,ISO 3200,ISO 3200,,V01,曝光控制 / 感光度,ISO 3200，高噪点。,高感、暗光可拍但噪点明显、颗粒感强。,极暗环境抓拍或追求颗粒质感。,暗光;纪实,,,曝光;ISO,互联网研究整理,published,V1.0
V01_T0039,ISO 6400,ISO 6400,,V01,曝光控制 / 感光度,ISO 6400，强噪点。,高感、暗光可拍但噪点明显、颗粒感强。,极暗环境抓拍或追求颗粒质感。,暗光;纪实,,,曝光;ISO,互联网研究整理,published,V1.0
V01_T0040,ISO 12800,ISO 12800,,V01,曝光控制 / 感光度,ISO 12800，极高噪点。,高感、暗光可拍但噪点明显、颗粒感强。,极暗环境抓拍或追求颗粒质感。,暗光;纪实,,,曝光;ISO,互联网研究整理,published,V1.0
V01_T0041,ISO 25600,ISO 25600,,V01,曝光控制 / 感光度,ISO 25600，极限弱光、极重噪。,高感、暗光可拍但噪点明显、颗粒感强。,极暗环境抓拍或追求颗粒质感。,暗光;纪实,,,曝光;ISO,互联网研究整理,published,V1.0
V01_T0042,高调,High Key,,V01,曝光控制 / 测光与影调,明亮通透、低对比。,特定测光/影调带来的明暗分布。,控制画面整体明暗与影调倾向。,影调;曝光,,,曝光;影调,互联网研究整理,published,V1.0
V01_T0043,低调,Low Key,,V01,曝光控制 / 测光与影调,暗调、高对比、戏剧阴影。,特定测光/影调带来的明暗分布。,控制画面整体明暗与影调倾向。,影调;曝光,,,曝光;影调,互联网研究整理,published,V1.0
V01_T0044,剪影,Silhouette,,V01,曝光控制 / 测光与影调,逆光黑剪影、亮背景。,特定测光/影调带来的明暗分布。,控制画面整体明暗与影调倾向。,影调;曝光,,,曝光;影调,互联网研究整理,published,V1.0
V01_T0045,HDR包围曝光,HDR Bracketing,,V01,曝光控制 / 测光与影调,高动态范围、阴影高光皆有细节。,特定测光/影调带来的明暗分布。,控制画面整体明暗与影调倾向。,影调;曝光,,,曝光;影调,互联网研究整理,published,V1.0
V01_T0046,曝光过曝,Overexposed High Key,,V01,曝光控制 / 测光与影调,刻意过曝、洗白通透。,特定测光/影调带来的明暗分布。,控制画面整体明暗与影调倾向。,影调;曝光,,,曝光;影调,互联网研究整理,published,V1.0
V01_T0047,欠曝暗调,Underexposed Moody,,V01,曝光控制 / 测光与影调,刻意欠曝、压暗氛围。,特定测光/影调带来的明暗分布。,控制画面整体明暗与影调倾向。,影调;曝光,,,曝光;影调,互联网研究整理,published,V1.0
V01_T0048,8mm焦距,8mm Lens,,V01,镜头与光学 / 焦距,8mm，鱼眼超广、180度。,超广角、视野开阔、透视夸张、edge 拉伸、纵深强。,用于风光、建筑、狭小空间的夸张广角。,风光;建筑,,,镜头;焦距,互联网研究整理,published,V1.0
V01_T0049,14mm焦距,14mm Lens,,V01,镜头与光学 / 焦距,14mm，超广角、夸张透视。,超广角、视野开阔、透视夸张、edge 拉伸、纵深强。,用于风光、建筑、狭小空间的夸张广角。,风光;建筑,,,镜头;焦距,互联网研究整理,published,V1.0
V01_T0050,16mm焦距,16mm Lens,,V01,镜头与光学 / 焦距,16mm，超广角。,超广角、视野开阔、透视夸张、edge 拉伸、纵深强。,用于风光、建筑、狭小空间的夸张广角。,风光;建筑,,,镜头;焦距,互联网研究整理,published,V1.0
V01_T0051,20mm焦距,20mm Lens,,V01,镜头与光学 / 焦距,20mm，广角。,超广角、视野开阔、透视夸张、edge 拉伸、纵深强。,用于风光、建筑、狭小空间的夸张广角。,风光;建筑,,,镜头;焦距,互联网研究整理,published,V1.0
V01_T0052,24mm焦距,24mm Lens,,V01,镜头与光学 / 焦距,24mm，广角、环境交代。,广角、接近人眼、容纳环境、轻微透视。,环境人像、街拍、纪实的广角叙事。,街拍;纪实,,,镜头;焦距,互联网研究整理,published,V1.0
V01_T0053,28mm焦距,28mm Lens,,V01,镜头与光学 / 焦距,28mm，小广角。,广角、接近人眼、容纳环境、轻微透视。,环境人像、街拍、纪实的广角叙事。,街拍;纪实,,,镜头;焦距,互联网研究整理,published,V1.0
V01_T0054,35mm焦距,35mm Lens,,V01,镜头与光学 / 焦距,35mm，人文、自然视角。,广角、接近人眼、容纳环境、轻微透视。,环境人像、街拍、纪实的广角叙事。,街拍;纪实,,,镜头;焦距,互联网研究整理,published,V1.0
V01_T0055,40mm焦距,40mm Lens,,V01,镜头与光学 / 焦距,40mm，准标准。,标准视角、透视自然、无明显畸变。,日常、纪实、人文的自然视角。,纪实;人文,,,镜头;焦距,互联网研究整理,published,V1.0
V01_T0056,50mm焦距,50mm Lens,,V01,镜头与光学 / 焦距,50mm，标准、接近人眼。,标准视角、透视自然、无明显畸变。,日常、纪实、人文的自然视角。,纪实;人文,,,镜头;焦距,互联网研究整理,published,V1.0
V01_T0057,60mm焦距,60mm Lens,,V01,镜头与光学 / 焦距,60mm，微距标准。,标准视角、透视自然、无明显畸变。,日常、纪实、人文的自然视角。,纪实;人文,,,镜头;焦距,互联网研究整理,published,V1.0
V01_T0058,85mm焦距,85mm Lens,,V01,镜头与光学 / 焦距,85mm，人像、压缩讨喜。,中长焦、背景压缩、人像虚化柔美。,人像、特写，强调压缩与散景。,人像;特写,,,镜头;焦距,互联网研究整理,published,V1.0
V01_T0059,105mm焦距,105mm Lens,,V01,镜头与光学 / 焦距,105mm，中长焦人像。,中长焦、背景压缩、人像虚化柔美。,人像、特写，强调压缩与散景。,人像;特写,,,镜头;焦距,互联网研究整理,published,V1.0
V01_T0060,135mm焦距,135mm Lens,,V01,镜头与光学 / 焦距,135mm，长焦人像、强压缩。,长焦、强压缩、背景大虚化、拉近远景。,远摄、体育、野生与压缩人像。,远摄;体育,,,镜头;焦距,互联网研究整理,published,V1.0
V01_T0061,200mm焦距,200mm Lens,,V01,镜头与光学 / 焦距,200mm，长焦、透视压缩。,长焦、强压缩、背景大虚化、拉近远景。,远摄、体育、野生与压缩人像。,远摄;体育,,,镜头;焦距,互联网研究整理,published,V1.0
V01_T0062,300mm焦距,300mm Lens,,V01,镜头与光学 / 焦距,300mm，超长焦。,长焦、强压缩、背景大虚化、拉近远景。,远摄、体育、野生与压缩人像。,远摄;体育,,,镜头;焦距,互联网研究整理,published,V1.0
V01_T0063,400mm焦距,400mm Lens,,V01,镜头与光学 / 焦距,400mm，超长焦打鸟。,长焦、强压缩、背景大虚化、拉近远景。,远摄、体育、野生与压缩人像。,远摄;体育,,,镜头;焦距,互联网研究整理,published,V1.0
V01_T0064,600mm焦距,600mm Lens,,V01,镜头与光学 / 焦距,600mm，极长焦。,长焦、强压缩、背景大虚化、拉近远景。,远摄、体育、野生与压缩人像。,远摄;体育,,,镜头;焦距,互联网研究整理,published,V1.0
V01_T0065,定焦镜头,Prime Lens,,V01,镜头与光学 / 镜头类型,固定焦距、大光圈锐利。,该类镜头的成像与透视特性。,按题材选用该类镜头。,镜头;摄影,,,镜头;类型,互联网研究整理,published,V1.0
V01_T0066,变焦镜头,Zoom Lens,,V01,镜头与光学 / 镜头类型,可变焦距、灵活。,该类镜头的成像与透视特性。,按题材选用该类镜头。,镜头;摄影,,,镜头;类型,互联网研究整理,published,V1.0
V01_T0067,微距镜头,Macro Lens,,V01,镜头与光学 / 镜头类型,1:1 放大极致近摄。,该类镜头的成像与透视特性。,按题材选用该类镜头。,镜头;摄影,,,镜头;类型,互联网研究整理,published,V1.0
V01_T0068,鱼眼镜头,Fisheye Lens,,V01,镜头与光学 / 镜头类型,约180度强桶形畸变。,该类镜头的成像与透视特性。,按题材选用该类镜头。,镜头;摄影,,,镜头;类型,互联网研究整理,published,V1.0
V01_T0069,移轴镜头,Tilt-Shift Lens,,V01,镜头与光学 / 镜头类型,透视校正、微缩效果。,该类镜头的成像与透视特性。,按题材选用该类镜头。,镜头;摄影,,,镜头;类型,互联网研究整理,published,V1.0
V01_T0070,折返镜头,Mirror Lens,,V01,镜头与光学 / 镜头类型,环形焦外、轻便超长焦。,该类镜头的成像与透视特性。,按题材选用该类镜头。,镜头;摄影,,,镜头;类型,互联网研究整理,published,V1.0
V01_T0071,柔焦镜头,Soft Focus Lens,,V01,镜头与光学 / 镜头类型,柔化梦幻、复古人像。,该类镜头的成像与透视特性。,按题材选用该类镜头。,镜头;摄影,,,镜头;类型,互联网研究整理,published,V1.0
V01_T0072,浅景深,Shallow DoF,,V01,镜头与光学 / 景深与虚化,背景虚化、主体分离。,该景深/虚化状态下的主体与背景关系。,控制景深与背景虚化程度。,景深;虚化,,,镜头;散景,互联网研究整理,published,V1.0
V01_T0073,深景深,Deep DoF,,V01,镜头与光学 / 景深与虚化,前后景物皆清晰的大景深效果。,该景深/虚化状态下的主体与背景关系。,控制景深与背景虚化程度。,景深;虚化,,,镜头;散景,互联网研究整理,published,V1.0
V01_T0074,奶油散景,Creamy Bokeh,,V01,镜头与光学 / 景深与虚化,柔美奶油质感的圆润虚化效果。,该景深/虚化状态下的主体与背景关系。,控制景深与背景虚化程度。,景深;虚化,,,镜头;散景,互联网研究整理,published,V1.0
V01_T0075,旋焦散景,Swirly Bokeh,,V01,镜头与光学 / 景深与虚化,旋转漩涡状的特殊虚化效果。,该景深/虚化状态下的主体与背景关系。,控制景深与背景虚化程度。,景深;虚化,,,镜头;散景,互联网研究整理,published,V1.0
V01_T0076,焦外光斑,Bokeh Balls,,V01,镜头与光学 / 景深与虚化,虚化区域点光源形成的光斑形状。,该景深/虚化状态下的主体与背景关系。,控制景深与背景虚化程度。,景深;虚化,,,镜头;散景,互联网研究整理,published,V1.0
V01_T0077,二线性散景,Nervous Bokeh,,V01,镜头与光学 / 景深与虚化,虚化边缘出现双线描边的不良散景。,该景深/虚化状态下的主体与背景关系。,控制景深与背景虚化程度。,景深;虚化,,,镜头;散景,互联网研究整理,published,V1.0
V01_T0078,移轴微缩,Tilt-Shift Miniature,,V01,镜头与光学 / 景深与虚化,选择性对焦微缩玩具感。,该景深/虚化状态下的主体与背景关系。,控制景深与背景虚化程度。,景深;虚化,,,镜头;散景,互联网研究整理,published,V1.0
V01_T0079,桶形畸变,Barrel Distortion,,V01,镜头与光学 / 光学缺陷与效果,画面向外凸起的广角镜头畸变。,该光学效应带来的光斑/畸变等视觉特征。,刻意营造该光学效果氛围。,氛围;镜头,,,镜头;效果,互联网研究整理,published,V1.0
V01_T0080,枕形畸变,Pincushion Distortion,,V01,镜头与光学 / 光学缺陷与效果,画面向内凹陷的长焦镜头畸变。,该光学效应带来的光斑/畸变等视觉特征。,刻意营造该光学效果氛围。,氛围;镜头,,,镜头;效果,互联网研究整理,published,V1.0
V01_T0081,色散紫边,Chromatic Aberration,,V01,镜头与光学 / 光学缺陷与效果,高反差边缘出现的彩色色差。,该光学效应带来的光斑/畸变等视觉特征。,刻意营造该光学效果氛围。,氛围;镜头,,,镜头;效果,互联网研究整理,published,V1.0
V01_T0082,暗角,Vignetting,,V01,镜头与光学 / 光学缺陷与效果,画面四角光量衰减变暗的现象。,该光学效应带来的光斑/畸变等视觉特征。,刻意营造该光学效果氛围。,氛围;镜头,,,镜头;效果,互联网研究整理,published,V1.0
V01_T0083,镜头眩光,Lens Flare,,V01,镜头与光学 / 光学缺陷与效果,强光源在镜头内反射形成的光斑。,该光学效应带来的光斑/畸变等视觉特征。,刻意营造该光学效果氛围。,氛围;镜头,,,镜头;效果,互联网研究整理,published,V1.0
V01_T0084,变形宽银幕眩光,Anamorphic Flare,,V01,镜头与光学 / 光学缺陷与效果,强光源在镜头内反射形成的光斑。,该光学效应带来的光斑/畸变等视觉特征。,刻意营造该光学效果氛围。,氛围;镜头,,,镜头;效果,互联网研究整理,published,V1.0
V01_T0085,星芒,Sunstar,,V01,镜头与光学 / 光学缺陷与效果,小光圈放射星芒。,该光学效应带来的光斑/畸变等视觉特征。,刻意营造该光学效果氛围。,氛围;镜头,,,镜头;效果,互联网研究整理,published,V1.0
V01_T0086,光晕Halation,Halation,,V01,镜头与光学 / 光学缺陷与效果,强光在胶片乳剂层扩散的光晕效果。,该光学效应带来的光斑/畸变等视觉特征。,刻意营造该光学效果氛围。,氛围;镜头,,,镜头;效果,互联网研究整理,published,V1.0
V01_T0087,全画幅,Full Frame,,V01,相机与感光 / 画幅,35mm、浅景深控制好。,该画幅的比例与成像区域特征。,按用途选择画幅比例。,画幅;构图,,,相机;画幅,互联网研究整理,published,V1.0
V01_T0088,中画幅,Medium Format,,V01,相机与感光 / 画幅,超高分辨率细腻过渡。,该画幅的比例与成像区域特征。,按用途选择画幅比例。,画幅;构图,,,相机;画幅,互联网研究整理,published,V1.0
V01_T0089,APS-C画幅,APS-C,,V01,相机与感光 / 画幅,1.5x 裁切。,该画幅的比例与成像区域特征。,按用途选择画幅比例。,画幅;构图,,,相机;画幅,互联网研究整理,published,V1.0
V01_T0090,M4/3画幅,Micro Four Thirds,,V01,相机与感光 / 画幅,2x 裁切轻便。,该画幅的比例与成像区域特征。,按用途选择画幅比例。,画幅;构图,,,相机;画幅,互联网研究整理,published,V1.0
V01_T0091,大画幅,Large Format,,V01,相机与感光 / 画幅,4x5 极致细节。,该画幅的比例与成像区域特征。,按用途选择画幅比例。,画幅;构图,,,相机;画幅,互联网研究整理,published,V1.0
V01_T0092,1英寸传感器,1-inch Sensor,,V01,相机与感光 / 画幅,1英寸传感器画幅传感器的尺寸规格。,该画幅的比例与成像区域特征。,按用途选择画幅比例。,画幅;构图,,,相机;画幅,互联网研究整理,published,V1.0
V01_T0093,单反相机,DSLR,,V01,相机与感光 / 相机类型,反光板取景的传统数码单反相机。,该类相机的成像与操作特征。,按拍摄场景选用机型。,器材;摄影,,,相机;类型,互联网研究整理,published,V1.0
V01_T0094,无反相机,Mirrorless,,V01,相机与感光 / 相机类型,无反光板的电子取景微单相机。,该类相机的成像与操作特征。,按拍摄场景选用机型。,器材;摄影,,,相机;类型,互联网研究整理,published,V1.0
V01_T0095,旁轴相机,Rangefinder,,V01,相机与感光 / 相机类型,徕卡式人文质感。,该类相机的成像与操作特征。,按拍摄场景选用机型。,器材;摄影,,,相机;类型,互联网研究整理,published,V1.0
V01_T0096,胶片相机,Film Camera,,V01,相机与感光 / 相机类型,使用胶卷感光的传统胶片相机。,该类相机的成像与操作特征。,按拍摄场景选用机型。,器材;摄影,,,相机;类型,互联网研究整理,published,V1.0
V01_T0097,拍立得,Instant Polaroid,,V01,相机与感光 / 相机类型,即拍即得的一次成像相机。,该类相机的成像与操作特征。,按拍摄场景选用机型。,器材;摄影,,,相机;类型,互联网研究整理,published,V1.0
V01_T0098,针孔相机,Pinhole,,V01,相机与感光 / 相机类型,柔焦梦幻无限景深。,该类相机的成像与操作特征。,按拍摄场景选用机型。,器材;摄影,,,相机;类型,互联网研究整理,published,V1.0
V01_T0099,CCD数码,CCD Digital,,V01,相机与感光 / 相机类型,CCD传感器的数码相机成像特性。,该类相机的成像与操作特征。,按拍摄场景选用机型。,器材;摄影,,,相机;类型,互联网研究整理,published,V1.0
V01_T0100,运动相机,Action Cam,,V01,相机与感光 / 相机类型,超广鱼眼第一人称。,该类相机的成像与操作特征。,按拍摄场景选用机型。,器材;摄影,,,相机;类型,互联网研究整理,published,V1.0
V01_T0101,黄金时刻,Golden Hour,,V01,布光与用光 / 自然光,日出日落时暖调柔光的摄影黄金时段。,该自然光条件下的色温、方向与氛围。,利用该自然光营造氛围。,自然光;氛围,,,布光;自然光,互联网研究整理,published,V1.0
V01_T0102,蓝调时刻,Blue Hour,,V01,布光与用光 / 自然光,黎明黄昏时冷蓝调的摄影魔幻时段。,该自然光条件下的色温、方向与氛围。,利用该自然光营造氛围。,自然光;氛围,,,布光;自然光,互联网研究整理,published,V1.0
V01_T0103,正午硬光,Harsh Midday,,V01,布光与用光 / 自然光,正午硬光是顶置强日光产生的光质，阴影边缘锐利深黑、明暗反差强，能强化立体与质感但人像易生硬。,顶光、阴影硬朗、明暗反差强。,用于表现正午烈日、硬阴影高反差的强烈光质。,日光;硬光,,,布光;自然光,互联网研究整理,published,V1.0
V01_T0104,阴天柔光,Overcast Soft,,V01,布光与用光 / 自然光,散射均匀低反差。,该自然光条件下的色温、方向与氛围。,利用该自然光营造氛围。,自然光;氛围,,,布光;自然光,互联网研究整理,published,V1.0
V01_T0105,窗光,Window Light,,V01,布光与用光 / 自然光,柔和方向光人像。,该自然光条件下的色温、方向与氛围。,利用该自然光营造氛围。,自然光;氛围,,,布光;自然光,互联网研究整理,published,V1.0
V01_T0106,逆光,Backlight,,V01,布光与用光 / 自然光,逆光是光源位于主体后方使边缘镶光或成剪影的光位，能勾勒轮廓制造光晕，适合人像与剪影画面。,边缘发光、轮廓光晕、剪影剪影。,用于勾勒主体轮廓、制造逆光剪影与光晕。,逆光;剪影,,,布光;自然光,互联网研究整理,published,V1.0
V01_T0107,侧逆光,Rim/Edge Light,,V01,布光与用光 / 自然光,侧逆光是来自主体后侧方的光位，只照亮边缘镶出一圈亮边，能分离主体与背景且不完全剪影。,后侧镶光、边缘亮边、分离背景。,用于从后侧方镶出轮廓亮边、分离主体背景。,轮廓光;边缘光,,,布光;自然光,互联网研究整理,published,V1.0
V01_T0108,侧光,Side Light,,V01,布光与用光 / 自然光,侧光是来自主体正侧方的光位，明暗各半生硬交界，使立体与质感最突出，适合强调表面纹理与体积塑造。,明暗各半、立体质感强、硬交界。,用于强调立体体积与表面纹理的侧方照明。,质感;立体,,,布光;自然光,互联网研究整理,published,V1.0
V01_T0109,顶光,Top Light,,V01,布光与用光 / 自然光,顶光是来自正上方的光位，眼窝鼻下生深影、头顶过曝，常用于宗教与戏剧性画面但人像慎用。,顶部高光、眼下深影、戏剧压抑。,用于表现正上方压抑戏剧性的顶光照明。,戏剧光;顶光,,,布光;自然光,互联网研究整理,published,V1.0
V01_T0110,丁达尔光,God Rays,,V01,布光与用光 / 自然光,体积光束、晨雾林间。,该自然光条件下的色温、方向与氛围。,利用该自然光营造氛围。,自然光;氛围,,,布光;自然光,互联网研究整理,published,V1.0
V01_T0111,斑驳光影,Dappled Light,,V01,布光与用光 / 自然光,斑驳光影是树叶间隙漏下的破碎光斑，明暗跳跃随叶晃动，能营造夏日林间活泼灵动的光斑氛围。,破碎光斑、明暗跳跃、林间灵动。,用于表现树荫漏光、斑驳光斑的林间氛围。,林间;光斑,,,布光;自然光,互联网研究整理,published,V1.0
V01_T0112,伦勃朗光,Rembrandt,,V01,布光与用光 / 影室布光,颊部三角光戏剧人像。,该影室布光法形成的光位与明暗造型。,按造型需要采用该布光法。,布光;人像,,,布光;影室;人像,互联网研究整理,published,V1.0
V01_T0113,蝴蝶光,Butterfly/Paramount,,V01,布光与用光 / 影室布光,鼻下蝶影魅力人像。,该影室布光法形成的光位与明暗造型。,按造型需要采用该布光法。,布光;人像,,,布光;影室;人像,互联网研究整理,published,V1.0
V01_T0114,环形光,Loop,,V01,布光与用光 / 影室布光,鼻侧小阴影万用。,该影室布光法形成的光位与明暗造型。,按造型需要采用该布光法。,布光;人像,,,布光;影室;人像,互联网研究整理,published,V1.0
V01_T0115,分割光,Split,,V01,布光与用光 / 影室布光,分割光是主光位于正侧使明暗各半的影室布光，戏剧对比强、性格分明，适合硬朗人物肖像。,明暗各半、戏剧强对比、性格分明。,用于影室内正侧单灯硬朗的戏剧人物肖像。,影室布光;分割光,,,布光;影室;人像,互联网研究整理,published,V1.0
V01_T0116,三点布光,Three-Point,,V01,布光与用光 / 影室布光,三点布光是主光造型、辅光补暗、轮廓光勾边的经典影室布光法，造型立体干净，是商业人像的基础骨架。,主辅轮三光、立体干净、主体分离。,用于影室商业人像的主辅轮廓三类布光骨架。,影室布光;人像,,,布光;影室;人像,互联网研究整理,published,V1.0
V01_T0117,蛤蜊光,Clamshell,,V01,布光与用光 / 影室布光,蛤蜊光是上下夹光的上主下辅影室布光，模拟贝壳张合，能柔化下巴阴影美化肤质，是美妆广告首选。,上下夹光、下巴柔影、肤质细腻。,用于美妆广告上下夹光柔化下巴阴影的布光。,美妆;蛤蜊光,,,布光;影室;人像,互联网研究整理,published,V1.0
V01_T0118,宽位光,Broad Lighting,,V01,布光与用光 / 影室布光,近侧受光显脸宽。,该影室布光法形成的光位与明暗造型。,按造型需要采用该布光法。,布光;人像,,,布光;影室;人像,互联网研究整理,published,V1.0
V01_T0119,窄位光,Short Lighting,,V01,布光与用光 / 影室布光,远侧受光显脸瘦。,该影室布光法形成的光位与明暗造型。,按造型需要采用该布光法。,布光;人像,,,布光;影室;人像,互联网研究整理,published,V1.0
V01_T0120,高调布光,High-Key Studio,,V01,布光与用光 / 影室布光,高调布光是强辅光使整体明亮、白多黑少的影室布光，画面干净通透积极，适合纯真唯美与清新画面。,明亮白多、干净通透、积极清新。,用于干净通透积极的高调非阴郁画面布光。,高调;清新,,,布光;影室;人像,互联网研究整理,published,V1.0
V01_T0121,低调布光,Low-Key Studio,,V01,布光与用光 / 影室布光,低调布光是单灯主导、暗多于亮的影室布光，阴影深重能突出主体与情绪，适合压抑神秘戏剧的画面。,单灯深影、暗多于亮、神秘压抑。,用于压抑神秘戏剧氛围的低调暗影布光。,低调;戏剧,,,布光;影室;人像,互联网研究整理,published,V1.0
V01_T0122,柔光,Soft Light,,V01,布光与用光 / 光质与修饰器,大光源柔和过渡。,该光质/修饰器塑造的光影软硬与方向。,用该器材塑造所需光质。,布光;影室,,,布光;光质,互联网研究整理,published,V1.0
V01_T0123,硬光,Hard Light,,V01,布光与用光 / 光质与修饰器,小光源锐利阴影。,该光质/修饰器塑造的光影软硬与方向。,用该器材塑造所需光质。,布光;影室,,,布光;光质,互联网研究整理,published,V1.0
V01_T0124,柔光箱,Softbox,,V01,布光与用光 / 光质与修饰器,柔光箱是内置反光与漫射布的影室光质修饰器，输出柔和大面积方向光，是柔化阴影美化肤质的基础工具。,柔和方向光、柔化阴影、均匀面积。,用于柔化方向光、减少硬影、柔美肤质的照明。,柔光箱;柔光,,,布光;光质,互联网研究整理,published,V1.0
V01_T0125,八角柔光箱,Octabox,,V01,布光与用光 / 光质与修饰器,八角柔光箱是八角形柔光箱，相比方形能输出类圆形光与圆形眼神光，使人物眼神光更自然圆润。,圆形眼神光、类圆光斑、自然圆润。,用于类圆形光与圆形眼神光的人像布光。,八角箱;人像,,,布光;光质,互联网研究整理,published,V1.0
V01_T0126,束光筒,Snoot,,V01,布光与用光 / 光质与修饰器,束光筒是敛光使光线收束为小圆形光斑的影室修饰器，能精控局部光斑，作头发光或背景定点光。,聚焦小光斑、局部点光、收束不溢光。,用于聚焦头发光、背景定点光斑的收束照明。,束光筒;点光,,,布光;光质,互联网研究整理,published,V1.0
V01_T0127,雷达罩,Beauty Dish,,V01,布光与用光 / 光质与修饰器,雷达罩是中心挡板加反光碗的影室修饰器，光质半硬半柔高反差且方向明确，能出有质感的美妆光与硬朗人像。,半硬高反差、方向明确、美妆质感。,用于有质感的高反差美妆光与硬朗人像布光。,雷达罩;美妆,,,布光;光质,互联网研究整理,published,V1.0
V01_T0128,反光板补光,Reflector Fill,,V01,布光与用光 / 光质与修饰器,反光板补光是借反光板把环境光或灯光反射填充主体阴影的被动方法，柔化暗部提升明暗比无需打灯。,柔化补光暗部、提升明暗比、无电源。,用于自然光下补阴影、提亮主体的反射补光。,反光板;补光,,,布光;光质,互联网研究整理,published,V1.0
V01_T0129,网格控光,Grid,,V01,布光与用光 / 光质与修饰器,网格控光是在光源前加蜂巢栅格收束光线扩散角的修饰器，能控光防溢光使光斑更精确不蔓延到背景。,收束扩散角、防溢光、光斑精确。,用于收束光斑、防溢光污染背景的精确控光。,网格;控光,,,布光;光质,互联网研究整理,published,V1.0
V01_T0130,霓虹灯光,Neon,,V01,布光与用光 / 光质与修饰器,彩色辉光赛博朋克。,该光质/修饰器塑造的光影软硬与方向。,用该器材塑造所需光质。,布光;影室,,,布光;光质,互联网研究整理,published,V1.0
V01_T0131,实用光源,Practical Lights,,V01,布光与用光 / 光质与修饰器,实用光源是出现在画面内、作为场景一部分的可见光源（台灯霓虹屏显），既是照明又参与构图与叙事。,画面内灯具、既光又叙事、真实置入。,用于画面内的台灯屏显霓虹等既照明又叙事的光源。,氛围;实景光,,,布光;光质,互联网研究整理,published,V1.0
V01_T0132,三分法,Rule of Thirds,,V01,构图与取景 / 构图法则,三分法是把画面以井字线分九宫、主体置于四交点之一的构图法则，自然均衡不死板，是入门构图基础。,井字交点、均衡自然、不死板。,用于把主体置于三分线交点的均衡构图。,构图;三分法,,,构图;法则,互联网研究整理,published,V1.0
V01_T0133,中心构图,Centered,,V01,构图与取景 / 构图法则,中心构图是把主体居中的构图法，稳定对称有仪式感，但易呆板，适合威严圣像与正面对称画面。,居中稳定、对称仪式、庄严威严。,用于正面对称、庄严威严仪式感的居中构图。,构图;对称,,,构图;法则,互联网研究整理,published,V1.0
V01_T0134,对角线构图,Diagonal,,V01,构图与取景 / 构图法则,对角线构图是使主体或线条沿画框对角延伸的构图法，动感张力强不平稳，适合运动冲击斜插画面。,对角延伸、动感张力、斜插不稳。,用于动感、运动冲击斜插画面的对角构图。,构图;动感,,,构图;法则,互联网研究整理,published,V1.0
V01_T0135,引导线,Leading Lines,,V01,构图与取景 / 构图法则,引导线是借线条道路围栏等把视线引向主体的构图法，用线条组织视觉路径使焦点突出有纵深感。,线条引视、路径指向、纵深突出。,用于借环境线条把视线引向主体的纵深构图。,构图;引导,,,构图;法则,互联网研究整理,published,V1.0
V01_T0136,框架构图,Framing,,V01,构图与取景 / 构图法则,框架构图是用前景元素（门洞窗洞树枝）圈住主体的构图法，增加纵深层次使主体在框中更被聚焦。,前景框架、圈住主体、层次聚焦。,用于用前景门窗树枝圈住主体的框架构图。,构图;框架,,,构图;法则,互联网研究整理,published,V1.0
V01_T0137,黄金比例,Golden Ratio,,V01,构图与取景 / 构图法则,黄金比例是以约1比1.618的螺旋线指导主体位置与画面分割的构图法，被认为最具和谐美感。,螺旋黄金比、和谐均衡。,用于按黄金螺旋与1.618比定位主体的和谐构图。,构图;黄金比,,,构图;法则,互联网研究整理,published,V1.0
V01_T0138,负空间,Negative Space,,V01,构图与取景 / 构图法则,负空间是画面中留出大面积空白让主体呼吸的构图法，突出主体与极简留白意境，强调孤独与空灵氛围。,大面积留白、主体呼吸、极简空灵。,用于极简留白、突出主体与空灵孤独氛围的构图。,构图;留白,,,构图;法则,互联网研究整理,published,V1.0
V01_T0139,对称构图,Symmetry,,V01,构图与取景 / 构图法则,对称构图是以中轴或水平线使画面两侧镜像对称的构图法，工整仪式感强，适合倒影与古典建筑。,镜像对称、工整仪式、倒影建筑。,用于中轴对称、倒影、古典建筑的工整构图。,构图;对称,,,构图;法则,互联网研究整理,published,V1.0
V01_T0140,三角构图,Triangular,,V01,构图与取景 / 构图法则,三角构图是使主体或三关键点构成三角形的构图法，底宽顶尖按向定稳动，适合群体或圣像稳定画面。,三角稳定、按向定稳动、庄严厚重。,用于三点构成三角的庄重稳定群体或圣像构图。,构图;稳定,,,构图;法则,互联网研究整理,published,V1.0
V01_T0141,重复韵律,Pattern Rhythm,,V01,构图与取景 / 构图法则,重复韵律是利用画面中重复出现的图案或阵列元素制造节奏感的构图法，吸引视线表现秩序阵列感。,重复图案、节奏感、阵列秩序。,用于重复元素制造节奏与阵列秩序感的构图。,构图;韵律,,,构图;法则,互联网研究整理,published,V1.0
V01_T0142,框中框,Frame in Frame,,V01,构图与取景 / 构图法则,框中框是前景与背景双双构成框架的层叠构图法，层层套框使纵深更丰富，主体在深层中被层层聚焦。,层层框架、纵深叠套、深层聚焦。,用于前后双双构成框架的层叠纵深构图。,构图;框中框,,,构图;法则,互联网研究整理,published,V1.0
V01_T0143,平视,Eye-Level,,V01,构图与取景 / 视角机位,平视角是与主体视线等高的机位，视角亲切自然无抑扬、不强迫权威，是纪实与普通人像的默认视角。,等高平视、亲切自然、无抑扬。,用于与主体视线等高的亲切自然纪实人像视角。,视角;平视,,,构图;视角,互联网研究整理,published,V1.0
V01_T0144,俯拍,High Angle,,V01,构图与取景 / 视角机位,俯拍是从高于主体处向下俯视的高机位，弱化主体气势生优越俯视感，适合表现渺小无助或上帝眼俯瞰。,向下弱化、俯视优越、主体渺小。,用于俯视弱化主体、表现渺小或俯瞰的高机位。,视角;俯视,,,构图;视角,互联网研究整理,published,V1.0
V01_T0145,仰拍,Low Angle,,V01,构图与取景 / 视角机位,仰拍是从低于主体处向上仰视的低机位，夸张主体高大威严气势，适合英雄纪念碑与压迫性高大意象。,向上仰视、夸大威严、气势雄强。,用于仰视夸大主体高大威严气势的低机位。,视角;仰视,,,构图;视角,互联网研究整理,published,V1.0
V01_T0146,鸟瞰,Bird's Eye,,V01,构图与取景 / 视角机位,鸟瞰是从极高处垂直向下俯瞰的高空机位，地面平面化图案化，适合地图式结构图形与抽象俯视。,垂直俯瞰、地面平面化、抽象图形。,用于高空垂直俯瞰、地平面图案化的抽象视角。,航拍;鸟瞰,,,构图;视角,互联网研究整理,published,V1.0
V01_T0147,蠕虫视角,Worm's Eye,,V01,构图与取景 / 视角机位,蠕虫视角是贴地向上的极低机位，使近地物体高大压迫且前景夸张，适合街头与微小事物放大表现。,贴地仰视、前景夸张、近物高大。,用于贴地夸张前景、放大微小事物的极低机位。,视角;低视,,,构图;视角,互联网研究整理,published,V1.0
V01_T0148,荷兰角,Dutch Angle,,V01,构图与取景 / 视角机位,倾斜地平线不安。,该机位/视角带来的视线与空间关系。,选用该机位营造对应视角。,构图;视角,,,构图;视角,互联网研究整理,published,V1.0
V01_T0149,第一人称视角,POV,,V01,构图与取景 / 视角机位,第一人称视角是以拍摄者或角色代入主体的视角，使身临其境沉浸代入感强，适合游戏与代入纪实画面。,主观代入、身临其境、亲临沉浸感。,用于主观代入、身临其境的POV视角画面。,视角;POV,,,构图;视角,互联网研究整理,published,V1.0
V01_T0150,过肩视角,Over-the-Shoulder,,V01,构图与取景 / 视角机位,过肩视角是从前景人物肩头越过拍向对方人物或主体的中近景视角，带前景肩部轮廓与对话亲临感，强化空间纵深与视线对应。,越肩前景、视线对应、纵深亲临。,用于对话场景建立亲临感与空间纵深的中近景视角。,构图;视角,,,构图;视角,互联网研究整理,published,V1.0
V01_T0151,大特写,Extreme Close-Up,,V01,构图与取景 / 景别,大特写是局部极致放大的最近景别，只呈现一眼一唇等极小局部，强化微观细节与情绪强度。,局部极致放大、微观细节、情绪强度。,用于局部极致放大、突出微观细节情绪的最近景别。,景别;大特写,,,构图;景别,互联网研究整理,published,V1.0
V01_T0152,特写,Close-Up,,V01,构图与取景 / 景别,特写是聚焦人物面部或物体局部的最近景别，剥离环境只表神情细节，适合表现情绪与质感微距。,聚焦局部、剥环境只表神情、情绪强。,用于聚焦面部或局部、突出情绪质感的景别。,景别;特写,,,构图;景别,互联网研究整理,published,V1.0
V01_T0153,近景,Medium Close-Up,,V01,构图与取景 / 景别,近景是聚焦人物胸部以上的景别，能看清神情与手势但少肢体，适合表情对话与半身肖像画面。,胸部以上表神情、手势可见、肖像半身。,用于看清神情与手势的胸部以上半身肖像画面。,景别;近景,,,构图;景别,互联网研究整理,published,V1.0
V01_T0154,中景,Medium Shot,,V01,构图与取景 / 景别,中景是聚焦人物腰部以上的景别，能交代姿态与少量环境是叙事主角景别，适合对话与动作画面。,腰部以上、姿态可见、叙事环境。,用于兼顾姿态与环境的腰部以上人物叙事景别。,景别;中景,,,构图;景别,互联网研究整理,published,V1.0
V01_T0155,全身,Full Shot,,V01,构图与取景 / 景别,全身是切齐人物完整的整体景别，能完整看清造型体态与服装细节，适合时装与造型全身展示。,完整人物、看全造型体态、服装全身展示。,用于完整呈现造型体态与服装的全身景别。,景别;全身,,,构图;景别,互联网研究整理,published,V1.0
V01_T0156,远景,Wide Shot,,V01,构图与取景 / 景别,远景是容纳人物与环境的全景别，人物较小环境较大，适合交代空间与场景关系的环境镜头。,环境优先、人物较小、交代空间。,用于交代人物与环境空间关系的环境画面景别。,景别;远景,,,构图;景别,互联网研究整理,published,V1.0
V01_T0157,大远景,Extreme Wide,,V01,构图与取景 / 景别,大远景是人物极小、环境极大的最大景别，强调壮阔自然与人景尺度对比，适合史诗宏大与高山大河。,人物极小、环境极壮、宏大尺度对比。,用于强调宏大尺度与史诗环境的大全景景别。,景别;大远景,,,构图;景别,互联网研究整理,published,V1.0
V01_T0158,人像,Portrait,,V01,拍摄题材 / 人物,人像是以刻画人物神情外貌与性格为目的的拍摄题材，重点在面部表情情绪与眼神交流，是摄影最经典题材。,表情情绪、眼神交流、面神为主。,用于刻画人物神情与情绪的肖像题材画面。,人像;肖像,,,题材;人物,互联网研究整理,published,V1.0
V01_T0159,环境人像,Environmental Portrait,,V01,拍摄题材 / 人物,环境人像是把人物置于其职业生活环境中的人像题材，环境与人物共同叙事表现其身份与状态。,人与环境共叙事、表现身份状态、环境补叙。,用于人物置于职业环境、共同表现身份的人像画面。,人像;环境,,,题材;人物,互联网研究整理,published,V1.0
V01_T0160,时尚大片,Fashion Editorial,,V01,拍摄题材 / 人物,时尚大片是以杂志造型与先锋审美为特征的时装人像题材，重点在造型姿势与前卫风格与镜头语言。,先锋造型、杂志审美、镜头语言锐利。,用于时尚杂志造型与先锋审美的时装画面。,时尚;时装,,,题材;人物,互联网研究整理,published,V1.0
V01_T0161,婚纱,Wedding,,V01,拍摄题材 / 人物,婚纱是以记录婚礼仪式与新人情感为特征的婚礼人像题材，重点在圣洁浪漫情感与仪式场景纪实凝固瞬间。,圣洁浪漫、仪式纪实、新人情感凝固。,用于记录婚礼仪式与新人情感瞬间的婚纱题材。,婚纱;婚礼,,,题材;人物,互联网研究整理,published,V1.0
V01_T0162,风光,Landscape,,V01,拍摄题材 / 风景,风光是以壮阔自然山川为拍摄对象的风景题材，重点在空间纵深、大气光影与时空美感的大场景。,壮阔自然、空间纵深、大气光影。,用于表现壮阔自然山川与大气光影的风景画面。,风光;风景,,,题材;风景,互联网研究整理,published,V1.0
V01_T0163,夜景,Night Cityscape,,V01,拍摄题材 / 风景,夜景是以城市夜间灯光霓虹为拍摄特征的城市题材，重点在人造光源、长曝光光轨与夜色反差氛围。,城市灯光、光轨长曝、夜色反差。,用于表现城市夜间灯光霓虹长曝光轨的夜景画面。,夜景;城市,,,题材;风景,互联网研究整理,published,V1.0
V01_T0164,天文银河,Astrophotography,,V01,拍摄题材 / 风景,天文银河是以夜空星空与银河为拍摄对象的天体题材，重点在星轨长曝与无光污染暗夜天空的宏大表现。,银河星轨、长曝车龙、暗夜天空。,用于表现银河星空与暗夜长曝的天体题材画面。,天文;星空,,,题材;风景,互联网研究整理,published,V1.0
V01_T0165,海景,Seascape,,V01,拍摄题材 / 风景,海景是以海岸线、海浪与海滩为拍摄对象的海水题材，重点在长曝雾化水流与潮汐时间感的浪拍海岸。,长曝雾化水流、海岸浪拍、潮汐时间感。,用于表现海岸长曝雾化水流与潮汐的海水画面。,海景;长曝,,,题材;风景,互联网研究整理,published,V1.0
V01_T0166,街拍,Street,,V01,拍摄题材 / 纪实,街拍是在城市街头捕捉日常决定性瞬间的纪实拍摄题材，重点在偶发瞬间与街头生活生动趣意。,决定性瞬间、街头偶发、生活生动。,用于在城市街头捕捉决定性瞬间生动的街拍题材。,街拍;纪实,,,题材;纪实,互联网研究整理,published,V1.0
V01_T0167,纪实,Documentary,,V01,拍摄题材 / 纪实,纪实是以真实记录人事现场与生活状态为目的的纪实拍摄题材，重点在真实事件与不干涉的生活现场感。,真实记录、不干涉现场、事件实感。,用于真实记录事件与生活现场状态的纪实画面。,纪实;现场,,,题材;纪实,互联网研究整理,published,V1.0
V01_T0168,新闻,Photojournalism,,V01,拍摄题材 / 纪实,新闻是以新闻现场与事件记录为特征的纪实拍摄题材，重点在一手现场信息与新闻决定性瞬间的及时传递。,新闻现场、一手感、信息及时。,用于新闻事件现场与信息记录及时的纪实摄影。,新闻;纪实,,,题材;纪实,互联网研究整理,published,V1.0
V01_T0169,微距,Macro,,V01,拍摄题材 / 自然,微距是以极近距离极致放大小物件的近摄题材，能显示肉眼不可见的微观细节，适合昆虫花蕊与微观纹理。,极致近摄、微观细节、肉眼不可见放大。,用于极近放大小物件、显示昆虫花蕊微纹的画面。,微距;近摄,,,题材;自然,互联网研究整理,published,V1.0
V01_T0170,野生动物,Wildlife,,V01,拍摄题材 / 自然,野生动物是以长焦远距离拍摄自由状态动物的自然题材，重点在自由行为与自然栖息状态与不打扰距离。,长焦远拍、自由行为、自然不打扰。,用于长焦远距拍摄自由状态野生动物的自然画面。,野生动物;长焦,,,题材;自然,互联网研究整理,published,V1.0
V01_T0171,生态,Nature,,V01,拍摄题材 / 自然,生态是以拍摄花鸟虫等自然生物与生境关系为目的的自然题材，重点在生境关系与生物的自然生机状态。,花鸟生境、自然有序、生物生机。,用于捕捉花鸟虫与生境关系的自然生态画面。,生态;自然,,,题材;自然,互联网研究整理,published,V1.0
V01_T0172,产品,Product,,V01,拍摄题材 / 商业,产品是以影室拍摄商业商品静物为题材的商业摄影，重点在质感表现与构图美感与干净背景无涉杂物。,影室静物、质感构图美、白底干净。,用于影室拍摄商业商品质感与构图的产品画面。,产品;静物,,,题材;商业,互联网研究整理,published,V1.0
V01_T0173,美食,Food,,V01,拍摄题材 / 商业,美食是以拍摄食物诱人质感与场景氛围为题材的商业摄影，重点在光泽质感与温度与色香呼唤食欲画面。,食物光泽、温色感、食欲诱人。,用于拍摄食物诱人质感与温度食欲的美食画面。,美食;商业,,,题材;商业,互联网研究整理,published,V1.0
V01_T0174,珠宝,Jewelry,,V01,拍摄题材 / 商业,珠宝是以极端高反光微距拍摄珠宝为特征的高反光商业题材，重点在高光反光与钻石火彩与净面闪光。,高反光光泽、钻石火彩、净面闪光。,用于高反光微距拍摄钻石金银火彩珠宝的画面。,珠宝;微距,,,题材;商业,互联网研究整理,published,V1.0
V01_T0175,建筑,Architecture,,V01,拍摄题材 / 空间,建筑是以拍摄建筑外观线条与几何构图的空间题材，重点在线条几何与透视与光影影响的几何表现。,建筑线条几何、透视影、几何正导。,用于拍摄建筑外观线条与几何构图的空间画面。,建筑;空间,,,题材;空间,互联网研究整理,published,V1.0
V01_T0176,室内,Interior,,V01,拍摄题材 / 空间,室内是以拍摄室内空间陈设与设计美感为特征的空间题材，重点在室内设计陈设与光线构图与空间纵深。,陈设设计、光线纵深、空间质感。,用于拍摄室内空间陈设与设计质感的空间画面。,室内;空间,,,题材;空间,互联网研究整理,published,V1.0
V01_T0177,航拍,Aerial Drone,,V01,拍摄题材 / 空间,航拍是以无人机高空俯瞰拍摄为角度的画面与空间题材，重点在空中俯视与宏大空间关系与地面图形化。,空中俯视、宏广关系、地面图形化。,用于无人机高空俯瞰宏观空间关系的画面。,航拍;俯瞰,,,题材;空间,互联网研究整理,published,V1.0
V01_T0178,柯达Portra,Kodak Portra,,V01,胶片与质感 / 胶片类型,暖调自然肤色细颗粒。,该胶片的色彩、颗粒与宽容度风格。,营造对应胶片质感时选用。,胶片;质感,,,胶片;质感,互联网研究整理,published,V1.0
V01_T0179,CineStill 800T,CineStill 800T,,V01,胶片与质感 / 胶片类型,钨调冷色红色光晕。,该胶片的色彩、颗粒与宽容度风格。,营造对应胶片质感时选用。,胶片;质感,,,胶片;质感,互联网研究整理,published,V1.0
V01_T0180,富士经典铬,Fuji Classic Chrome,,V01,胶片与质感 / 胶片类型,青绿低饱和纪实。,该胶片的色彩、颗粒与宽容度风格。,营造对应胶片质感时选用。,胶片;质感,,,胶片;质感,互联网研究整理,published,V1.0
V01_T0181,富士Velvia,Fuji Velvia,,V01,胶片与质感 / 胶片类型,高饱和风光反转片。,该胶片的色彩、颗粒与宽容度风格。,营造对应胶片质感时选用。,胶片;质感,,,胶片;质感,互联网研究整理,published,V1.0
V01_T0182,柯达Ektar,Kodak Ektar,,V01,胶片与质感 / 胶片类型,柯达Ektar是柯达的高饱和细腻彩色负片型号，画质细腻色彩鲜艳，适合风光与高饱和色彩胶片感画面。,高饱色彩、画质细腻、鲜艳。,用于追求高饱和鲜艳与细腻画质的风光胶片感画面。,胶片;柯达,,,胶片;质感,互联网研究整理,published,V1.0
V01_T0183,黑白胶片,B&W Film,,V01,胶片与质感 / 胶片类型,Ilford颗粒单色。,该胶片的色彩、颗粒与宽容度风格。,营造对应胶片质感时选用。,胶片;质感,,,胶片;质感,互联网研究整理,published,V1.0
V01_T0184,过期胶片,Expired Film,,V01,胶片与质感 / 胶片类型,使用胶卷感光的传统胶片相机。,该胶片的色彩、颗粒与宽容度风格。,营造对应胶片质感时选用。,胶片;质感,,,胶片;质感,互联网研究整理,published,V1.0
V01_T0185,胶片颗粒,Film Grain,,V01,胶片与质感 / 质感效果,使用胶卷感光的传统胶片相机。,该质感处理带来的画面肌理与氛围。,为画面叠加该质感效果。,质感;氛围,,,胶片;质感,互联网研究整理,published,V1.0
V01_T0186,漏光,Light Leaks,,V01,胶片与质感 / 质感效果,漏光是胶片漏光形成的暖色条纹与光晕的胶片瑕疵效果，意外但增复古意境，常被有意保留作怀旧氛围。,暖色漏光条纹、复古光晕、怀旧瑕疵美。,用于制造胶片漏光暖色条纹与复古怀旧氛围的画面效果。,胶片;复古,,,胶片;质感,互联网研究整理,published,V1.0
V01_T0187,黑白单色,Monochrome,,V01,胶片与质感 / 质感效果,黑白单色是去除色相只留明暗灰影调的色彩处理，突出明暗与构图纯净感，适合纪实人像与古典光影。,去色灰调、明暗纯净、古典影调。,用于去除色相、强调明暗影调与构图纯净的单色画面。,黑白;单色,,,胶片;质感,互联网研究整理,published,V1.0
V01_T0188,褪色复古,Faded Vintage,,V01,胶片与质感 / 质感效果,褪色复古是降低饱和与偏黄褪色模拟老旧胶片发色的质感效果，重点在低饱与发黄与年代感怀旧氛围。,低饱褪色、偏黄发旧、年代怀旧。,用于制造低饱和偏黄褪色的复古年代感画面效果。,复古;胶片,,,胶片;质感,互联网研究整理,published,V1.0
V06_T0001,1800K,1800K Color Temp,,V06,光度与照度 / 色温,1800K，烛光极暖。,极暖橙红、烛光氛围、阴影深沉。,用于烛光、火光、日出前极暖画面。,烛光;火光;暖调氛围,,,色彩;色温,互联网研究整理,published,V1.0
V06_T0002,2200K,2200K Color Temp,,V06,光度与照度 / 色温,2200K，落日暖橙。,暖橙、老式白炽灯泡感、温馨。,营造老式灯泡、暖黄室内氛围。,室内;暖光,,,色彩;色温,互联网研究整理,published,V1.0
V06_T0003,2700K,2700K Color Temp,,V06,光度与照度 / 色温,2700K，暖白居家。,暖白偏黄、居家舒适柔和。,家居暖白光、温馨人像打光。,居家;人像,,,色彩;色温,互联网研究整理,published,V1.0
V06_T0004,3200K,3200K Color Temp,,V06,光度与照度 / 色温,3200K，钨丝灯暖。,暖白、钨丝灯/影棚暖调。,钨丝灯、传统影棚暖光基准。,影棚;室内,,,色彩;色温,互联网研究整理,published,V1.0
V06_T0005,4000K,4000K Color Temp,,V06,光度与照度 / 色温,4000K，中性暖白。,中性偏暖白、自然柔和。,办公/商业空间自然白光。,商业空间;产品,,,色彩;色温,互联网研究整理,published,V1.0
V06_T0006,5000K,5000K Color Temp,,V06,光度与照度 / 色温,5000K，标准白。,中性白、接近正午日光。,标准白平衡、还原真实色彩。,纪实;产品,,,色彩;色温,互联网研究整理,published,V1.0
V06_T0007,5500K,5500K Color Temp,,V06,光度与照度 / 色温,5500K，正午日光。,标准日光白、清爽通透。,日光基准、户外正午光线。,户外;日光,,,色彩;色温,互联网研究整理,published,V1.0
V06_T0008,6500K,6500K Color Temp,,V06,光度与照度 / 色温,6500K，标准冷白。,标准冷白(D65)、屏幕白点感。,显示器/印刷标准白点、阴天。,显示器;阴天,,,色彩;色温,互联网研究整理,published,V1.0
V06_T0009,7500K,7500K Color Temp,,V06,光度与照度 / 色温,7500K，阴天蓝。,偏冷蓝白、阴影/阴天调。,阴天、背阴处的冷调表现。,阴天;冷调,,,色彩;色温,互联网研究整理,published,V1.0
V06_T0010,10000K,10000K Color Temp,,V06,光度与照度 / 色温,10000K，极冷蓝调。,强冷蓝、雪原/高海拔天空。,极冷蓝调、寒冷或科技氛围。,寒冷;科技感,,,色彩;色温,互联网研究整理,published,V1.0
V06_T0011,红色,Pure Red,,V06,色彩体系 / 红色系,红色，具体取色。,纯正的红调、标准色相。,表现纯正红调时使用。,氛围;主体,,,色彩;颜色,互联网研究整理,published,V1.0
V06_T0012,深红色,Deep Red,,V06,色彩体系 / 红色系,深红色，具体取色。,深沉浓郁的红调、低明度、厚重。,表现深沉厚重红调时使用。,氛围;主体,,,色彩;颜色,互联网研究整理,published,V1.0
V06_T0013,浅红色,Light Red,,V06,色彩体系 / 红色系,浅红色，具体取色。,明亮柔和的红调、高明度、清淡。,表现清淡柔和红调时使用。,氛围;主体,,,色彩;颜色,互联网研究整理,published,V1.0
V06_T0014,暗红色,Dark Red,,V06,色彩体系 / 红色系,暗红色，具体取色。,暗沉低调的红调、低明度、内敛。,表现暗沉内敛红调时使用。,氛围;主体,,,色彩;颜色,互联网研究整理,published,V1.0
V06_T0015,亮红色,Bright Red,,V06,色彩体系 / 红色系,亮红色，具体取色。,鲜艳明亮的红调、高饱和、抢眼。,表现鲜艳抢眼红调时使用。,氛围;主体,,,色彩;颜色,互联网研究整理,published,V1.0
V06_T0016,柔红色,Soft Red,,V06,色彩体系 / 红色系,柔红色，具体取色。,柔和的红调、降饱和、温和。,表现柔和温和红调时使用。,氛围;主体,,,色彩;颜色,互联网研究整理,published,V1.0
V06_T0017,浓红色,Rich Red,,V06,色彩体系 / 红色系,浓红色，具体取色。,浓烈饱满的红调、高饱和、浓郁。,表现浓烈饱满红调时使用。,氛围;主体,,,色彩;颜色,互联网研究整理,published,V1.0
V06_T0018,灰红色,Muted Red,,V06,色彩体系 / 红色系,灰红色，具体取色。,带灰调的红调、低饱和、显高级。,表现灰调高级红调时使用。,氛围;主体,,,色彩;颜色,互联网研究整理,published,V1.0
V06_T0019,淡红色,Pale Red,,V06,色彩体系 / 红色系,淡红色，具体取色。,清浅的红调、高明度、淡雅。,表现清浅淡雅红调时使用。,氛围;主体,,,色彩;颜色,互联网研究整理,published,V1.0
V06_T0020,橙色,Pure Orange,,V06,色彩体系 / 橙色系,橙色，具体取色。,纯正的橙调、标准色相。,表现纯正橙调时使用。,活力;暖调,,,色彩;颜色,互联网研究整理,published,V1.0
V06_T0021,深橙色,Deep Orange,,V06,色彩体系 / 橙色系,深橙色，具体取色。,深沉浓郁的橙调、低明度、厚重。,表现深沉厚重橙调时使用。,活力;暖调,,,色彩;颜色,互联网研究整理,published,V1.0
V06_T0022,浅橙色,Light Orange,,V06,色彩体系 / 橙色系,浅橙色，具体取色。,明亮柔和的橙调、高明度、清淡。,表现清淡柔和橙调时使用。,活力;暖调,,,色彩;颜色,互联网研究整理,published,V1.0
V06_T0023,暗橙色,Dark Orange,,V06,色彩体系 / 橙色系,暗橙色，具体取色。,暗沉低调的橙调、低明度、内敛。,表现暗沉内敛橙调时使用。,活力;暖调,,,色彩;颜色,互联网研究整理,published,V1.0
V06_T0024,亮橙色,Bright Orange,,V06,色彩体系 / 橙色系,亮橙色，具体取色。,鲜艳明亮的橙调、高饱和、抢眼。,表现鲜艳抢眼橙调时使用。,活力;暖调,,,色彩;颜色,互联网研究整理,published,V1.0
V06_T0025,柔橙色,Soft Orange,,V06,色彩体系 / 橙色系,柔橙色，具体取色。,柔和的橙调、降饱和、温和。,表现柔和温和橙调时使用。,活力;暖调,,,色彩;颜色,互联网研究整理,published,V1.0
V06_T0026,浓橙色,Rich Orange,,V06,色彩体系 / 橙色系,浓橙色，具体取色。,浓烈饱满的橙调、高饱和、浓郁。,表现浓烈饱满橙调时使用。,活力;暖调,,,色彩;颜色,互联网研究整理,published,V1.0
V06_T0027,灰橙色,Muted Orange,,V06,色彩体系 / 橙色系,灰橙色，具体取色。,带灰调的橙调、低饱和、显高级。,表现灰调高级橙调时使用。,活力;暖调,,,色彩;颜色,互联网研究整理,published,V1.0
V06_T0028,淡橙色,Pale Orange,,V06,色彩体系 / 橙色系,淡橙色，具体取色。,清浅的橙调、高明度、淡雅。,表现清浅淡雅橙调时使用。,活力;暖调,,,色彩;颜色,互联网研究整理,published,V1.0
V06_T0029,黄色,Pure Yellow,,V06,色彩体系 / 黄色系,黄色，具体取色。,纯正的黄调、标准色相。,表现纯正黄调时使用。,明快;暖调,,,色彩;颜色,互联网研究整理,published,V1.0
V06_T0030,深黄色,Deep Yellow,,V06,色彩体系 / 黄色系,深黄色，具体取色。,深沉浓郁的黄调、低明度、厚重。,表现深沉厚重黄调时使用。,明快;暖调,,,色彩;颜色,互联网研究整理,published,V1.0
V06_T0031,浅黄色,Light Yellow,,V06,色彩体系 / 黄色系,浅黄色，具体取色。,明亮柔和的黄调、高明度、清淡。,表现清淡柔和黄调时使用。,明快;暖调,,,色彩;颜色,互联网研究整理,published,V1.0
V06_T0032,暗黄色,Dark Yellow,,V06,色彩体系 / 黄色系,暗黄色，具体取色。,暗沉低调的黄调、低明度、内敛。,表现暗沉内敛黄调时使用。,明快;暖调,,,色彩;颜色,互联网研究整理,published,V1.0
V06_T0033,亮黄色,Bright Yellow,,V06,色彩体系 / 黄色系,亮黄色，具体取色。,鲜艳明亮的黄调、高饱和、抢眼。,表现鲜艳抢眼黄调时使用。,明快;暖调,,,色彩;颜色,互联网研究整理,published,V1.0
V06_T0034,柔黄色,Soft Yellow,,V06,色彩体系 / 黄色系,柔黄色，具体取色。,柔和的黄调、降饱和、温和。,表现柔和温和黄调时使用。,明快;暖调,,,色彩;颜色,互联网研究整理,published,V1.0
V06_T0035,浓黄色,Rich Yellow,,V06,色彩体系 / 黄色系,浓黄色，具体取色。,浓烈饱满的黄调、高饱和、浓郁。,表现浓烈饱满黄调时使用。,明快;暖调,,,色彩;颜色,互联网研究整理,published,V1.0
V06_T0036,灰黄色,Muted Yellow,,V06,色彩体系 / 黄色系,灰黄色，具体取色。,带灰调的黄调、低饱和、显高级。,表现灰调高级黄调时使用。,明快;暖调,,,色彩;颜色,互联网研究整理,published,V1.0
V06_T0037,淡黄色,Pale Yellow,,V06,色彩体系 / 黄色系,淡黄色，具体取色。,清浅的黄调、高明度、淡雅。,表现清浅淡雅黄调时使用。,明快;暖调,,,色彩;颜色,互联网研究整理,published,V1.0
V06_T0038,黄绿色,Pure Chartreuse,,V06,色彩体系 / 黄绿系,黄绿色，具体取色。,纯正的黄绿调、标准色相。,表现纯正黄绿调时使用。,清新;自然,,,色彩;颜色,互联网研究整理,published,V1.0
V06_T0039,深黄绿色,Deep Chartreuse,,V06,色彩体系 / 黄绿系,深黄绿色，具体取色。,深沉浓郁的黄绿调、低明度、厚重。,表现深沉厚重黄绿调时使用。,清新;自然,,,色彩;颜色,互联网研究整理,published,V1.0
V06_T0040,浅黄绿色,Light Chartreuse,,V06,色彩体系 / 黄绿系,浅黄绿色，具体取色。,明亮柔和的黄绿调、高明度、清淡。,表现清淡柔和黄绿调时使用。,清新;自然,,,色彩;颜色,互联网研究整理,published,V1.0
V06_T0041,暗黄绿色,Dark Chartreuse,,V06,色彩体系 / 黄绿系,暗黄绿色，具体取色。,暗沉低调的黄绿调、低明度、内敛。,表现暗沉内敛黄绿调时使用。,清新;自然,,,色彩;颜色,互联网研究整理,published,V1.0
V06_T0042,亮黄绿色,Bright Chartreuse,,V06,色彩体系 / 黄绿系,亮黄绿色，具体取色。,鲜艳明亮的黄绿调、高饱和、抢眼。,表现鲜艳抢眼黄绿调时使用。,清新;自然,,,色彩;颜色,互联网研究整理,published,V1.0
V06_T0043,柔黄绿色,Soft Chartreuse,,V06,色彩体系 / 黄绿系,柔黄绿色，具体取色。,柔和的黄绿调、降饱和、温和。,表现柔和温和黄绿调时使用。,清新;自然,,,色彩;颜色,互联网研究整理,published,V1.0
V06_T0044,浓黄绿色,Rich Chartreuse,,V06,色彩体系 / 黄绿系,浓黄绿色，具体取色。,浓烈饱满的黄绿调、高饱和、浓郁。,表现浓烈饱满黄绿调时使用。,清新;自然,,,色彩;颜色,互联网研究整理,published,V1.0
V06_T0045,灰黄绿色,Muted Chartreuse,,V06,色彩体系 / 黄绿系,灰黄绿色，具体取色。,带灰调的黄绿调、低饱和、显高级。,表现灰调高级黄绿调时使用。,清新;自然,,,色彩;颜色,互联网研究整理,published,V1.0
V06_T0046,淡黄绿色,Pale Chartreuse,,V06,色彩体系 / 黄绿系,淡黄绿色，具体取色。,清浅的黄绿调、高明度、淡雅。,表现清浅淡雅黄绿调时使用。,清新;自然,,,色彩;颜色,互联网研究整理,published,V1.0
V06_T0047,绿色,Pure Green,,V06,色彩体系 / 绿色系,绿色，具体取色。,纯正的绿调、标准色相。,表现纯正绿调时使用。,自然;清新,,,色彩;颜色,互联网研究整理,published,V1.0
V06_T0048,深绿色,Deep Green,,V06,色彩体系 / 绿色系,深绿色，具体取色。,深沉浓郁的绿调、低明度、厚重。,表现深沉厚重绿调时使用。,自然;清新,,,色彩;颜色,互联网研究整理,published,V1.0
V06_T0049,浅绿色,Light Green,,V06,色彩体系 / 绿色系,浅绿色，具体取色。,明亮柔和的绿调、高明度、清淡。,表现清淡柔和绿调时使用。,自然;清新,,,色彩;颜色,互联网研究整理,published,V1.0
V06_T0050,暗绿色,Dark Green,,V06,色彩体系 / 绿色系,暗绿色，具体取色。,暗沉低调的绿调、低明度、内敛。,表现暗沉内敛绿调时使用。,自然;清新,,,色彩;颜色,互联网研究整理,published,V1.0
V06_T0051,亮绿色,Bright Green,,V06,色彩体系 / 绿色系,亮绿色，具体取色。,鲜艳明亮的绿调、高饱和、抢眼。,表现鲜艳抢眼绿调时使用。,自然;清新,,,色彩;颜色,互联网研究整理,published,V1.0
V06_T0052,柔绿色,Soft Green,,V06,色彩体系 / 绿色系,柔绿色，具体取色。,柔和的绿调、降饱和、温和。,表现柔和温和绿调时使用。,自然;清新,,,色彩;颜色,互联网研究整理,published,V1.0
V06_T0053,浓绿色,Rich Green,,V06,色彩体系 / 绿色系,浓绿色，具体取色。,浓烈饱满的绿调、高饱和、浓郁。,表现浓烈饱满绿调时使用。,自然;清新,,,色彩;颜色,互联网研究整理,published,V1.0
V06_T0054,灰绿色,Muted Green,,V06,色彩体系 / 绿色系,灰绿色，具体取色。,带灰调的绿调、低饱和、显高级。,表现灰调高级绿调时使用。,自然;清新,,,色彩;颜色,互联网研究整理,published,V1.0
V06_T0055,淡绿色,Pale Green,,V06,色彩体系 / 绿色系,淡绿色，具体取色。,清浅的绿调、高明度、淡雅。,表现清浅淡雅绿调时使用。,自然;清新,,,色彩;颜色,互联网研究整理,published,V1.0
V06_T0056,青绿色,Pure Teal,,V06,色彩体系 / 青绿系,青绿色，具体取色。,纯正的青绿调、标准色相。,表现纯正青绿调时使用。,清爽;自然,,,色彩;颜色,互联网研究整理,published,V1.0
V06_T0057,深青绿色,Deep Teal,,V06,色彩体系 / 青绿系,深青绿色，具体取色。,深沉浓郁的青绿调、低明度、厚重。,表现深沉厚重青绿调时使用。,清爽;自然,,,色彩;颜色,互联网研究整理,published,V1.0
V06_T0058,浅青绿色,Light Teal,,V06,色彩体系 / 青绿系,浅青绿色，具体取色。,明亮柔和的青绿调、高明度、清淡。,表现清淡柔和青绿调时使用。,清爽;自然,,,色彩;颜色,互联网研究整理,published,V1.0
V06_T0059,暗青绿色,Dark Teal,,V06,色彩体系 / 青绿系,暗青绿色，具体取色。,暗沉低调的青绿调、低明度、内敛。,表现暗沉内敛青绿调时使用。,清爽;自然,,,色彩;颜色,互联网研究整理,published,V1.0
V06_T0060,亮青绿色,Bright Teal,,V06,色彩体系 / 青绿系,亮青绿色，具体取色。,鲜艳明亮的青绿调、高饱和、抢眼。,表现鲜艳抢眼青绿调时使用。,清爽;自然,,,色彩;颜色,互联网研究整理,published,V1.0
V06_T0061,柔青绿色,Soft Teal,,V06,色彩体系 / 青绿系,柔青绿色，具体取色。,柔和的青绿调、降饱和、温和。,表现柔和温和青绿调时使用。,清爽;自然,,,色彩;颜色,互联网研究整理,published,V1.0
V06_T0062,浓青绿色,Rich Teal,,V06,色彩体系 / 青绿系,浓青绿色，具体取色。,浓烈饱满的青绿调、高饱和、浓郁。,表现浓烈饱满青绿调时使用。,清爽;自然,,,色彩;颜色,互联网研究整理,published,V1.0
V06_T0063,灰青绿色,Muted Teal,,V06,色彩体系 / 青绿系,灰青绿色，具体取色。,带灰调的青绿调、低饱和、显高级。,表现灰调高级青绿调时使用。,清爽;自然,,,色彩;颜色,互联网研究整理,published,V1.0
V06_T0064,淡青绿色,Pale Teal,,V06,色彩体系 / 青绿系,淡青绿色，具体取色。,清浅的青绿调、高明度、淡雅。,表现清浅淡雅青绿调时使用。,清爽;自然,,,色彩;颜色,互联网研究整理,published,V1.0
V06_T0065,青色,Pure Cyan,,V06,色彩体系 / 青色系,青色，具体取色。,纯正的青调、标准色相。,表现纯正青调时使用。,清凉;科技,,,色彩;颜色,互联网研究整理,published,V1.0
V06_T0066,深青色,Deep Cyan,,V06,色彩体系 / 青色系,深青色，具体取色。,深沉浓郁的青调、低明度、厚重。,表现深沉厚重青调时使用。,清凉;科技,,,色彩;颜色,互联网研究整理,published,V1.0
V06_T0067,浅青色,Light Cyan,,V06,色彩体系 / 青色系,浅青色，具体取色。,明亮柔和的青调、高明度、清淡。,表现清淡柔和青调时使用。,清凉;科技,,,色彩;颜色,互联网研究整理,published,V1.0
V06_T0068,暗青色,Dark Cyan,,V06,色彩体系 / 青色系,暗青色，具体取色。,暗沉低调的青调、低明度、内敛。,表现暗沉内敛青调时使用。,清凉;科技,,,色彩;颜色,互联网研究整理,published,V1.0
V06_T0069,亮青色,Bright Cyan,,V06,色彩体系 / 青色系,亮青色，具体取色。,鲜艳明亮的青调、高饱和、抢眼。,表现鲜艳抢眼青调时使用。,清凉;科技,,,色彩;颜色,互联网研究整理,published,V1.0
V06_T0070,柔青色,Soft Cyan,,V06,色彩体系 / 青色系,柔青色，具体取色。,柔和的青调、降饱和、温和。,表现柔和温和青调时使用。,清凉;科技,,,色彩;颜色,互联网研究整理,published,V1.0
V06_T0071,浓青色,Rich Cyan,,V06,色彩体系 / 青色系,浓青色，具体取色。,浓烈饱满的青调、高饱和、浓郁。,表现浓烈饱满青调时使用。,清凉;科技,,,色彩;颜色,互联网研究整理,published,V1.0
V06_T0072,灰青色,Muted Cyan,,V06,色彩体系 / 青色系,灰青色，具体取色。,带灰调的青调、低饱和、显高级。,表现灰调高级青调时使用。,清凉;科技,,,色彩;颜色,互联网研究整理,published,V1.0
V06_T0073,淡青色,Pale Cyan,,V06,色彩体系 / 青色系,淡青色，具体取色。,清浅的青调、高明度、淡雅。,表现清浅淡雅青调时使用。,清凉;科技,,,色彩;颜色,互联网研究整理,published,V1.0
V06_T0074,蓝色,Pure Blue,,V06,色彩体系 / 蓝色系,蓝色，具体取色。,纯正的蓝调、标准色相。,表现纯正蓝调时使用。,科技;冷静,,,色彩;颜色,互联网研究整理,published,V1.0
V06_T0075,深蓝色,Deep Blue,,V06,色彩体系 / 蓝色系,深蓝色，具体取色。,深沉浓郁的蓝调、低明度、厚重。,表现深沉厚重蓝调时使用。,科技;冷静,,,色彩;颜色,互联网研究整理,published,V1.0
V06_T0076,浅蓝色,Light Blue,,V06,色彩体系 / 蓝色系,浅蓝色，具体取色。,明亮柔和的蓝调、高明度、清淡。,表现清淡柔和蓝调时使用。,科技;冷静,,,色彩;颜色,互联网研究整理,published,V1.0
V06_T0077,暗蓝色,Dark Blue,,V06,色彩体系 / 蓝色系,暗蓝色，具体取色。,暗沉低调的蓝调、低明度、内敛。,表现暗沉内敛蓝调时使用。,科技;冷静,,,色彩;颜色,互联网研究整理,published,V1.0
V06_T0078,亮蓝色,Bright Blue,,V06,色彩体系 / 蓝色系,亮蓝色，具体取色。,鲜艳明亮的蓝调、高饱和、抢眼。,表现鲜艳抢眼蓝调时使用。,科技;冷静,,,色彩;颜色,互联网研究整理,published,V1.0
V06_T0079,柔蓝色,Soft Blue,,V06,色彩体系 / 蓝色系,柔蓝色，具体取色。,柔和的蓝调、降饱和、温和。,表现柔和温和蓝调时使用。,科技;冷静,,,色彩;颜色,互联网研究整理,published,V1.0
V06_T0080,浓蓝色,Rich Blue,,V06,色彩体系 / 蓝色系,浓蓝色，具体取色。,浓烈饱满的蓝调、高饱和、浓郁。,表现浓烈饱满蓝调时使用。,科技;冷静,,,色彩;颜色,互联网研究整理,published,V1.0
V06_T0081,灰蓝色,Muted Blue,,V06,色彩体系 / 蓝色系,灰蓝色，具体取色。,带灰调的蓝调、低饱和、显高级。,表现灰调高级蓝调时使用。,科技;冷静,,,色彩;颜色,互联网研究整理,published,V1.0
V06_T0082,淡蓝色,Pale Blue,,V06,色彩体系 / 蓝色系,淡蓝色，具体取色。,清浅的蓝调、高明度、淡雅。,表现清浅淡雅蓝调时使用。,科技;冷静,,,色彩;颜色,互联网研究整理,published,V1.0
V06_T0083,靛蓝色,Pure Indigo,,V06,色彩体系 / 靛蓝系,靛蓝色，具体取色。,纯正的靛蓝调、标准色相。,表现纯正靛蓝调时使用。,深邃;冷调,,,色彩;颜色,互联网研究整理,published,V1.0
V06_T0084,深靛蓝色,Deep Indigo,,V06,色彩体系 / 靛蓝系,深靛蓝色，具体取色。,深沉浓郁的靛蓝调、低明度、厚重。,表现深沉厚重靛蓝调时使用。,深邃;冷调,,,色彩;颜色,互联网研究整理,published,V1.0
V06_T0085,浅靛蓝色,Light Indigo,,V06,色彩体系 / 靛蓝系,浅靛蓝色，具体取色。,明亮柔和的靛蓝调、高明度、清淡。,表现清淡柔和靛蓝调时使用。,深邃;冷调,,,色彩;颜色,互联网研究整理,published,V1.0
V06_T0086,暗靛蓝色,Dark Indigo,,V06,色彩体系 / 靛蓝系,暗靛蓝色，具体取色。,暗沉低调的靛蓝调、低明度、内敛。,表现暗沉内敛靛蓝调时使用。,深邃;冷调,,,色彩;颜色,互联网研究整理,published,V1.0
V06_T0087,亮靛蓝色,Bright Indigo,,V06,色彩体系 / 靛蓝系,亮靛蓝色，具体取色。,鲜艳明亮的靛蓝调、高饱和、抢眼。,表现鲜艳抢眼靛蓝调时使用。,深邃;冷调,,,色彩;颜色,互联网研究整理,published,V1.0
V06_T0088,柔靛蓝色,Soft Indigo,,V06,色彩体系 / 靛蓝系,柔靛蓝色，具体取色。,柔和的靛蓝调、降饱和、温和。,表现柔和温和靛蓝调时使用。,深邃;冷调,,,色彩;颜色,互联网研究整理,published,V1.0
V06_T0089,浓靛蓝色,Rich Indigo,,V06,色彩体系 / 靛蓝系,浓靛蓝色，具体取色。,浓烈饱满的靛蓝调、高饱和、浓郁。,表现浓烈饱满靛蓝调时使用。,深邃;冷调,,,色彩;颜色,互联网研究整理,published,V1.0
V06_T0090,灰靛蓝色,Muted Indigo,,V06,色彩体系 / 靛蓝系,灰靛蓝色，具体取色。,带灰调的靛蓝调、低饱和、显高级。,表现灰调高级靛蓝调时使用。,深邃;冷调,,,色彩;颜色,互联网研究整理,published,V1.0
V06_T0091,淡靛蓝色,Pale Indigo,,V06,色彩体系 / 靛蓝系,淡靛蓝色，具体取色。,清浅的靛蓝调、高明度、淡雅。,表现清浅淡雅靛蓝调时使用。,深邃;冷调,,,色彩;颜色,互联网研究整理,published,V1.0
V06_T0092,紫色,Pure Purple,,V06,色彩体系 / 紫色系,紫色，具体取色。,纯正的紫调、标准色相。,表现纯正紫调时使用。,神秘;浪漫,,,色彩;颜色,互联网研究整理,published,V1.0
V06_T0093,深紫色,Deep Purple,,V06,色彩体系 / 紫色系,深紫色，具体取色。,深沉浓郁的紫调、低明度、厚重。,表现深沉厚重紫调时使用。,神秘;浪漫,,,色彩;颜色,互联网研究整理,published,V1.0
V06_T0094,浅紫色,Light Purple,,V06,色彩体系 / 紫色系,浅紫色，具体取色。,明亮柔和的紫调、高明度、清淡。,表现清淡柔和紫调时使用。,神秘;浪漫,,,色彩;颜色,互联网研究整理,published,V1.0
V06_T0095,暗紫色,Dark Purple,,V06,色彩体系 / 紫色系,暗紫色，具体取色。,暗沉低调的紫调、低明度、内敛。,表现暗沉内敛紫调时使用。,神秘;浪漫,,,色彩;颜色,互联网研究整理,published,V1.0
V06_T0096,亮紫色,Bright Purple,,V06,色彩体系 / 紫色系,亮紫色，具体取色。,鲜艳明亮的紫调、高饱和、抢眼。,表现鲜艳抢眼紫调时使用。,神秘;浪漫,,,色彩;颜色,互联网研究整理,published,V1.0
V06_T0097,柔紫色,Soft Purple,,V06,色彩体系 / 紫色系,柔紫色，具体取色。,柔和的紫调、降饱和、温和。,表现柔和温和紫调时使用。,神秘;浪漫,,,色彩;颜色,互联网研究整理,published,V1.0
V06_T0098,浓紫色,Rich Purple,,V06,色彩体系 / 紫色系,浓紫色，具体取色。,浓烈饱满的紫调、高饱和、浓郁。,表现浓烈饱满紫调时使用。,神秘;浪漫,,,色彩;颜色,互联网研究整理,published,V1.0
V06_T0099,灰紫色,Muted Purple,,V06,色彩体系 / 紫色系,灰紫色，具体取色。,带灰调的紫调、低饱和、显高级。,表现灰调高级紫调时使用。,神秘;浪漫,,,色彩;颜色,互联网研究整理,published,V1.0
V06_T0100,淡紫色,Pale Purple,,V06,色彩体系 / 紫色系,淡紫色，具体取色。,清浅的紫调、高明度、淡雅。,表现清浅淡雅紫调时使用。,神秘;浪漫,,,色彩;颜色,互联网研究整理,published,V1.0
V06_T0101,品红色,Pure Magenta,,V06,色彩体系 / 品红系,品红色，具体取色。,纯正的品红调、标准色相。,表现纯正品红调时使用。,时尚;醒目,,,色彩;颜色,互联网研究整理,published,V1.0
V06_T0102,深品红色,Deep Magenta,,V06,色彩体系 / 品红系,深品红色，具体取色。,深沉浓郁的品红调、低明度、厚重。,表现深沉厚重品红调时使用。,时尚;醒目,,,色彩;颜色,互联网研究整理,published,V1.0
V06_T0103,浅品红色,Light Magenta,,V06,色彩体系 / 品红系,浅品红色，具体取色。,明亮柔和的品红调、高明度、清淡。,表现清淡柔和品红调时使用。,时尚;醒目,,,色彩;颜色,互联网研究整理,published,V1.0
V06_T0104,暗品红色,Dark Magenta,,V06,色彩体系 / 品红系,暗品红色，具体取色。,暗沉低调的品红调、低明度、内敛。,表现暗沉内敛品红调时使用。,时尚;醒目,,,色彩;颜色,互联网研究整理,published,V1.0
V06_T0105,亮品红色,Bright Magenta,,V06,色彩体系 / 品红系,亮品红色，具体取色。,鲜艳明亮的品红调、高饱和、抢眼。,表现鲜艳抢眼品红调时使用。,时尚;醒目,,,色彩;颜色,互联网研究整理,published,V1.0
V06_T0106,柔品红色,Soft Magenta,,V06,色彩体系 / 品红系,柔品红色，具体取色。,柔和的品红调、降饱和、温和。,表现柔和温和品红调时使用。,时尚;醒目,,,色彩;颜色,互联网研究整理,published,V1.0
V06_T0107,浓品红色,Rich Magenta,,V06,色彩体系 / 品红系,浓品红色，具体取色。,浓烈饱满的品红调、高饱和、浓郁。,表现浓烈饱满品红调时使用。,时尚;醒目,,,色彩;颜色,互联网研究整理,published,V1.0
V06_T0108,灰品红色,Muted Magenta,,V06,色彩体系 / 品红系,灰品红色，具体取色。,带灰调的品红调、低饱和、显高级。,表现灰调高级品红调时使用。,时尚;醒目,,,色彩;颜色,互联网研究整理,published,V1.0
V06_T0109,淡品红色,Pale Magenta,,V06,色彩体系 / 品红系,淡品红色，具体取色。,清浅的品红调、高明度、淡雅。,表现清浅淡雅品红调时使用。,时尚;醒目,,,色彩;颜色,互联网研究整理,published,V1.0
V06_T0110,粉色,Pure Pink,,V06,色彩体系 / 粉色系,粉色，具体取色。,纯正的粉调、标准色相。,表现纯正粉调时使用。,甜美;柔和,,,色彩;颜色,互联网研究整理,published,V1.0
V06_T0111,深粉色,Deep Pink,,V06,色彩体系 / 粉色系,深粉色，具体取色。,深沉浓郁的粉调、低明度、厚重。,表现深沉厚重粉调时使用。,甜美;柔和,,,色彩;颜色,互联网研究整理,published,V1.0
V06_T0112,浅粉色,Light Pink,,V06,色彩体系 / 粉色系,浅粉色，具体取色。,明亮柔和的粉调、高明度、清淡。,表现清淡柔和粉调时使用。,甜美;柔和,,,色彩;颜色,互联网研究整理,published,V1.0
V06_T0113,暗粉色,Dark Pink,,V06,色彩体系 / 粉色系,暗粉色，具体取色。,暗沉低调的粉调、低明度、内敛。,表现暗沉内敛粉调时使用。,甜美;柔和,,,色彩;颜色,互联网研究整理,published,V1.0
V06_T0114,亮粉色,Bright Pink,,V06,色彩体系 / 粉色系,亮粉色，具体取色。,鲜艳明亮的粉调、高饱和、抢眼。,表现鲜艳抢眼粉调时使用。,甜美;柔和,,,色彩;颜色,互联网研究整理,published,V1.0
V06_T0115,柔粉色,Soft Pink,,V06,色彩体系 / 粉色系,柔粉色，具体取色。,柔和的粉调、降饱和、温和。,表现柔和温和粉调时使用。,甜美;柔和,,,色彩;颜色,互联网研究整理,published,V1.0
V06_T0116,浓粉色,Rich Pink,,V06,色彩体系 / 粉色系,浓粉色，具体取色。,浓烈饱满的粉调、高饱和、浓郁。,表现浓烈饱满粉调时使用。,甜美;柔和,,,色彩;颜色,互联网研究整理,published,V1.0
V06_T0117,灰粉色,Muted Pink,,V06,色彩体系 / 粉色系,灰粉色，具体取色。,带灰调的粉调、低饱和、显高级。,表现灰调高级粉调时使用。,甜美;柔和,,,色彩;颜色,互联网研究整理,published,V1.0
V06_T0118,淡粉色,Pale Pink,,V06,色彩体系 / 粉色系,淡粉色，具体取色。,清浅的粉调、高明度、淡雅。,表现清浅淡雅粉调时使用。,甜美;柔和,,,色彩;颜色,互联网研究整理,published,V1.0
V06_T0119,棕色,Pure Brown,,V06,色彩体系 / 棕色系,棕色，具体取色。,纯正的棕调、标准色相。,表现纯正棕调时使用。,复古;自然,,,色彩;颜色,互联网研究整理,published,V1.0
V06_T0120,深棕色,Deep Brown,,V06,色彩体系 / 棕色系,深棕色，具体取色。,深沉浓郁的棕调、低明度、厚重。,表现深沉厚重棕调时使用。,复古;自然,,,色彩;颜色,互联网研究整理,published,V1.0
V06_T0121,浅棕色,Light Brown,,V06,色彩体系 / 棕色系,浅棕色，具体取色。,明亮柔和的棕调、高明度、清淡。,表现清淡柔和棕调时使用。,复古;自然,,,色彩;颜色,互联网研究整理,published,V1.0
V06_T0122,暗棕色,Dark Brown,,V06,色彩体系 / 棕色系,暗棕色，具体取色。,暗沉低调的棕调、低明度、内敛。,表现暗沉内敛棕调时使用。,复古;自然,,,色彩;颜色,互联网研究整理,published,V1.0
V06_T0123,亮棕色,Bright Brown,,V06,色彩体系 / 棕色系,亮棕色，具体取色。,鲜艳明亮的棕调、高饱和、抢眼。,表现鲜艳抢眼棕调时使用。,复古;自然,,,色彩;颜色,互联网研究整理,published,V1.0
V06_T0124,柔棕色,Soft Brown,,V06,色彩体系 / 棕色系,柔棕色，具体取色。,柔和的棕调、降饱和、温和。,表现柔和温和棕调时使用。,复古;自然,,,色彩;颜色,互联网研究整理,published,V1.0
V06_T0125,浓棕色,Rich Brown,,V06,色彩体系 / 棕色系,浓棕色，具体取色。,浓烈饱满的棕调、高饱和、浓郁。,表现浓烈饱满棕调时使用。,复古;自然,,,色彩;颜色,互联网研究整理,published,V1.0
V06_T0126,灰棕色,Muted Brown,,V06,色彩体系 / 棕色系,灰棕色，具体取色。,带灰调的棕调、低饱和、显高级。,表现灰调高级棕调时使用。,复古;自然,,,色彩;颜色,互联网研究整理,published,V1.0
V06_T0127,淡棕色,Pale Brown,,V06,色彩体系 / 棕色系,淡棕色，具体取色。,清浅的棕调、高明度、淡雅。,表现清浅淡雅棕调时使用。,复古;自然,,,色彩;颜色,互联网研究整理,published,V1.0
V06_T0128,灰色,Pure Gray,,V06,色彩体系 / 灰中性系,灰色，具体取色。,带灰调的灰调、低饱和、显高级。,表现灰调高级灰调时使用。,中性;高级感,,,色彩;颜色,互联网研究整理,published,V1.0
V06_T0129,深灰色,Deep Gray,,V06,色彩体系 / 灰中性系,深灰色，具体取色。,深沉浓郁的灰调、低明度、厚重。,表现深沉厚重灰调时使用。,中性;高级感,,,色彩;颜色,互联网研究整理,published,V1.0
V06_T0130,浅灰色,Light Gray,,V06,色彩体系 / 灰中性系,浅灰色，具体取色。,明亮柔和的灰调、高明度、清淡。,表现清淡柔和灰调时使用。,中性;高级感,,,色彩;颜色,互联网研究整理,published,V1.0
V06_T0131,暗灰色,Dark Gray,,V06,色彩体系 / 灰中性系,暗灰色，具体取色。,暗沉低调的灰调、低明度、内敛。,表现暗沉内敛灰调时使用。,中性;高级感,,,色彩;颜色,互联网研究整理,published,V1.0
V06_T0132,亮灰色,Bright Gray,,V06,色彩体系 / 灰中性系,亮灰色，具体取色。,鲜艳明亮的灰调、高饱和、抢眼。,表现鲜艳抢眼灰调时使用。,中性;高级感,,,色彩;颜色,互联网研究整理,published,V1.0
V06_T0133,柔灰色,Soft Gray,,V06,色彩体系 / 灰中性系,柔灰色，具体取色。,柔和的灰调、降饱和、温和。,表现柔和温和灰调时使用。,中性;高级感,,,色彩;颜色,互联网研究整理,published,V1.0
V06_T0134,浓灰色,Rich Gray,,V06,色彩体系 / 灰中性系,浓灰色，具体取色。,浓烈饱满的灰调、高饱和、浓郁。,表现浓烈饱满灰调时使用。,中性;高级感,,,色彩;颜色,互联网研究整理,published,V1.0
V06_T0135,灰灰色,Muted Gray,,V06,色彩体系 / 灰中性系,灰灰色，具体取色。,带灰调的灰调、低饱和、显高级。,表现灰调高级灰调时使用。,中性;高级感,,,色彩;颜色,互联网研究整理,published,V1.0
V06_T0136,淡灰色,Pale Gray,,V06,色彩体系 / 灰中性系,淡灰色，具体取色。,清浅的灰调、高明度、淡雅。,表现清浅淡雅灰调时使用。,中性;高级感,,,色彩;颜色,互联网研究整理,published,V1.0
V06_T0137,克莱因蓝,Klein Blue,,V06,色彩体系 / 命名色,克莱因蓝的冷静色彩。,极纯极深的国际克莱因蓝、强烈纯净。,需要标志性纯蓝、艺术张力时用。,艺术;主体,,,色彩;命名色,互联网研究整理,published,V1.0
V06_T0138,蒂芙尼蓝,Tiffany Blue,,V06,色彩体系 / 命名色,蒂芙尼蓝的冷静色彩。,明快的知更鸟蛋蓝绿、清新高级。,高级、清新、品牌感画面。,高级感;品牌,,,色彩;命名色,互联网研究整理,published,V1.0
V06_T0139,普鲁士蓝,Prussian Blue,,V06,色彩体系 / 命名色,普鲁士蓝的冷静色彩。,深沉偏绿的暗蓝、沉稳古典。,古典、深邃、版画感蓝调。,古典;深邃,,,色彩;命名色,互联网研究整理,published,V1.0
V06_T0140,孔雀蓝,Peacock Blue,,V06,色彩体系 / 命名色,孔雀蓝的冷静色彩。,饱和的蓝绿、华丽鲜明。,华丽、东方、艳丽蓝绿调。,华丽;东方,,,色彩;命名色,互联网研究整理,published,V1.0
V06_T0141,藏青,Navy,,V06,色彩体系 / 命名色,藏青的清新色彩。,深暗的蓝、沉稳内敛。,沉稳、正式、传统深蓝。,正式;沉稳,,,色彩;命名色,互联网研究整理,published,V1.0
V06_T0142,湖蓝,Lake Blue,,V06,色彩体系 / 命名色,湖蓝的冷静色彩。,清澈明亮的湖水蓝、通透。,清澈、夏日、通透蓝调。,清新;夏日,,,色彩;命名色,互联网研究整理,published,V1.0
V06_T0143,酒红,Burgundy,,V06,色彩体系 / 命名色,酒红的暖调色彩。,深暗带紫的红、醇厚高级。,醇厚、复古、高级红调。,高级感;复古,,,色彩;命名色,互联网研究整理,published,V1.0
V06_T0144,绯红,Scarlet,,V06,色彩体系 / 命名色,绯红的暖调色彩。,鲜明热烈的红、明艳抢眼。,热烈、明艳、抢眼红调。,氛围;主体,,,色彩;命名色,互联网研究整理,published,V1.0
V06_T0145,胭脂红,Carmine,,V06,色彩体系 / 命名色,胭脂红的暖调色彩。,带粉的浓艳红、娇媚古典。,古典、娇媚、传统红调。,古装;氛围,,,色彩;命名色,互联网研究整理,published,V1.0
V06_T0146,珊瑚粉,Coral,,V06,色彩体系 / 命名色,珊瑚粉是偏暖的橙调粉红，色感活泼温柔，常用于甜美、夏日、少女气质的画面配色。,暖橙粉、温柔活泼。,用于甜美、夏日、少女氛围的暖粉调配色。,甜美;夏日,,,色彩;命名色,互联网研究整理,published,V1.0
V06_T0147,藕荷色,Dusty Lilac,,V06,色彩体系 / 命名色,藕荷色是带灰的浅紫粉，色感淡雅内敛，常用于营造柔和、东方、低饱和的雅致氛围。,灰紫粉、淡雅温柔。,用于淡雅、东方、低饱和的浅紫粉配色。,柔和;东方,,,色彩;命名色,互联网研究整理,published,V1.0
V06_T0148,薰衣草紫,Lavender,,V06,色彩体系 / 命名色,薰衣草紫的神秘色彩。,柔和的浅紫、浪漫舒缓。,浪漫、治愈、田园紫调。,浪漫;柔和,,,色彩;命名色,互联网研究整理,published,V1.0
V06_T0149,丁香紫,Lilac,,V06,色彩体系 / 命名色,丁香紫的神秘色彩。,柔和带粉的浅紫、清新优雅。,清新、优雅、春日紫调。,优雅;清新,,,色彩;命名色,互联网研究整理,published,V1.0
V06_T0150,莫兰迪灰粉,Morandi Pink,,V06,色彩体系 / 命名色,莫兰迪灰粉是带灰的低饱和粉色，因莫兰迪低饱和美学得名，色感宁静高级，适合性冷淡风与静物。,低饱和灰粉、宁静高级。,用于宁静、高级、性冷淡风的灰粉配色。,高级感;柔和,,,色彩;命名色,互联网研究整理,published,V1.0
V06_T0151,祖母绿,Emerald,,V06,色彩体系 / 命名色,祖母绿的自然生机色彩。,浓郁明丽的蓝绿、珠宝感华贵。,华贵、珠宝、浓绿主体。,华丽;主体,,,色彩;命名色,互联网研究整理,published,V1.0
V06_T0152,墨绿,Pine Green,,V06,色彩体系 / 命名色,墨绿的自然生机色彩。,深暗沉稳的绿、厚重古典。,厚重、古典、沉稳绿调。,古典;沉稳,,,色彩;命名色,互联网研究整理,published,V1.0
V06_T0153,橄榄绿,Olive,,V06,色彩体系 / 命名色,橄榄绿的自然生机色彩。,带黄灰的暗绿、自然军事感。,自然、军事、复古绿调。,自然;复古,,,色彩;命名色,互联网研究整理,published,V1.0
V06_T0154,薄荷绿,Mint,,V06,色彩体系 / 命名色,薄荷绿的自然生机色彩。,清浅明快的蓝绿、清凉。,清凉、清新、夏日浅绿。,清新;夏日,,,色彩;命名色,互联网研究整理,published,V1.0
V06_T0155,抹茶绿,Matcha,,V06,色彩体系 / 命名色,抹茶绿的自然生机色彩。,带黄的柔和绿、自然温润。,自然、日系、温润绿调。,日系;自然,,,色彩;命名色,互联网研究整理,published,V1.0
V06_T0156,芥末黄,Mustard,,V06,色彩体系 / 命名色,芥末黄的明快色彩。,带绿的暗黄、复古沉稳。,复古、文艺、暗黄调。,复古;文艺,,,色彩;命名色,互联网研究整理,published,V1.0
V06_T0157,姜黄,Turmeric,,V06,色彩体系 / 命名色,姜黄的明快色彩。,温暖浓郁的黄橙、辛香感。,温暖、民族、浓黄调。,民族;暖调,,,色彩;命名色,互联网研究整理,published,V1.0
V06_T0158,土黄赭石,Ochre,,V06,色彩体系 / 命名色,土黄赭石的明快色彩。,带棕的暗黄、质朴大地感。,质朴、自然、大地黄调。,自然;复古,,,色彩;命名色,互联网研究整理,published,V1.0
V06_T0159,驼色,Camel,,V06,色彩体系 / 命名色,驼色是温暖柔和的浅棕调，带有高级温厚的质感，是秋冬大衣与商务配色的经典中性色。,暖浅棕、温厚高级。,用于秋冬、高级、温厚质感的暖棕调配色。,高级感;秋冬,,,色彩;命名色,互联网研究整理,published,V1.0
V06_T0160,焦糖色,Caramel,,V06,色彩体系 / 命名色,焦糖色是甜暖的红棕橙调，色感温润浓郁，常用于复古、秋日与厚重温厚的画面氛围。,暖红棕、温润浓郁。,用于复古、温暖、浓郁的焦糖棕调配色。,复古;暖调,,,色彩;命名色,互联网研究整理,published,V1.0
V06_T0161,巧克力棕,Chocolate,,V06,色彩体系 / 命名色,巧克力棕是深沉浓郁的红棕色，色感厚重醇厚，常用于复古与富有质感的深棕调画面。,深沉红棕、厚重醇厚。,用于复古、厚重、深沉质感的深棕配色。,复古;厚重,,,色彩;命名色,互联网研究整理,published,V1.0
V06_T0162,米白,Off White,,V06,色彩体系 / 命名色,米白是带暖调的柔白色，色感温柔素净，比纯白更自然柔和，适合自然系与素净底色。,暖柔白、温柔素净。,用于素净、温柔、自然感的暖白调底色。,素净;自然,,,色彩;命名色,互联网研究整理,published,V1.0
V06_T0163,象牙白,Ivory,,V06,色彩体系 / 命名色,象牙白是带暖黄的柔白色，质感温润高级，比纯白更有品质感，适合优雅与高端的底色。,暖黄柔白、温润高级。,用于优雅、高端、温润质感的柔白底色。,高级感;优雅,,,色彩;命名色,互联网研究整理,published,V1.0
V06_T0164,炭黑,Charcoal,,V06,色彩体系 / 命名色,炭黑是略带灰调的深黑色，质感低调有层次，比纯黑更耐看，适合质感背景与低调暗调画面。,带灰深黑、低调质感。,用于低调、有质感、深黑背景的暗调画面。,背景;质感,,,色彩;命名色,互联网研究整理,published,V1.0
V06_T0165,银灰,Silver Gray,,V06,色彩体系 / 命名色,银灰是带金属光泽的浅灰色，色感冷静现代，常用于科技、金属、现代感的中性配色。,金属浅灰、冷静现代。,用于现代、科技、金属感的浅灰配色。,科技;中性,,,色彩;命名色,互联网研究整理,published,V1.0
V06_T0166,玫瑰金,Rose Gold,,V06,色彩体系 / 命名色,玫瑰金是带粉调的暖金色，色感轻奢柔美，是时尚、轻奢品类常用的暖金金属色。,粉暖金、轻奢柔美。,用于轻奢、柔美、时尚的暖金调配色。,轻奢;时尚,,,色彩;命名色,互联网研究整理,published,V1.0
V06_T0167,香槟金,Champagne,,V06,色彩体系 / 命名色,香槟金是柔和低调的浅金色，色感优雅奢华，常用于高端、婚庆、优雅品类的金调点缀。,柔浅金、优雅奢华。,用于优雅、奢华、高端的柔和金调点缀。,奢华;高端,,,色彩;命名色,互联网研究整理,published,V1.0
V06_T0168,RGB加色,RGB Additive,,V06,色彩科学 / 色彩模型与空间,RGB加色是以红绿蓝三原色光相加成像的色彩模型，光叠加越多越亮，是屏幕、光源等发光设备的成色基础。,三原色光相加、越叠越亮。,描述屏幕显示、光源发光、数字成色场景。,屏幕;数字,,,色彩;模型空间,互联网研究整理,published,V1.0
V06_T0169,CMYK减色,CMYK Subtractive,,V06,色彩科学 / 色彩模型与空间,CMYK减色的色温氛围，用于特定照明场景。,颜料四色相减成色、印刷、越叠越暗。,描述印刷品成色。,印刷;出版,,,色彩;模型空间,互联网研究整理,published,V1.0
V06_T0170,HSL,HSL Model,,V06,色彩科学 / 色彩模型与空间,HSL是用色相、饱和度、明度三维度描述颜色的色彩模型，比 RGB 更直观地对应人眼选色逻辑。,色相/饱和/明度三维、直观选色。,直观调色、取色与色彩描述时引用。,调色;取色,,,色彩;模型空间,互联网研究整理,published,V1.0
V06_T0171,Lab,Lab Color,,V06,色彩科学 / 色彩模型与空间,Lab是与设备无关的色彩空间，覆盖人眼可见全部色域最广，常用于跨设备的精准色彩管理与印刷。,设备无关、覆盖色域最广。,跨设备精准色彩管理与印刷色彩转换时引用。,色彩管理;印刷,,,色彩;模型空间,互联网研究整理,published,V1.0
V06_T0172,色相,Hue,,V06,色彩科学 / 色彩模型与空间,色相是颜色的基本相貌与类别（红橙黄绿青蓝紫），对应色环上的角度位置，是描述颜色的首要维度。,决定颜色相貌、定位色环位置。,指定颜色的基本类别与相貌，如色相偏黄/偏红。,调色;取色,,,色彩;模型空间,互联网研究整理,published,V1.0
V06_T0173,饱和度,Saturation,,V06,色彩科学 / 色彩模型与空间,饱和度是颜色的鲜艳程度与含灰量，越高越纯越鲜艳，越低越灰越柔和，决定画面的艳丽或雅致倾向。,控制鲜艳与灰度、越高越纯。,调节颜色鲜艳程度以控制画面艳丽或雅致倾向。,调色;氛围,,,色彩;模型空间,互联网研究整理,published,V1.0
V06_T0174,明度,Value,,V06,色彩科学 / 色彩模型与空间,明度是色彩三要素之一描述颜色明暗程度的属性，从纯黑零明到纯白满明，影响画面亮度层次与浮雕立体错觉。,明暗层级、亮度对比、立体浮雕。,用于控制画面亮度层次与颜色明暗对比的调色。,颜色;明度,,,色彩;模型空间,互联网研究整理,published,V1.0
V06_T0175,sRGB,sRGB,,V06,色彩科学 / 色彩模型与空间,sRGB是网络与通用屏幕的标准色彩空间，色域较窄但兼容性最好，是大多数数字图像的默认基准。,网络标准色域、兼容性最好。,网络发布、通用屏幕显示的色彩基准。,网络;屏幕,,,色彩;模型空间,互联网研究整理,published,V1.0
V06_T0176,Adobe RGB,Adobe RGB,,V06,色彩科学 / 色彩模型与空间,Adobe RGB是比 sRGB 更广的色彩空间，尤其绿色青色更饱和，适合专业摄影与印刷的广色域工作流。,比sRGB更广、绿青更饱和。,专业摄影与印刷场景追求广色域时引用。,印刷;摄影,,,色彩;模型空间,互联网研究整理,published,V1.0
V06_T0177,DCI-P3,DCI-P3,,V06,色彩科学 / 色彩模型与空间,DCI-P3是影院与现代Apple屏的宽色域标准，红绿比 sRGB 更鲜艳，是影视剧与高端显示的主流色域。,影院宽色域、红绿更鲜艳。,影视后期与现代宽色域显示的色彩基准。,影视;显示,,,色彩;模型空间,互联网研究整理,published,V1.0
V06_T0178,Rec.2020,Rec.2020,,V06,色彩科学 / 色彩模型与空间,超广HDR色域。,超宽色域、面向 4K/8K HDR。,超高清 HDR 宽色域制作。,HDR;超高清,,,色彩;模型空间,互联网研究整理,published,V1.0
V06_T0179,互补色,Complementary,,V06,色彩搭配,互补色是色环上正对的一对色（如红绿、蓝橙），对比最强烈，用得好画面张力足，滥用易刺眼。,对比最强、相互衬托、张力足。,需要强对比、抢眼主体、戏剧张力时用互补配色。,海报;强对比,,,色彩;搭配,互联网研究整理,published,V1.0
V06_T0180,邻近色,Analogous,,V06,色彩搭配,邻近色是色环上相邻的色相（如黄绿黄橙），色感和谐统一、过渡自然，适合温和协调的氛围画面。,和谐统一、过渡自然、温和。,营造协调统一、温和氛围画面的配色。,和谐;氛围,,,色彩;搭配,互联网研究整理,published,V1.0
V06_T0181,三角配色,Triadic,,V06,色彩搭配,三角配色是色环上等距三色（如红黄蓝）的搭配，三色鼎立既活泼又均衡，适合色彩丰富又平衡的画面。,三色鼎立、活泼又均衡。,需要活泼又有平衡感的多彩配色时用。,插画;活泼,,,色彩;搭配,互联网研究整理,published,V1.0
V06_T0182,分裂互补,Split-Complementary,,V06,色彩搭配,分裂互补是以一色与其互补色两侧的邻近色搭配，保留对比感但比纯互补更柔和、层次更丰富。,有对比但更柔和、层次更丰富。,想要对比又不过冲、层次更柔的画面时用。,插画;配色,,,色彩;搭配,互联网研究整理,published,V1.0
V06_T0183,四角配色,Tetradic,,V06,色彩搭配,四角配色是色环上两组互补色构成的双对比搭配，色彩热闹饱满，适合多彩复杂的场景构图。,双组对比、色彩热闹、画面饱满。,多彩复杂、信息量大的场景配色。,插画;多彩,,,色彩;搭配,互联网研究整理,published,V1.0
V06_T0184,单色系,Monochromatic,,V06,色彩搭配,单色系是同一色相仅靠明暗深浅变化的配色，统一而高级，适合极简、克制、高级感的画面。,同色相明暗变化、统一高级。,极简统一、高级感、克制克制的配色。,极简;高级感,,,色彩;搭配,互联网研究整理,published,V1.0
V06_T0185,同类色,Tonal,,V06,色彩搭配,同类色是同一色相内不同明度饱和度的微差搭配，低对比柔和耐看，适合柔和统一的低调度画面。,近似色相、低对比、柔和耐看。,柔和统一、低对比、耐看的配色。,柔和;统一,,,色彩;搭配,互联网研究整理,published,V1.0
V06_T0186,无彩色,Achromatic,,V06,色彩搭配,无彩色是黑白灰这一没有色相的色系，冷静克制、信息归零感强，适合极简与冷静的氛围画面。,黑白灰、无色相、冷静克制。,黑白灰极简、冷静克制氛围的画面。,极简;黑白,,,色彩;搭配,互联网研究整理,published,V1.0
V06_T0187,暖色调,Warm Tone,,V06,色调与氛围,暖色调以红橙黄为主导，色感温暖亲近有前进感，适合营造温暖、亲密、复古的画面氛围。,红橙黄主导、温暖前进感。,营造温暖、亲密、复古、夕阳氛围的暖调画面。,氛围;人像,,,色彩;色调,互联网研究整理,published,V1.0
V06_T0188,冷色调,Cool Tone,,V06,色调与氛围,冷色调以蓝青紫为主导，色感冷静疏离有后退感，适合营造科技、清冷、深邃的画面氛围。,蓝青紫主导、冷静后退感。,营造冷静、科技、清冷、深邃氛围的冷调画面。,科技;清冷,,,色彩;色调,互联网研究整理,published,V1.0
V06_T0189,高饱和活力,High Saturation,,V06,色调与氛围,高饱和活力指整体色彩浓烈鲜艳、张扬有活力的色调倾向，适合潮流、吸睛、活力充沛的画面。,色彩浓烈鲜艳、张扬有活力。,活力、潮流、吸睛、张扬的高饱和画面调色。,潮流;活力,,,色彩;色调,互联网研究整理,published,V1.0
V06_T0190,低饱和高级,Muted,,V06,色调与氛围,降低饱和度营造高级感与克制氛围。,颜色发灰柔和、克制而高级。,高级、柔和、文艺质感画面。,高级感;文艺,,,色彩;色调,互联网研究整理,published,V1.0
V06_T0191,莫兰迪色,Morandi,,V06,色调与氛围,莫兰迪色系以低饱和灰调为特征，色感宁静雅致不张扬，是性冷淡风与高级静物的代表配色。,灰调柔和、低饱和、宁静雅致。,宁静高级、性冷淡风、雅致静物的配色。,高级感;静物,,,色彩;色调,互联网研究整理,published,V1.0
V06_T0192,马卡龙色,Macaron,,V06,色调与氛围,马卡龙色系以高明度低饱和的粉嫩色为特征，色感甜美柔嫩，是少女、清新、甜美画面的代表配色。,高明度低饱和、甜美柔嫩。,甜美、少女、清新、柔嫩画面的粉嫩配色。,甜美;清新,,,色彩;色调,互联网研究整理,published,V1.0
V06_T0193,复古胶片色,Retro Film,,V06,色调与氛围,复古胶片色以偏黄褪色与颗粒感为特征，模拟老胶片发色，适合营造怀旧复古、年代感的画面氛围。,偏黄褪色、颗粒感、怀旧。,营造胶片复古、怀旧年代感的褪色调色。,复古;胶片,,,色彩;色调,互联网研究整理,published,V1.0
V06_T0194,赛博霓虹色,Cyber Neon,,V06,色调与氛围,赛博霓虹色以紫粉青为主的高对比霓虹光为特征，夜感与未来感强烈，是赛博朋克夜景的标志配色。,紫青霓虹、高对比、夜感未来。,赛博朋克、夜景霓虹、未来感画面配色。,赛博朋克;夜景,,,色彩;色调,互联网研究整理,published,V1.0
V06_T0195,撞色,Color Blocking,,V06,色调与氛围,撞色是以大面积对比色块并置为手法的高对比配色，视觉冲击强烈醒目，是时尚潮流的常用手法。,大面积对比并置、强烈醒目。,时尚潮流、大胆吸睛的撞色块面构图。,时尚;潮流,,,色彩;色调,互联网研究整理,published,V1.0
V06_T0196,黑金奢华,Black Gold,,V06,色调与氛围,黑金奢华是以黑底配金的色调组合，色感奢华厚重，是高端、奢侈品、商务质感的代表配色。,黑底配金、奢华厚重、高级。,高端、奢侈品、商务、厚重奢华的配色。,奢华;高端,,,色彩;色调,互联网研究整理,published,V1.0
V06_T0197,大地色系,Earth Tone,,V06,色调与氛围,大地色系是以棕褐米驼为主的自然色组，色感温厚朴实，适合自然、复古、温暖沉稳的画面氛围。,棕褐米驼、温厚朴实。,自然、复古、温暖朴实的大地色调画面。,自然;复古,,,色彩;色调,互联网研究整理,published,V1.0
V06_T0198,糖果色,Candy Color,,V06,色调与氛围,糖果色是明亮多彩高饱和的色组，色感活泼可爱，适合童趣、缤纷、活泼的画面氛围。,明亮多彩高饱和、活泼可爱。,童趣、活泼、缤纷明快的多彩糖果配色。,童趣;活泼,,,色彩;色调,互联网研究整理,published,V1.0
V06_T0199,高显色CRI,High CRI,,V06,光度与照度 / 光的属性,高显色CRI指光源对物体真实色彩的还原能力，CRI越高越接近自然光下所见，几乎无偏色，是商业摄影与产品拍摄的关键指标。,色彩还原真实饱满、几乎无偏色。,强调真实色彩还原时标注高CRI光源。,商业摄影;产品,,,色彩;光质,互联网研究整理,published,V1.0
V06_T0200,硬光,Hard Light,,V06,光度与照度 / 光的属性,硬光是边缘锐利、阴影硬朗、对比强烈的光质，能强化立体感与质感肌理，适合强调戏剧性与材质纹理的画面。,边缘锐利、阴影硬朗、对比强烈。,强调立体感、戏剧性与材质纹理时用硬光。,戏剧光;质感,,,色彩;光质,互联网研究整理,published,V1.0
V06_T0201,柔光,Soft Light,,V06,光度与照度 / 光的属性,柔光是过渡柔和、阴影轻浅的光质，能美化肤质、弱化瑕疵，是人像、美妆、柔美画面的首选光质。,过渡柔和、阴影轻、肤质细腻。,柔化阴影、美化人像肤质时用柔光。,人像;美妆,,,色彩;光质,互联网研究整理,published,V1.0
V06_T0202,体积光,Volumetric Light,,V06,光度与照度 / 光的属性,体积光是因烟雾尘埃使光束可见的丁达尔效应，能营造空气感与神圣诞 atmosphere，适合光线穿透雾气树林的画面。,可见光束、丁达尔效应、空气感。,营造光束穿透烟雾、树林、窗户的氛围画面。,氛围;场景,,,色彩;光质,互联网研究整理,published,V1.0
V06_T0203,逆光,Backlight,,V06,光度与照度 / 光的属性,逆光是光源位于主体后方使边缘发光或形成剪影的光位，能勾勒轮廓或制造逆光氛围，适合人像与剪影画面。,主体边缘发光、轮廓光或剪影。,勾勒主体轮廓或制造逆光剪影氛围。,人像;剪影,,,色彩;光质,互联网研究整理,published,V1.0
V06_T0204,散射光,Diffused,,V06,光度与照度 / 光的属性,散射光是经云层或柔光箱漫射后的均匀柔和光，无明显方向与硬阴影，适合阴天或柔和均匀的照明场景。,均匀柔和、无明显方向与硬阴影。,阴天或柔光箱式的均匀柔和照明。,阴天;均匀照明,,,色彩;光质,互联网研究整理,published,V1.0
V06_T0205,白平衡,White Balance,,V06,色彩管理与感知,白平衡是通过校正色温使中性白还原、消除画面整体偏色的设置，是定画面冷暖基调的关键手段。,中性白还原、整体冷暖校正。,校正画面整体偏色、确定冷暖基调。,校色;摄影,,,色彩;管理感知,互联网研究整理,published,V1.0
V06_T0206,色调映射,Tone Mapping,,V06,色彩管理与感知,色调映射是把 HDR 超宽动态压缩进屏幕可显示范围的技术，在压缩的同时尽量保留高光与暗部细节。,高动态压缩进显示范围、明暗细节保留。,HDR转SDR、保留高光暗部细节的后期处理。,HDR;后期,,,色彩;管理感知,互联网研究整理,published,V1.0
V06_T0207,色彩对比,Color Contrast,,V06,色彩管理与感知,色彩对比是色相、明度、饱和度差异带来的视觉区分度，用于增强主体与背景、元素间的层次与可读性。,色相明度饱和差异、增强区分度。,增强主体与背景、元素的区分与可读性。,构图;主体突出,,,色彩;管理感知,互联网研究整理,published,V1.0
V06_T0208,同时对比,Simultaneous Contrast,,V06,色彩管理与感知,同时对比是相邻颜色相互影响使边界对比被增强的视觉现象，配色时可利用邻色相互衬托强化层次。,相邻色相互影响、边界对比增强。,利用相邻色相互衬托、强化边界层次。,配色;视觉,,,色彩;管理感知,互联网研究整理,published,V1.0
V06_T0209,HDR,HDR,,V06,色彩管理与感知,HDR是高动态范围技术，使明暗两侧细节同时丰富、画面通透有层次，适合风光与大光比场景。,明暗细节同时丰富、通透有层次。,强调宽动态、明暗通透、细节丰富的画面。,风光;通透,,,色彩;管理感知,互联网研究整理,published,V1.0
V06_T0210,色彩恒常,Color Constancy,,V06,色彩管理与感知,色彩恒常是人眼在不同光照下仍把同一物体感知为同一颜色的视觉适应现象，是色彩感知理论的基础概念。,不同光照下颜色感知趋于稳定。,解释人眼对光照变化的色彩适应与感知恒常。,感知;理论,,,色彩;管理感知,互联网研究整理,published,V1.0
V07_T0001,基础色,Albedo,,V07,PBR材质 / 通道属性,基础色是PBR材质中不包含光影信息的纯色纹理通道，记录物体本身固有色，作为光照计算的颜色底底。,纯色无光影、固有色底。,用于指定材质的固有本色与漫反射颜色。,PBR;贴图,,,材质;PBR,整理,published,V1.0
V07_T0002,金属度,Metallic,,V07,PBR材质 / 通道属性,金属度的金属光泽与反射特性。,金属度 通道对材质表面光照响应的控制。,调节材质该 PBR 通道时引用。,PBR;材质,,,材质;PBR,整理,published,V1.0
V07_T0003,粗糙度,Roughness,,V07,PBR材质 / 通道属性,粗糙度是PBR材质控制表面微细起伏的通道，值越高表面越粗糙、高光越散，值越低越光滑镜面。,控高光聚散、越低越镜面。,用于调节材质表面光滑或粗糙的高光表现。,PBR;表面,,,材质;PBR,整理,published,V1.0
V07_T0004,法线贴图,Normal Map,,V07,PBR材质 / 通道属性,法线贴图是用RGB通道编码表面凹凸方向的技术，以低成本伪造细节起伏而不增几何，能突显肌理与划痕。,伪凹凸细节、凸显肌理纹理。,用于低成本模拟表面凹凸纹理与细节起伏。,PBR;细节,,,材质;PBR,整理,published,V1.0
V07_T0005,环境光遮蔽,AO,,V07,PBR材质 / 通道属性,环境光遮蔽是计算缝隙与折角处被环境光遮蔽变暗的技术，增强接触阴影使模型立体真实。,缝隙折角变暗、接触阴影立体。,用于增强折角缝隙的接触阴影与立体感。,PBR;阴影,,,材质;PBR,整理,published,V1.0
V07_T0006,置换贴图,Displacement,,V07,PBR材质 / 通道属性,置换贴图是按灰度真实位移顶点的技术，相比法线贴图能产生真实几何起伏与正确侧面轮廓剪影。,真实几何位移、侧面轮廓正确。,用于需要真实几何起伏与正确轮廓的高模细节。,PBR;高模,,,材质;PBR,整理,published,V1.0
V07_T0007,次表面散射,SSS,,V07,PBR材质 / 通道属性,次表面散射是光线穿过半透明材质内部散射再射出的现象，使皮肤玉石蜡等产生柔和的内部透红光晕。,柔和内部透光、半透明光晕。,用于表现皮肤玉石蜡等半透材质的内部透光。,SSS;皮肤,,,材质;PBR,整理,published,V1.0
V07_T0008,透明折射,Refraction,,V07,PBR材质 / 通道属性,透明折射是光线穿过透明介质时改变传播方向与成像的现象，是玻璃水晶透镜扭曲后方成像的物理基础。,透光改向、玻璃扭曲成像。,用于表现玻璃水晶透镜的折射与透光成像。,玻璃;折射,,,材质;PBR,整理,published,V1.0
V07_T0009,自发光,Emissive,,V07,PBR材质 / 通道属性,自发光是材质自身发射光线不依赖外部照明的通道，能做出霓虹屏幕灯管等发光体的辉光效果。,自身发光、无依赖外光。,用于表现霓虹发光体屏幕灯管的自身辉光。,发光;霓虹,,,材质;PBR,整理,published,V1.0
V07_T0010,清漆层,Clearcoat,,V07,PBR材质 / 通道属性,清漆层是模拟表面覆盖一层透明清漆的PBR属性，使材质出现二次高光层，呈现车漆钢琴的光泽质感。,二次高光层、清漆光泽镜面。,用于表现车漆钢琴等带透明涂层的高光质感。,清漆;车漆,,,材质;PBR,整理,published,V1.0
V07_T0011,各向异性,Anisotropy,,V07,PBR材质 / 通道属性,各向异性是控制高光沿某一方向拉伸的属性，能表现金属拉丝头发表面等有方向性高光的细长反光。,高光方向拉伸、拉丝细长反光。,用于表现金属拉丝头发等方向性拉伸高光。,各向异性;金属拉丝,,,材质;PBR,整理,published,V1.0
V07_T0012,光泽度,Sheen,,V07,PBR材质 / 通道属性,光泽度是模拟织物绒毛边缘在掠射光下产生柔和绒光的属性，能表现天鹅绒呢绒等绒类织物的边缘光晕。,绒毛边缘柔光、织物绒光晕。,用于表现天鹅绒呢绒等绒类织物的边缘绒光。,织物;绒光,,,材质;PBR,整理,published,V1.0
V07_T0013,黄金,Gold,,V07,材质类型 / 金属,黄金是高反光、高密度、低氧化延展性极佳的贵金属，表面呈暖黄色镜面反光，长期不褪色不生锈。,暖黄镜面反光、高密度不锈。,用于金属首饰、珠宝、装饰边框等需暖黄镜面质感的画面。,材质;金属,,,材质;金属,整理,published,V1.0
V07_T0014,白银,Silver,,V07,材质类型 / 金属,白银是反光率近镜面的白亮贵金属，色冷白偏青，反光清晰锐利、高光极白，但易氧化变黑需经常抛光。,冷白近镜面、高光极锐。,用于银器餐具、首饰等需冷白高反光质感的画面。,材质;金属,,,材质;金属,整理,published,V1.0
V07_T0015,紫铜,Copper,,V07,材质类型 / 金属,紫铜材质的金属光泽与反射特性。,紫铜 的金属光泽、反射与表面质感。,表现该金属质感时引用。,金属;材质,,,材质;金属,整理,published,V1.0
V07_T0016,黄铜,Brass,,V07,材质类型 / 金属,黄铜材质的金属光泽与反射特性。,黄铜 的金属光泽、反射与表面质感。,表现该金属质感时引用。,金属;材质,,,材质;金属,整理,published,V1.0
V07_T0017,青铜,Bronze,,V07,材质类型 / 金属,青铜材质的金属光泽与反射特性。,青铜 的金属光泽、反射与表面质感。,表现该金属质感时引用。,金属;材质,,,材质;金属,整理,published,V1.0
V07_T0018,铸铁,Cast Iron,,V07,材质类型 / 金属,铸铁材质的金属光泽与反射特性。,铸铁 的金属光泽、反射与表面质感。,表现该金属质感时引用。,金属;材质,,,材质;金属,整理,published,V1.0
V07_T0019,不锈钢,Stainless Steel,,V07,材质类型 / 金属,不锈钢材质的金属光泽与反射特性。,不锈钢 的金属光泽、反射与表面质感。,表现该金属质感时引用。,金属;材质,,,材质;金属,整理,published,V1.0
V07_T0020,铝,Aluminum,,V07,材质类型 / 金属,铝材质的金属光泽与反射特性。,铝 的金属光泽、反射与表面质感。,表现该金属质感时引用。,金属;材质,,,材质;金属,整理,published,V1.0
V07_T0021,钛,Titanium,,V07,材质类型 / 金属,钛是强度高、密度低的银灰色过渡金属，表面呈亚银灰带冷调反光，常用于航空航天与高端工业设计。,银灰冷调、低密度高强。,用于航空航天零件与高端工业产品的钛金属质感画面。,材质;金属,,,材质;金属,整理,published,V1.0
V07_T0022,镀铬,Chrome,,V07,材质类型 / 金属,镀铬材质的金属光泽与反射特性。,镀铬 的金属光泽、反射与表面质感。,表现该金属质感时引用。,金属;材质,,,材质;金属,整理,published,V1.0
V07_T0023,枪铁,Gunmetal,,V07,材质类型 / 金属,枪铁材质的金属光泽与反射特性。,枪铁 的金属光泽、反射与表面质感。,表现该金属质感时引用。,金属;材质,,,材质;金属,整理,published,V1.0
V07_T0024,锡,Pewter,,V07,材质类型 / 金属,锡是质软低熔点的银白金属，常温下微亚光、易弯折起白霜，常用于焊料与锡器及复古器皿。,银白亚光、易起霜斑。,用于焊料、锡器及复古器皿的银白亚光质感画面。,材质;金属,,,材质;金属,整理,published,V1.0
V07_T0025,玫瑰金,Rose Gold,,V07,材质类型 / 金属,玫瑰金是金铜银合金的暖粉红贵金属，色暖调带玫瑰红，比纯金更柔和浪漫，常用于珠宝与时尚设计。,暖粉玫瑰红、柔和浪漫。,用于珠宝首饰与时尚设计的玫瑰粉金属质感画面。,材质;金属,,,材质;金属,整理,published,V1.0
V07_T0026,大理石,Marble,,V07,材质类型 / 石材,大理石的粗糙质感与自然纹理。,大理石 的纹理、颗粒与表面质感。,表现该石材质感时引用。,石材;材质,,,材质;石材,整理,published,V1.0
V07_T0027,花岗岩,Granite,,V07,材质类型 / 石材,花岗岩的粗糙质感与自然纹理。,花岗岩 的纹理、颗粒与表面质感。,表现该石材质感时引用。,石材;材质,,,材质;石材,整理,published,V1.0
V07_T0028,砂岩,Sandstone,,V07,材质类型 / 石材,砂岩的粗糙质感与自然纹理。,砂岩 的纹理、颗粒与表面质感。,表现该石材质感时引用。,石材;材质,,,材质;石材,整理,published,V1.0
V07_T0029,板岩,Slate,,V07,材质类型 / 石材,板岩的粗糙质感与自然纹理。,板岩 的纹理、颗粒与表面质感。,表现该石材质感时引用。,石材;材质,,,材质;石材,整理,published,V1.0
V07_T0030,玄武岩,Basalt,,V07,材质类型 / 石材,玄武岩的粗糙质感与自然纹理。,玄武岩 的纹理、颗粒与表面质感。,表现该石材质感时引用。,石材;材质,,,材质;石材,整理,published,V1.0
V07_T0031,石灰岩,Limestone,,V07,材质类型 / 石材,石灰岩的粗糙质感与自然纹理。,石灰岩 的纹理、颗粒与表面质感。,表现该石材质感时引用。,石材;材质,,,材质;石材,整理,published,V1.0
V07_T0032,水磨石,Terrazzo,,V07,材质类型 / 石材,水磨石的粗糙质感与自然纹理。,水磨石 的纹理、颗粒与表面质感。,表现该石材质感时引用。,石材;材质,,,材质;石材,整理,published,V1.0
V07_T0033,鹅卵石,Cobblestone,,V07,材质类型 / 石材,鹅卵石的粗糙质感与自然纹理。,鹅卵石 的纹理、颗粒与表面质感。,表现该石材质感时引用。,石材;材质,,,材质;石材,整理,published,V1.0
V07_T0034,水晶,Crystal,,V07,材质类型 / 石材,水晶的透明与折射光学特性。,水晶 的纹理、颗粒与表面质感。,表现该石材质感时引用。,石材;材质,,,材质;石材,整理,published,V1.0
V07_T0035,玉石,Jade,,V07,材质类型 / 石材,玉石的粗糙质感与自然纹理。,玉石 的纹理、颗粒与表面质感。,表现该石材质感时引用。,石材;材质,,,材质;石材,整理,published,V1.0
V07_T0036,橡木,Oak Wood,,V07,材质类型 / 木材,橡木的天然纹理与温润质感。,橡木 的纹理、色泽与表面质感。,表现该木质材质时引用。,木材;材质,,,材质;木材,整理,published,V1.0
V07_T0037,胡桃木,Walnut Wood,,V07,材质类型 / 木材,胡桃木的天然纹理与温润质感。,胡桃木 的纹理、色泽与表面质感。,表现该木质材质时引用。,木材;材质,,,材质;木材,整理,published,V1.0
V07_T0038,松木,Pine Wood,,V07,材质类型 / 木材,松木的天然纹理与温润质感。,松木 的纹理、色泽与表面质感。,表现该木质材质时引用。,木材;材质,,,材质;木材,整理,published,V1.0
V07_T0039,竹,Bamboo,,V07,材质类型 / 木材,竹的天然纹理与温润质感。,竹 的纹理、色泽与表面质感。,表现该木质材质时引用。,木材;材质,,,材质;木材,整理,published,V1.0
V07_T0040,桃花心木,Mahogany,,V07,材质类型 / 木材,桃花心木的天然纹理与温润质感。,桃花心木 的纹理、色泽与表面质感。,表现该木质材质时引用。,木材;材质,,,材质;木材,整理,published,V1.0
V07_T0041,桦木,Birch Wood,,V07,材质类型 / 木材,桦木的天然纹理与温润质感。,桦木 的纹理、色泽与表面质感。,表现该木质材质时引用。,木材;材质,,,材质;木材,整理,published,V1.0
V07_T0042,做旧木,Weathered Wood,,V07,材质类型 / 木材,做旧木的天然纹理与温润质感。,做旧木 的纹理、色泽与表面质感。,表现该木质材质时引用。,木材;材质,,,材质;木材,整理,published,V1.0
V07_T0043,炭化木,Charred Wood,,V07,材质类型 / 木材,炭化木的天然纹理与温润质感。,炭化木 的纹理、色泽与表面质感。,表现该木质材质时引用。,木材;材质,,,材质;木材,整理,published,V1.0
V07_T0044,胶合板,Plywood,,V07,材质类型 / 木材,胶合板是多层薄木纹胶合压制的人造板材，表面见层叠纹理与压制光泽，质轻廉价多为家具与建筑模板。,层叠木纹、压制光泽、轻质廉价。,用于家具与建筑模板的胶合板层叠木纹质感画面。,材质;木材,,,材质;木材,整理,published,V1.0
V07_T0045,棉布,Cotton,,V07,材质类型 / 织物,棉布的柔软质感与编织纹理。,棉布 的编织纹理、垂坠与表面质感。,表现该织物质感时引用。,织物;材质,,,材质;织物,整理,published,V1.0
V07_T0046,羊毛,Wool,,V07,材质类型 / 织物,羊毛的柔软质感与编织纹理。,羊毛 的编织纹理、垂坠与表面质感。,表现该织物质感时引用。,织物;材质,,,材质;织物,整理,published,V1.0
V07_T0047,丝绸,Silk,,V07,材质类型 / 织物,丝绸的柔软质感与编织纹理。,丝绸 的编织纹理、垂坠与表面质感。,表现该织物质感时引用。,织物;材质,,,材质;织物,整理,published,V1.0
V07_T0048,亚麻,Linen,,V07,材质类型 / 织物,亚麻的柔软质感与编织纹理。,亚麻 的编织纹理、垂坠与表面质感。,表现该织物质感时引用。,织物;材质,,,材质;织物,整理,published,V1.0
V07_T0049,天鹅绒,Velvet,,V07,材质类型 / 织物,天鹅绒的柔软质感与编织纹理。,天鹅绒 的编织纹理、垂坠与表面质感。,表现该织物质感时引用。,织物;材质,,,材质;织物,整理,published,V1.0
V07_T0050,牛仔丹宁,Denim,,V07,材质类型 / 织物,牛仔丹宁是斜纹粗织棉布，纹理为对角斜纹、磨洗后泛白起毛边，质感硬挺耐磨具复古工装气息。,斜纹粗织、磨白毛边、硬挺工装。,用于牛仔裤、工装外套的斜纹丹宁硬挺质感画面。,材质;织物,,,材质;织物,整理,published,V1.0
V07_T0051,灯芯绒,Corduroy,,V07,材质类型 / 织物,灯芯绒的柔软质感与编织纹理。,灯芯绒 的编织纹理、垂坠与表面质感。,表现该织物质感时引用。,织物;材质,,,材质;织物,整理,published,V1.0
V07_T0052,雪纺,Chiffon,,V07,材质类型 / 织物,雪纺的流动或松散物理特性。,雪纺 的编织纹理、垂坠与表面质感。,表现该织物质感时引用。,织物;材质,,,材质;织物,整理,published,V1.0
V07_T0053,针织,Knit,,V07,材质类型 / 织物,针织是线圈相互串套编织的弹性织物，表面见明显线圈网格、纹路松软有弹，质地亲肤保暖。,线圈网格、松软有弹、亲肤保暖。,用于毛衣、围巾等保暖针织物的线圈纹理画面。,材质;织物,,,材质;织物,整理,published,V1.0
V07_T0054,蕾丝,Lace,,V07,材质类型 / 织物,蕾丝的柔软质感与编织纹理。,蕾丝 的编织纹理、垂坠与表面质感。,表现该织物质感时引用。,织物;材质,,,材质;织物,整理,published,V1.0
V07_T0055,皮革,Leather,,V07,材质类型 / 织物,皮革的柔软质感与编织纹理。,皮革 的编织纹理、垂坠与表面质感。,表现该织物质感时引用。,织物;材质,,,材质;织物,整理,published,V1.0
V07_T0056,麂皮,Suede,,V07,材质类型 / 织物,麂皮是鹿科动物皮经磨绒处理的反绒皮，表面短绒毛均匀哑光磨砂般柔和，触感温润吸水易脏。,短绒哑光、磨砂柔和、温润吸水。,用于反绒鞋靴、手套及复古皮具的短绒哑光画面。,材质;皮革,,,材质;织物,整理,published,V1.0
V07_T0057,毛呢,Tweed,,V07,材质类型 / 织物,毛呢的柔软质感与编织纹理。,毛呢 的编织纹理、垂坠与表面质感。,表现该织物质感时引用。,织物;材质,,,材质;织物,整理,published,V1.0
V07_T0058,透明玻璃,Clear Glass,,V07,材质类型 / 玻璃陶瓷,透明玻璃的透明与折射光学特性。,透明玻璃 的透光、反射与釉面质感。,表现该玻璃/陶瓷质感时引用。,玻璃陶瓷;材质,,,材质;玻璃陶瓷,整理,published,V1.0
V07_T0059,磨砂玻璃,Frosted Glass,,V07,材质类型 / 玻璃陶瓷,磨砂玻璃的粗糙质感与自然纹理。,磨砂玻璃 的透光、反射与釉面质感。,表现该玻璃/陶瓷质感时引用。,玻璃陶瓷;材质,,,材质;玻璃陶瓷,整理,published,V1.0
V07_T0060,彩色玻璃,Stained Glass,,V07,材质类型 / 玻璃陶瓷,彩色玻璃的透明与折射光学特性。,彩色玻璃 的透光、反射与釉面质感。,表现该玻璃/陶瓷质感时引用。,玻璃陶瓷;材质,,,材质;玻璃陶瓷,整理,published,V1.0
V07_T0061,陶瓷,Ceramic,,V07,材质类型 / 玻璃陶瓷,陶瓷是陶土与瓷土经高温烧制的硬脆无机非金属，表面釉光或素亚，敲击清脆常见器皿与建筑装饰。,硬脆高烧、釉光或素亚。,用于日用器皿与建筑装饰的陶瓷硬脆质感画面。,材质;陶瓷,,,材质;玻璃陶瓷,整理,published,V1.0
V07_T0062,瓷器,Porcelain,,V07,材质类型 / 玻璃陶瓷,瓷器是以高岭土为胎坯高温烧制上釉的硬质陶瓷，胎薄透光、釉面清亮温润，源自中国代表精细日用器。,薄胎透光、釉面温润清亮。,用于精细日用器皿与艺术摆件的薄胎透光瓷器画面。,材质;陶瓷,,,材质;玻璃陶瓷,整理,published,V1.0
V07_T0063,釉面,Glazed,,V07,材质类型 / 玻璃陶瓷,釉面是覆盖陶瓷胎体表面的玻璃质熔凝层，光亮或亚光、增加抗水耐污，可呈现单色或彩绘纹饰。,玻璃质熔凝、光亮或亚光、抗水防污。,用于陶瓷表面玻璃光层与彩绘釉面纹饰的画面。,材质;陶瓷,,,材质;玻璃陶瓷,整理,published,V1.0
V07_T0064,赤陶,Terracotta,,V07,材质类型 / 玻璃陶瓷,赤陶是含铁粘土低温烧制的多孔陶器，色赭红橙、表面粗糙无釉或多松散颗粒，常见古朴陶罐与建筑瓦件。,赭红粗陶、多孔无釉、古朴瓦件。,用于古朴陶罐与建筑瓦件的赭红粗陶质感画面。,材质;陶瓷,,,材质;玻璃陶瓷,整理,published,V1.0
V07_T0065,珐琅,Enamel,,V07,材质类型 / 玻璃陶瓷,珐琅是以石英长石高温熔凝于金属胎表面的彩釉装饰工艺，色艳光亮硬脆耐蚀，常见景泰蓝与珐琅徽章。,彩釉光亮、硬脆耐蚀。,用于景泰蓝、徽章及金属胎珐琅彩釉装饰画面。,材质;陶瓷,,,材质;玻璃陶瓷,整理,published,V1.0
V07_T0066,混凝土,Concrete,,V07,材质类型 / 合成与其他,混凝土的粗糙质感与自然纹理。,混凝土 的表面质感与材质特征。,赋予物体该材质时引用。,材质;质感,,,材质;合成,整理,published,V1.0
V07_T0067,水泥,Cement,,V07,材质类型 / 合成与其他,水泥的流动或松散物理特性。,水泥 的表面质感与材质特征。,赋予物体该材质时引用。,材质;质感,,,材质;合成,整理,published,V1.0
V07_T0068,塑料,Plastic,,V07,材质类型 / 合成与其他,塑料的人工合成材质特性。,塑料 的表面质感与材质特征。,赋予物体该材质时引用。,材质;质感,,,材质;合成,整理,published,V1.0
V07_T0069,亚克力,Acrylic,,V07,材质类型 / 合成与其他,亚克力是聚甲基丙烯酸甲酯透明塑料，光透率超玻璃、可染任意色、易加工成型，俗称有机玻璃。,高透光合成塑、易染易成型。,用于透明标牌、灯箱、装饰品的亚克力高透画面。,材质;合成,,,材质;合成,整理,published,V1.0
V07_T0070,橡胶,Rubber,,V07,材质类型 / 合成与其他,橡胶的人工合成材质特性。,橡胶 的表面质感与材质特征。,赋予物体该材质时引用。,材质;质感,,,材质;合成,整理,published,V1.0
V07_T0071,硅胶,Silicone,,V07,材质类型 / 合成与其他,硅胶是耐温耐老化的弹性硅高分子合成橡塑，手感软糯磨砂哑光，常用于密封圈、模具与皮肤贴层。,软糯哑光、耐温耐老、弹性硅塑。,用于密封圈、模具及人体贴层软硅胶弹性质感画面。,材质;合成,,,材质;合成,整理,published,V1.0
V07_T0072,碳纤维,Carbon Fiber,,V07,材质类型 / 合成与其他,碳纤维是高强度高模量的黑色纤维复合材料，表面编织纹理清晰呈斜格或平纹，质轻刚度强常用于赛车航太。,黑纤维编织格、轻质高刚度。,用于赛车航太及高端产品的碳纤维编织纹理画面。,材质;合成,,,材质;合成,整理,published,V1.0
V07_T0073,纸张,Paper,,V07,材质类型 / 合成与其他,纸张是植物纤维压制成的薄片材料，表面见纤维纹理与粗细差异，质感柔薄吸墨可折可撕常见出版包装。,纤维薄片、柔薄吸墨、可折可撕。,用于书页文件包装的纸张纤维柔薄质感画面。,材质;纸张,,,材质;合成,整理,published,V1.0
V07_T0074,纸板,Cardboard,,V07,材质类型 / 合成与其他,纸板是多层纸浆压成的厚硬纸片，断面可见瓦楞或层压结构，质硬价廉广泛用于包装盒、相框背板。,厚硬多层、瓦楞或层压、价廉包装。,用于瓦楞纸箱与硬纸盒的多层纸板硬质画面。,材质;纸张,,,材质;合成,整理,published,V1.0
V07_T0075,泡沫,Foam,,V07,材质类型 / 合成与其他,泡沫是封闭气泡发泡的轻质弹性塑材，表面细密圆孔或连续光滑，质轻可压回弹广泛用于缓冲包装与隔音。,气泡轻质、可压回弹、缓冲隔音。,用于缓冲包装与隔音层的泡沫轻质弹性画面。,材质;合成,,,材质;合成,整理,published,V1.0
V07_T0076,沥青,Asphalt,,V07,材质类型 / 合成与其他,沥青是石油残渣凝固的黑色粘弹性材料，常温下哑光颗粒粗糙、高温变软发亮，广泛用于道路与防水层。,黑哑粗糙、温软泛亮、铺路防水。,用于道路与防水层的黑色沥青哑光粗糙质感画面。,材质;合成,,,材质;合成,整理,published,V1.0
V07_T0077,石膏,Plaster,,V07,材质类型 / 合成与其他,石膏的粗糙质感与自然纹理。,石膏 的表面质感与材质特征。,赋予物体该材质时引用。,材质;质感,,,材质;合成,整理,published,V1.0
V07_T0078,皮肤,Skin,,V07,材质类型 / 自然有机,皮肤是人体表皮组织，表层有毛孔纹理、微细绒毛与不均匀反光，皮下血色透出形成肤色，含汗油高光易产生SSS次表面散射。,毛孔纹理、透血肤色、次表面散射。,用于写实人物皮肤的毛孔纹理与次表面散射柔光画面。,材质;生物,,,材质;自然有机,整理,published,V1.0
V07_T0079,毛发,Fur,,V07,材质类型 / 自然有机,毛发的柔软质感与编织纹理。,毛发 的有机纹理与自然质感。,表现该自然有机材质时引用。,自然;材质,,,材质;自然有机,整理,published,V1.0
V07_T0080,鳞片,Scales,,V07,材质类型 / 自然有机,鳞片是动物硬质角质层呈瓦片状排列的表皮结构，表面光滑反光、边缘翘起微高光、按层次递叠形成珠光式亮带。,瓦片叠层、光滑反光、珠光亮带。,用于鱼类、爬行类及龙族鳞片的瓦片叠层珠光画面。,材质;生物,,,材质;自然有机,整理,published,V1.0
V07_T0081,羽毛,Feathers,,V07,材质类型 / 自然有机,羽毛的柔软质感与编织纹理。,羽毛 的有机纹理与自然质感。,表现该自然有机材质时引用。,自然;材质,,,材质;自然有机,整理,published,V1.0
V07_T0082,树叶,Leaves,,V07,材质类型 / 自然有机,树叶是植物叶器官，含叶脉骨架、叶肉薄膜与角质表层，正反面色差、边缘锯齿与透光叶脉纹是其视觉标志。,叶脉骨架、角质透光、正反色差。,用于植被与风景的树叶叶脉透光纹理画面。,材质;生物,,,材质;自然有机,整理,published,V1.0
V07_T0083,花瓣,Flower Petals,,V07,材质类型 / 自然有机,花瓣是花器官的薄片变态叶，曲面柔和半透、含细密脉络与微小绒毛，矿物感丝绸感兼具，强光透出彩色光晕。,柔曲面透光、脉绒细腻、彩色光晕。,用于花卉与服饰图案的半透花瓣柔曲面画面。,材质;生物,,,材质;自然有机,整理,published,V1.0
V07_T0084,水面,Water Surface,,V07,材质类型 / 自然有机,水面的流动或松散物理特性。,水面 的有机纹理与自然质感。,表现该自然有机材质时引用。,自然;材质,,,材质;自然有机,整理,published,V1.0
V07_T0085,冰,Ice,,V07,材质类型 / 自然有机,冰的透明与折射光学特性。,冰 的有机纹理与自然质感。,表现该自然有机材质时引用。,自然;材质,,,材质;自然有机,整理,published,V1.0
V07_T0086,雪,Snow,,V07,材质类型 / 自然有机,雪的流动或松散物理特性。,雪 的有机纹理与自然质感。,表现该自然有机材质时引用。,自然;材质,,,材质;自然有机,整理,published,V1.0
V07_T0087,沙,Sand,,V07,材质类型 / 自然有机,沙是岩石风化的细颗粒矿物集合，单粒呈半透晶面、群体呈流纹堆积，质感颗粒粗糙、风起扬扬可形成沙丘波纹。,颗粒堆积、流纹风纹、半透晶面。,用于沙漠、河岸及滩涂的细颗粒沙堆流纹画面。,材质;自然,,,材质;自然有机,整理,published,V1.0
V07_T0088,泥,Mud,,V07,材质类型 / 自然有机,泥的流动或松散物理特性。,泥 的有机纹理与自然质感。,表现该自然有机材质时引用。,自然;材质,,,材质;自然有机,整理,published,V1.0
V07_T0089,岩浆,Lava,,V07,材质类型 / 自然有机,岩浆的粗糙质感与自然纹理。,岩浆 的有机纹理与自然质感。,表现该自然有机材质时引用。,自然;材质,,,材质;自然有机,整理,published,V1.0
V07_T0090,抛光,Polished,,V07,表面处理,抛光是机械磨削使表面达到镜面级平滑的处理，消除划痕高光锐利反射清晰，金属与石材抛光呈现强镜面光。,镜面无痕、高光锐利、清晰反射。,用于金属石材及高端器物的镜面抛光高反射画面。,材质;表面处理,,,材质;表面,整理,published,V1.0
V07_T0091,拉丝,Brushed,,V07,表面处理,拉丝的柔软质感与编织纹理。,拉丝 处理形成的表面光泽与肌理。,为表面叠加该处理效果。,表面;质感,,,材质;表面,整理,published,V1.0
V07_T0092,磨砂哑光,Matte,,V07,表面处理,磨砂哑光的粗糙质感与自然纹理。,磨砂哑光 处理形成的表面光泽与肌理。,为表面叠加该处理效果。,表面;质感,,,材质;表面,整理,published,V1.0
V07_T0093,镜面,Mirror Glossy,,V07,表面处理,镜面是反射率极高且散射极低的表面，能成像反射环境与主体，高光极锐成点状，是反光极强的一类抛光面。,极高清成像、点状锐高光。,用于镜面墙体、抛光金属及水面倒影的成像反射画面。,材质;表面处理,,,材质;表面,整理,published,V1.0
V07_T0094,做旧风化,Weathered,,V07,表面处理,做旧风化是通过化学腐蚀、物理打磨使新物表面呈现年代磨损的工艺，含氧化变色、划痕与污渍，传达岁月痕迹。,氧化变色、划痕污渍、岁月痕迹。,用于复古道具与年代场景的做旧风化磨损痕迹画面。,材质;表面处理,,,材质;表面,整理,published,V1.0
V07_T0095,生锈,Rusted,,V07,表面处理,生锈是铁基金属氧化生成红褐氧化铁层的腐蚀过程，附着蓬松粒状锈块、剥落露出基体，质感粗糙且加速腐蚀。,红褐锈层、蓬松粒状、剥落粗糙。,用于废旧铁器、车辆与工业废墟的红褐生锈质感画面。,材质;表面处理,,,材质;表面,整理,published,V1.0
V07_T0096,氧化,Oxidized,,V07,表面处理,氧化是金属与氧反应生成氧化层使表面色变暗沉或生色的过程，铜生绿锈银变黑、铝生成保护层，质感多由光亮转亚光。,色变暗沉、亚光氧化层。,用于金属表面氧化色变与年代感的氧化层画面。,材质;表面处理,,,材质;表面,整理,published,V1.0
V07_T0097,磨损划痕,Scratched Worn,,V07,表面处理,磨损划痕是物体表面因摩擦刮削留下的细沟浅纹，硬物划痕锐利发亮、软物呈毛糙哑光，传达使用痕迹与年代。,细沟浅纹、发亮或毛糙、使用痕迹。,用于旧物表面与道具磨损细节的划痕细纹画面。,材质;表面处理,,,材质;表面,整理,published,V1.0
V07_T0098,湿润反光,Wet Glossy,,V07,表面处理,湿润反光是表面被水膜覆盖后反光率提升的现象，色饱和加深、高光连续成片、纹理毛孔被填充平滑，传递雨后水汽感。,水膜反光、饱和加深、纹理平滑。,用于雨后路面与汗湿皮肤的湿润反光水膜画面。,材质;表面处理,,,材质;表面,整理,published,V1.0
V07_T0099,油污,Greasy,,V07,表面处理,油污是油脂附着于表面的污染状态，呈现彩色薄膜反光晕、油花分散与不规则高光带，质感黏腻发亮传达工业或污渍。,彩色油晕、不规则亮带、黏腻发亮。,用于机械、厨房与污渍环境的油污彩色晕光画面。,材质;表面处理,,,材质;表面,整理,published,V1.0
V07_T0100,灰尘污渍,Dusty Grimy,,V07,表面处理,灰尘污渍是细颗粒与污痕附着表面的污浊状态，灰尘呈均匀亚光薄层降低饱和、污渍呈点状或片状不规则色斑。,亚光薄尘、饱和降低、点状污渍。,用于废弃场景与未打扫环境的灰尘薄层与污渍画面。,材质;表面处理,,,材质;表面,整理,published,V1.0
V07_T0101,苔藓附着,Mossy,,V07,表面处理,苔藓附着是苔藓在潮湿表面附生形成的绿色绒层，质密微湿呈不规则斑块，多见于阴湿墙面、石碑与树皮。,绿色绒层、不规则斑块、潮湿微反光。,用于阴湿墙面、石碑与树皮的苔藓附生绿绒画面。,材质;表面处理,,,材质;表面,整理,published,V1.0
V07_T0102,龟裂,Cracked,,V07,表面处理,龟裂是表面因干燥老化或热应力产生的不规则网状裂纹，裂沟深暗、边缘微翘，多见于干涸泥地、老漆与陶面。,网状裂沟、深暗微翘、不规则网纹。,用于干涸泥地、老漆与陶面的网状龟裂纹路画面。,材质;表面处理,,,材质;表面,整理,published,V1.0
V07_T0103,锤纹,Hammered,,V07,表面处理,锤纹是金属表面经锤击形成的微凹凸波浪纹理，反光呈不连续斑驳高光带、保留手工锻打的金属装饰感。,微凹凸波纹、斑驳高光、手工锻感。,用于手工锻打金属器与饰面的锤纹斑驳高光画面。,材质;表面处理,,,材质;表面,整理,published,V1.0
V07_T0104,光线追踪,Ray Tracing,,V07,渲染算法,光线追踪是逐光线跟踪其在场景中反射折射路径的渲染算法，能算出真实的反射折射与阴影，是物理真实感的基石。,真实反射折射阴影、物理准确。,用于需要物理准确反射折射与阴影的写实渲染。,渲染;反射,,,材质;渲染算法,整理,published,V1.0
V07_T0105,路径追踪,Path Tracing,,V07,渲染算法,路径追踪是光线追踪的物理正确简化版，随机抽样光路径直到命中光源，能求解完整全局光照但采样噪声需多帧收敛。,物理全局光照、采样收敛。,用于追求物理正确全局光照的写实离线渲染。,渲染;GI,,,材质;渲染算法,整理,published,V1.0
V07_T0106,全局光照,Global Illumination,,V07,渲染算法,全局光照是计算光线在场景中多次弹射形成的间接照明，使暗部也有反射光、明暗过渡真实，告别死黑。,间接照明、暗部不死黑、真实过渡。,用于表现间接光弹射、暗部有反射光的真实照明。,渲染;GI,,,材质;渲染算法,整理,published,V1.0
V07_T0107,光栅化,Rasterization,,V07,渲染算法,光栅化是将矢量几何图形转换为屏幕像素栅格的渲染阶段，是图形管线的最后步骤，决定显示分辨率与走样程度。,矢量转像素、走样分级、管线最终。,用于描述图形管线中几何到像素的光栅化阶段。,渲染;光栅化,,,材质;渲染算法,整理,published,V1.0
V07_T0108,体积渲染,Volumetric,,V07,渲染算法,体积渲染的渲染算法与光照计算方式。,体积渲染 算法对光照、阴影与真实感的影响。,按该渲染算法表现光照。,渲染;算法,,,材质;渲染算法,整理,published,V1.0
V07_T0109,焦散,Caustics,,V07,渲染算法,焦散是光线经曲面聚焦或反射后形成的高亮度光斑图案，常见于水底与玻璃酒杯后的亮纹，是渲染高难度的细节。,聚焦亮斑、水底玻璃光纹。,用于表现水底玻璃等曲面聚焦的高亮焦散光斑。,渲染;焦散,,,材质;渲染算法,整理,published,V1.0
V07_T0110,屏幕空间反射,SSR,,V07,渲染算法,屏幕空间反射是只在屏幕可见像素内近似反射的实时技术，速度快但有屏幕边缘裁剪与看不见物不反射的局限。,实时近似反射、边缘裁剪局限。,用于游戏等实时场景的快速近似平面反射。,实时渲染;反射,,,材质;渲染算法,整理,published,V1.0
V07_T0111,环境光遮蔽渲染,SSAO,,V07,渲染算法,环境光遮蔽渲染的渲染算法与光照计算方式。,环境光遮蔽渲染 算法对光照、阴影与真实感的影响。,按该渲染算法表现光照。,渲染;算法,,,材质;渲染算法,整理,published,V1.0
V07_T0112,光子映射,Photon Mapping,,V07,渲染算法,光子映射是预发射光子记录其弹射分布以加速间接光照计算的GI技术，分两遍构建光子图再渲染，适合复杂间接光场景。,预存光子分布、加速间接光。,用于复杂间接光照场景的预计算光子GI渲染。,渲染;光子,,,材质;渲染算法,整理,published,V1.0
V07_T0113,虚幻引擎5,Unreal Engine 5,,V07,引擎与质量,虚幻引擎5是Epic的实时引擎，靠Nanite无限源与Lumen动态GI实现实时电影级可视化，无需烘焙即可影视级画面。,实时电影级、无烘焙动态GI。,用于实时影视级可视化与游戏画面渲染。,实时渲染;UE5,,,材质;引擎,整理,published,V1.0
V07_T0114,Octane,Octane Render,,V07,引擎与质量,Octane是基于GPU的物理正确路径追踪渲染器，速度与写实兼顾，广泛用于产品与概念的快速写实出图。,GPU物理路径追踪、快速写实。,用于产品概念等需快速写实物理渲染的场景。,GPU渲染;Octane,,,材质;引擎,整理,published,V1.0
V07_T0115,Arnold,Arnold,,V07,引擎与质量,Arnold是Pixar系影视工业级离线渲染器，以物理正确与抗锯齿稳定著称，是好莱坞影视后期的主流渲染引擎。,影视工业级、物理正确稳定。,用于影视后期工业级物理正确的离线渲染。,影视渲染;Arnold,,,材质;引擎,整理,published,V1.0
V07_T0116,Redshift,Redshift,,V07,引擎与质量,Redshift是基于GPU的偏置路径追踪渲染器，速度优先可调采样策略，是产品广告与广播影视的快速写实选择。,GPU偏置路径、速度优先写实。,用于产品广告等需快速写实的GPU渲染。,GPU渲染;产品,,,材质;引擎,整理,published,V1.0
V07_T0117,Blender Cycles,Cycles,,V07,引擎与质量,Blender Cycles是Blender内置的路径追踪渲染器，物理正确开源，适合中小工作室与独立创作者的写实渲染。,开源物理路径、写实渲染。,用于Blender独立创作者的物理正确写实渲染。,Blender;开源,,,材质;引擎,整理,published,V1.0
V07_T0118,V-Ray,V-Ray,,V07,引擎与质量,V-Ray是建筑可视化与产品渲染主流的偏置渲染器，以高效采样与可控画质著称，是建筑效果图的事实标准之一。,高效偏置采样、可控写实画质。,用于建筑可视化产品渲染的高效写实出图。,建筑可视化;V-Ray,,,材质;引擎,整理,published,V1.0
V07_T0119,照片级写实,Photorealistic,,V07,引擎与质量,照片级写实是追求以假乱真的视觉真实度标准，要求光影材质细节完全模拟真实相机成像，无人工痕迹。,以假乱真、无人工痕迹真实。,用于追求照片般真实度的写实级渲染目标。,写实;渲染,,,材质;引擎,整理,published,V1.0
V07_T0120,8K高细节,8K Detail,,V07,引擎与质量,8K高细节是分辨率达8K且材质纹理几何细节极高的画质标注，强调超清晰与近距无可挑剔的细节密度。,8K超清晰、高细节密度。,用于强调超高分辨率与可近距推敲的细节密度。,高细节;8K,,,材质;引擎,整理,published,V1.0
V07_T0121,PBR写实,PBR Realistic,,V07,引擎与质量,PBR写实的渲染算法与光照计算方式。,PBR写实 带来的渲染质量与画面观感。,按该引擎/质量档位出图。,渲染;引擎,,,材质;引擎,整理,published,V1.0
V02_T0001,大远景,Extreme Long Shot,,V02,景别,宏大全景人物渺小。,大远景 的取景范围与主体比例，决定信息量与情绪距离。,按叙事距离选择该景别。,电影;构图,,,电影;景别,互联网研究整理,published,V1.0
V02_T0002,远景,Long Shot,,V02,景别,环境为主人物较小的景别。,远景 的取景范围与主体比例，决定信息量与情绪距离。,按叙事距离选择该景别。,电影;构图,,,电影;景别,互联网研究整理,published,V1.0
V02_T0003,全景,Full Shot,,V02,景别,人物全身或场景全貌的景别。,全景 的取景范围与主体比例，决定信息量与情绪距离。,按叙事距离选择该景别。,电影;构图,,,电影;景别,互联网研究整理,published,V1.0
V02_T0004,中全景,Medium Long Shot,,V02,景别,人物全身或场景全貌的景别。,中全景 的取景范围与主体比例，决定信息量与情绪距离。,按叙事距离选择该景别。,电影;构图,,,电影;景别,互联网研究整理,published,V1.0
V02_T0005,中景,Medium Shot,,V02,景别,腰部以上或场景中景的景别。,中景 的取景范围与主体比例，决定信息量与情绪距离。,按叙事距离选择该景别。,电影;构图,,,电影;景别,互联网研究整理,published,V1.0
V02_T0006,中近景,Medium Close-Up,,V02,景别,胸部以上或物体主体的景别。,中近景 的取景范围与主体比例，决定信息量与情绪距离。,按叙事距离选择该景别。,电影;构图,,,电影;景别,互联网研究整理,published,V1.0
V02_T0007,近景,Close Shot,,V02,景别,胸部以上或物体主体的景别。,近景 的取景范围与主体比例，决定信息量与情绪距离。,按叙事距离选择该景别。,电影;构图,,,电影;景别,互联网研究整理,published,V1.0
V02_T0008,特写,Close-Up,,V02,景别,面部或物体细节占满画面的景别。,特写 的取景范围与主体比例，决定信息量与情绪距离。,按叙事距离选择该景别。,电影;构图,,,电影;景别,互联网研究整理,published,V1.0
V02_T0009,大特写,Extreme Close-Up,,V02,景别,极端近距离拍摄局部细节的景别。,大特写 的取景范围与主体比例，决定信息量与情绪距离。,按叙事距离选择该景别。,电影;构图,,,电影;景别,互联网研究整理,published,V1.0
V02_T0010,插入镜头,Insert Shot,,V02,景别,插入镜头是切入与主线时空无直接关联的特写或细节镜头，用于补充信息、制造悬念或强调情绪反应。,插入细节、补充信息、制造悬念。,用于切入细节补充信息或制造悬念情绪的电影画面。,剪辑;插入镜头,,,电影;景别,互联网研究整理,published,V1.0
V02_T0011,定场镜头,Establishing Shot,,V02,景别,定场镜头是交代场景空间位置与时间背景的 Establishing Shot，通常置于场景开头为后续叙事建立空间基底。,交代场景空间、建立时空基底。,用于场景开头交代空间位置的定场镜头画面。,景别;定场,,,电影;景别,互联网研究整理,published,V1.0
V02_T0012,双人镜头,Two Shot,,V02,景别,双人镜头是同时纳入两个人的镜头，常用于对话场景表现人物关系与站位，构图以两人为基本结构单元。,两人同框、关系站位、对话结构。,用于对话场景表现两人关系与站位的双人画面。,景别;双人,,,电影;景别,互联网研究整理,published,V1.0
V02_T0013,三人镜头,Three Shot,,V02,景别,三人镜头是同时纳入三个人的镜头，用于群组对话与三角关系站位，需控制构图平衡避免拥挤。,三人同框、三角站位、群组平衡。,用于群组对话与三角关系的三人同框画面。,景别;三人,,,电影;景别,互联网研究整理,published,V1.0
V02_T0014,群像镜头,Group Shot,,V02,景别,群像镜头是容纳多人的镜头，用于表现群体氛围与人数规模，构图以群体节奏与层次为主。,多人同框、群体氛围、人数规模。,用于表现群体氛围与人数规模的群像画面。,景别;群像,,,电影;景别,互联网研究整理,published,V1.0
V02_T0015,主视点镜头,POV Shot,,V02,景别,主视点镜头以画面内角色的视角直接呈现其所见，主观代入感强，用于让观众代入特定角色的观看。,主观视角、代入感强、角色所见。,用于以角色视角代入的POV主观镜头画面。,景别;POV,,,电影;景别,互联网研究整理,published,V1.0
V02_T0016,推镜,Dolly In,,V02,机位运动,镜头向前推进靠近主体的运动。,推镜 运镜带来的视点移动与动态张力。,用该运镜营造对应动态与情绪。,运镜;动态,,,电影;运动,互联网研究整理,published,V1.0
V02_T0017,拉镜,Dolly Out,,V02,机位运动,镜头向后拉远离主体的运动。,拉镜 运镜带来的视点移动与动态张力。,用该运镜营造对应动态与情绪。,运镜;动态,,,电影;运动,互联网研究整理,published,V1.0
V02_T0018,横摇,Pan,,V02,机位运动,镜头水平或垂直旋转扫视的运动。,横摇 运镜带来的视点移动与动态张力。,用该运镜营造对应动态与情绪。,运镜;动态,,,电影;运动,互联网研究整理,published,V1.0
V02_T0019,纵摇,Tilt,,V02,机位运动,镜头水平或垂直旋转扫视的运动。,纵摇 运镜带来的视点移动与动态张力。,用该运镜营造对应动态与情绪。,运镜;动态,,,电影;运动,互联网研究整理,published,V1.0
V02_T0020,移镜,Tracking,,V02,机位运动,镜头平行移动跟随主体的运动。,移镜 运镜带来的视点移动与动态张力。,用该运镜营造对应动态与情绪。,运镜;动态,,,电影;运动,互联网研究整理,published,V1.0
V02_T0021,跟镜,Follow,,V02,机位运动,镜头跟随移动主体保持距离的运动。,跟镜 运镜带来的视点移动与动态张力。,用该运镜营造对应动态与情绪。,运镜;动态,,,电影;运动,互联网研究整理,published,V1.0
V02_T0022,升降镜,Pedestal,,V02,机位运动,镜头垂直升降改变高度的运动。,升降镜 运镜带来的视点移动与动态张力。,用该运镜营造对应动态与情绪。,运镜;动态,,,电影;运动,互联网研究整理,published,V1.0
V02_T0023,摇臂,Crane,,V02,机位运动,镜头水平或垂直旋转扫视的运动。,摇臂 运镜带来的视点移动与动态张力。,用该运镜营造对应动态与情绪。,运镜;动态,,,电影;运动,互联网研究整理,published,V1.0
V02_T0024,斯坦尼康,Steadicam,,V02,机位运动,稳定器平滑流畅的移动拍摄。,斯坦尼康 运镜带来的视点移动与动态张力。,用该运镜营造对应动态与情绪。,运镜;动态,,,电影;运动,互联网研究整理,published,V1.0
V02_T0025,手持,Handheld,,V02,机位运动,手持拍摄产生晃动真实感的运动。,手持 运镜带来的视点移动与动态张力。,用该运镜营造对应动态与情绪。,运镜;动态,,,电影;运动,互联网研究整理,published,V1.0
V02_T0026,轨道车,Dolly Track,,V02,机位运动,轨道车借助轨道实现平滑推拉摇移的摄像机运动，移动轨迹精确稳定无抖动，是镜头运动的常用工具基础。,轨道平滑运动、轨迹稳定精确。,用于实现平滑推拉摇移的轨道车摄像机运动画面。,机位运动;跟踪车,,,电影;运动,互联网研究整理,published,V1.0
V02_T0027,变焦推拉,Zoom,,V02,机位运动,镜头向前推进靠近主体的运动。,变焦推拉 运镜带来的视点移动与动态张力。,用该运镜营造对应动态与情绪。,运镜;动态,,,电影;运动,互联网研究整理,published,V1.0
V02_T0028,急推变焦,Crash Zoom,,V02,机位运动,镜头向前推进靠近主体的运动。,急推变焦 运镜带来的视点移动与动态张力。,用该运镜营造对应动态与情绪。,运镜;动态,,,电影;运动,互联网研究整理,published,V1.0
V02_T0029,希区柯克变焦,Dolly Zoom,,V02,机位运动,改变焦距放大缩小的镜头运动。,希区柯克变焦 运镜带来的视点移动与动态张力。,用该运镜营造对应动态与情绪。,运镜;动态,,,电影;运动,互联网研究整理,published,V1.0
V02_T0030,甩镜,Whip Pan,,V02,机位运动,快速摇动镜头产生模糊过渡的运动。,甩镜 运镜带来的视点移动与动态张力。,用该运镜营造对应动态与情绪。,运镜;动态,,,电影;运动,互联网研究整理,published,V1.0
V02_T0031,环绕镜头,Arc Shot,,V02,机位运动,镜头围绕主体旋转拍摄的运动。,环绕镜头 运镜带来的视点移动与动态张力。,用该运镜营造对应动态与情绪。,运镜;动态,,,电影;运动,互联网研究整理,published,V1.0
V02_T0032,航拍,Aerial Drone,,V02,机位运动,空中俯瞰的无人机或直升机拍摄。,航拍 运镜带来的视点移动与动态张力。,用该运镜营造对应动态与情绪。,运镜;动态,,,电影;运动,互联网研究整理,published,V1.0
V02_T0033,FPV穿越,FPV Drone,,V02,机位运动,FPV穿越是第一人称穿越机的极速穿越飞行镜头，沿复杂路径高速穿梭，代入感与冲击力强是极限视角代表。,极速穿越、路径复杂、冲击代入。,用于穿越机极速穿梭复杂路径的FPV极限视角。,机位运动;FPV,,,电影;运动,互联网研究整理,published,V1.0
V02_T0034,车载镜头,Car Mount,,V02,机位运动,车载镜头是把摄像机固定于车上的运动镜头，随车行进获得稳定的跟车拍摄画面，适合追逐与行进叙事。,跟车稳定、行进跟随。,用于固定于车上的行进跟车拍摄画面。,机位运动;车载,,,电影;运动,互联网研究整理,published,V1.0
V02_T0035,肩扛,Shoulder Rig,,V02,机位运动,肩扛是摄像师手持肩拍的运动方式，伴随自然呼吸抖动，纪实感与临场感强，适合新闻纪实与现场感镜头。,手持抖动、纪实临场、随行拍。,用于追求纪实临场感与现场呼吸抖动的肩扛镜头。,机位运动;手持,,,电影;运动,互联网研究整理,published,V1.0
V02_T0036,一镜到底,Long Take,,V02,机位运动,一镜到底是用一个镜头不间断完成整段叙事的长镜头，无剪辑点考验调度与运镜，是段落营造沉浸感的手法。,无剪辑点、一镜到底、调度运镜。,用于一个镜头不间断完成整段叙事的长镜头画面。,机位运动;长镜头,,,电影;运动,互联网研究整理,published,V1.0
V02_T0037,俯冲镜头,Top-Down Dive,,V02,机位运动,俯冲镜头是从高空急速向下俯冲的运镜，垂直急降与剧烈纵深变化，营造坠落冲击与上帝视角骤降感。,高空急降、垂直俯冲、纵深冲击。,用于高空急速垂直向下俯冲的冲击运镜画面。,机位运动;俯冲,,,电影;运动,互联网研究整理,published,V1.0
V02_T0038,球面镜头,Spherical Lens,,V02,镜头类型与光学,球面镜头是矫正畸变使成像自然的常规光学镜头，散景圆形均匀无椭圆变形，是多数电影与摄影的标准镜头。,成像自然、圆形散景、无椭圆变形。,用于追求自然成像与圆形均散景的标准球面镜头画面。,镜头类型;球面,,,电影;镜头光学,互联网研究整理,published,V1.0
V02_T0039,变形镜头,Anamorphic Lens,,V02,镜头类型与光学,变形宽银幕镜头使画面横向挤压拉伸成像，散景呈横向椭圆与蓝条眩光，制造宽屏与复古电影质感是宽画幅电影标志。,横向拉伸、椭圆散景、蓝条眩光。,用于横向椭圆散景与蓝条眩光的宽屏复古电影质感画面。,镜头类型;变形,,,电影;镜头光学,互联网研究整理,published,V1.0
V02_T0040,超广角,Ultra Wide,,V02,镜头类型与光学,超广角是焦距超短视角超广的镜头，夸大近大远小与边缘畸变，能营造强烈纵深与冲击感及地平线弯曲。,超广角、夸大纵深、边缘畸变。,用于夸大纵深与边缘畸变的强烈透视冲击超广角画面。,镜头类型;超广角,,,电影;镜头光学,互联网研究整理,published,V1.0
V02_T0041,广角,Wide Lens,,V02,镜头类型与光学,广角是焦距短于标准的广视角镜头，视角广、景深深、近大远小透视夸张，适合宏大场景与紧凑空间强调纵深。,广视角深景深、透视夸张、强调纵深。,用于宏大场景与紧凑空间强调纵深的广角镜头画面。,镜头类型;广角,,,电影;镜头光学,互联网研究整理,published,V1.0
V02_T0042,标准镜头,Standard Lens,,V02,镜头类型与光学,标准镜头是焦距接近人眼视角的镜头，透视自然无夸大压缩，成像最接近人眼所见是纪实与中性叙事首选。,透视自然、接近人眼、无夸张。,用于追求接近人眼自然视角的标准镜头中性叙事画面。,镜头类型;标准,,,电影;镜头光学,互联网研究整理,published,V1.0
V02_T0043,长焦,Telephoto,,V02,镜头类型与光学,长焦是焦距长的窄视角镜头，压缩纵深使背景拉近放大，背景虚化强适合远距离特写与压缩分离主体。,纵深压缩、背景拉近、虚化强。,用于纵深压缩与背景靠近虚化的长焦特写画面。,镜头类型;长焦,,,电影;镜头光学,互联网研究整理,published,V1.0
V02_T0044,微距,Macro,,V02,镜头类型与光学,微距镜头是可极近距离对焦放大的镜头，能拍清肉眼难辨的小物体细节，适合昆虫电子零件与微观纹理近摄。,极近对焦、微观细节、放大微物。,用于极近距离拍摄微观细节与近物纹理的微距画面。,镜头类型;微距,,,电影;镜头光学,互联网研究整理,published,V1.0
V02_T0045,移轴,Tilt-Shift,,V02,镜头类型与光学,移轴镜头可倾角偏移光轴控制焦平面，能矫正透视或制造局部聚焦，适合建筑透视矫正与玩具微缩效果。,偏移光轴、矫正透视、局部聚焦。,用于矫正建筑透视或制造玩具微缩感的局部聚焦画面。,镜头类型;移轴,,,电影;镜头光学,互联网研究整理,published,V1.0
V02_T0046,柔焦镜头,Soft Focus,,V02,镜头类型与光学,柔焦镜头是刻意降低锐度制造柔光晕散的镜头，使画面弥漫梦幻柔光柔化锐边瑕疵，是柔美人像与怀旧常见。,柔光晕散、梦幻柔焦、柔化锐边。,用于漫散柔光晕、柔化锐边瑕疵的梦幻柔焦画面。,镜头类型;柔焦,,,电影;镜头光学,互联网研究整理,published,V1.0
V02_T0047,复古镜头,Vintage Lens,,V02,镜头类型与光学,复古镜头多有非球面矫正不足与镀膜缺陷，成像有眩光紫边与柔和发色，是有意保留的复古电影与怀旧质感。,眩光紫边、复古怀旧、柔和发色。,用于刻意保留眩光紫边与柔和发色的复古镜头质感画面。,镜头类型;复古,,,电影;镜头光学,互联网研究整理,published,V1.0
V02_T0048,鱼眼,Fisheye,,V02,镜头类型与光学,鱼眼是焦距极短视角接近180度的镜头，边缘强烈枕形畸变使直线弯曲成圆，是极端夸张透视与超广特殊效果。,极广视角、枕形畸变、直线弯曲成圆。,用于边缘强烈枕形畸变与夸张超广的鱼眼效果画面。,镜头类型;鱼眼,,,电影;镜头光学,互联网研究整理,published,V1.0
V02_T0049,主镜头,Master Shot,,V02,镜头语言,主镜头是涵盖整场连续表演的全景长拍镜头，常作剪辑基轴与备片安全网，保证叙事与空间基准完整。,全景长拍、连贯完整、剪辑基轴。,用于覆盖整场连续表演以建立剪辑基轴的画面。,镜头语言;主镜头,,,电影;镜头语言,互联网研究整理,published,V1.0
V02_T0050,正反打,Shot Reverse,,V02,镜头语言,正反打是两个相对视角镜头来回切换的对位剪辑法，多用于对话与对峙，建立人物空间关系与视线对应。,视角对切、视线对应、空间关系。,用于对话双方视线互切或对峙相互应答的画面。,镜头语言;正反打,,,电影;镜头语言,互联网研究整理,published,V1.0
V02_T0051,过肩镜头,Over-the-Shoulder,,V02,镜头语言,过肩镜头是从一人肩头后越过拍摄另一人的中近景，前景带局部肩部轮廓，强化对话亲临感与纵深。,越肩前景、纵深构图、对话亲临。,用于对话场景建立两人空间关系与代入视角的画面。,镜头语言;过肩,,,电影;镜头语言,互联网研究整理,published,V1.0
V02_T0052,反应镜头,Reaction Shot,,V02,镜头语言,反应镜头是切到人物对前一动作情绪反应的面部特写，用来传递内心、放大情绪或制造喜剧停顿。,面部特写、情绪放大、节奏停顿。,用于捕捉人物对前一事件情绪反应的特写画面。,镜头语言;反应镜头,,,电影;镜头语言,互联网研究整理,published,V1.0
V02_T0053,空镜头,Cutaway,,V02,镜头语言,空镜头是无人物出现的景物画面，用于抒情、转场、隐喻或留白，借环境传达情绪与时间流逝。,无人物景、抒情留白、隐喻转场。,用于借景物抒情转场或留白隐喻的画面。,镜头语言;空镜头,,,电影;镜头语言,互联网研究整理,published,V1.0
V02_T0054,长镜头,Long Take,,V02,镜头语言,长镜头是不间断拍摄较长时间段的长时连续镜头，保留时空统一与表演连贯，凸显调度复杂与真实感。,长时不切、时空统一、调度复杂。,用于保留时空连续与表演连贯的长时单镜头画面。,镜头语言;长镜头,,,电影;镜头语言,互联网研究整理,published,V1.0
V02_T0055,180度轴线,180 Rule,,V02,镜头语言,180度轴线是保持对话双方机位处于动作轴线同一侧180度半圆内的剪辑法则，维持方向一致避免越轴错乱。,同侧机位、方向一致、避免越轴。,用于规范对话场景机位排布保持方向连续的画面。,镜头语言;轴线,,,电影;镜头语言,互联网研究整理,published,V1.0
V02_T0056,深焦,Deep Focus,,V02,镜头语言,深焦是让前景到远景全部清晰对焦的摄影法，配合广角大景深实现多层面调度，凸显纵深空间内并行动作。,全程清晰、纵深调度、多层并展。,用于让前后景同时清晰以承载纵深调度的画面。,镜头语言;深焦,,,电影;镜头语言,互联网研究整理,published,V1.0
V02_T0057,对焦转移,Rack Focus,,V02,镜头语言,对焦转移是在同一镜头内将焦点由一主体转移到另一主体的手法，引导观众视线在前后景之间切换。,焦点切换、视线引导、前后跳焦。,用于在同一镜头内引导视线由前转后或人转物的画面。,镜头语言;对焦转移,,,电影;镜头语言,互联网研究整理,published,V1.0
V02_T0058,交叉剪辑,Cross-Cutting,,V02,镜头语言,交叉剪辑是在两条并行线索之间来回切换的剪辑法，制造同时发生感、悬念张力或因果对照。,双线并行、同时发生、悬念张力。,用于并展两条线索制造同时感与悬念的交叉剪辑画面。,镜头语言;交叉剪辑,,,电影;镜头语言,互联网研究整理,published,V1.0
V02_T0059,蒙太奇,Montage,,V02,镜头语言,蒙太奇是按特定节奏与含义将多镜头拼接组合的剪辑手法，借镜头并置产生新意义，常压缩时间与概括过程。,镜头并置、节奏拼接、意义生成。,用于压缩时长概括过程或并置生义的剪辑组合画面。,镜头语言;蒙太奇,,,电影;镜头语言,互联网研究整理,published,V1.0
V02_T0060,闪回,Flashback,,V02,镜头语言,闪回是从当前时空切入先前事件的时间倒叙手法，用于揭示背景动机或记忆，常以特殊过渡与色调区分。,时间倒叙、记忆插入、过渡区分。,用于插入过往事件揭示人物动机或背景的闪回画面。,镜头语言;闪回,,,电影;镜头语言,互联网研究整理,published,V1.0
V02_T0061,三点布光,Three-Point,,V02,电影布光与影调,三点布光是由主光、辅光、轮廓光三盏灯协同塑形的标准布光法，主光定调辅光补暗轮廓光分离主体与背景。,三灯协塑、主辅轮廓、立体分离。,用于人物或产品三维塑形的标准三灯布光组合。,布光;三点布光,,,电影;布光,互联网研究整理,published,V1.0
V02_T0062,高调影像,High Key,,V02,电影布光与影调,高调影像是低光比、均匀照度、亮部主导的布光风格，画面明亮通透阴影极少，传达轻快柔和明朗情绪。,低光比、亮部主导、阴影极少。,用于喜剧广告人像等轻快明亮情绪的高调布光画面。,布光;高调,,,电影;布光,互联网研究整理,published,V1.0
V02_T0063,低调影像,Low Key,,V02,电影布光与影调,低调影像是高光比、阴影主导、暗部占多的低照度布光风格，借大面积黑与少量高光营造神秘悬念与戏剧张力。,高光比、阴影主导、暗部占多。,用于悬疑黑色电影等浓重暗调戏剧情绪的低调布光画面。,布光;低调,,,电影;布光,互联网研究整理,published,V1.0
V02_T0064,明暗对照,Chiaroscuro,,V02,电影布光与影调,明暗对照是源自绘画的强光暗对比布光手法，以单一硬光源在主体上制造锐利明暗分界，凸显立体与戏剧冲突。,强明暗比、锐利分界、立体戏剧。,用于以强对比硬光凸显立体与戏剧冲突的画面。,布光;明暗对照,,,电影;布光,互联网研究整理,published,V1.0
V02_T0065,动机光,Motivated Light,,V02,电影布光与影调,动机光是光源位置与方向贴合场景内可见光源（窗、灯、火）的布光法，使光照逻辑合理画面真实可信。,贴合场源、逻辑合理、真实可信。,用于让光照逻辑匹配场景内可见光源的动机布光画面。,布光;动机光,,,电影;布光,互联网研究整理,published,V1.0
V02_T0066,实用光源,Practical Light,,V02,电影布光与影调,实用光源是出现在画面内并参与曝光的真实灯具（台灯、霓虹、烛火），既做道具又做照明，强化氛围与现场感。,画内灯具、道具兼照明、增现场感。,用于以画内真实灯具既照明又增氛围的画面。,布光;实用光源,,,电影;布光,互联网研究整理,published,V1.0
V02_T0067,逆光剪影,Backlit Silhouette,,V02,电影布光与影调,逆光剪影是以强逆光使主体正面曝光不足成黑影的布光法，勾勒边缘轮廓隐去细节，制造神秘悬念与图形美感。,强逆黑影、轮廓勾勒、隐去细节。,用于以逆光勾轮廓隐细节制造神秘图形感的剪影画面。,布光;逆光剪影,,,电影;布光,互联网研究整理,published,V1.0
V02_T0068,边缘光,Rim Light,,V02,电影布光与影调,边缘光是自主体侧后方投向边缘的窄束光，沿轮廓勾出细亮边分离主体与背景，是三点布光第三灯亦是去背利器。,侧后窄束、轮廓细亮边、背景分离。,用于沿轮廓勾亮边分离主体与背景的边缘光画面。,布光;边缘光,,,电影;布光,互联网研究整理,published,V1.0
V02_T0069,顶光,Top Light,,V02,电影布光与影调,顶光是自头顶垂直下投的光位，制造眼窝鼻下深影与神圣威严或诡异骨感，常用于审判神祇与压抑人物刻画。,垂直下投、深眼窝影、威严诡异。,用于自顶垂直下投制造深影威严或诡异的人物画面。,布光;顶光,,,电影;布光,互联网研究整理,published,V1.0
V02_T0070,底光,Underlight,,V02,电影布光与影调,底光是自主体下方上投的光位，制造反常阴影与恐怖扭曲感，常用于鬼怪反派与篝火手电等场景。,下方上投、反常阴影、恐怖扭曲。,用于下方上投制造反常阴影恐怖扭曲感的画面。,布光;底光,,,电影;布光,互联网研究整理,published,V1.0
V02_T0071,夜戏蓝调,Day-for-Night,,V02,电影布光与影调,夜戏蓝调是以冷蓝色调与欠曝模拟夜间的夜拍手法，将白天拍成夜晚，借蓝色滤镜与低照度营造月夜冷调。,冷蓝欠曝、模拟夜间、月夜冷调。,用于以冷蓝欠曝把白天拍成夜间的夜戏蓝调画面。,布光;夜戏蓝调,,,电影;布光,互联网研究整理,published,V1.0
V02_T0072,霓虹混光,Neon Mixed,,V02,电影布光与影调,霓虹混光是以紫红青蓝等高饱和霓虹色彩多源混合照明的布光，制造赛博朋克与都市夜色的迷幻高对比彩色氛围。,高饱和霓虹色、多源混色、迷幻赛博。,用于赛博朋克都市夜景的多彩霓虹混合照明画面。,布光;霓虹混光,,,电影;布光,互联网研究整理,published,V1.0
V02_T0073,火光,Firelight,,V02,电影布光与影调,火光是模拟篝火蜡烛爆炸等火焰光源的暖色跳动布光，以橙红低色温与不规则明灭闪烁制造温暖原始与危机不安。,暖橙跳变、不规则闪烁、温暖危机。,用于模拟蜡烛篝火爆炸等暖色跳动火焰光的画面。,布光;火光,,,电影;布光,互联网研究整理,published,V1.0
V02_T0074,月光,Moonlight,,V02,电影布光与影调,月光是模拟夜空冷色月光的布光，以高色温偏蓝漫射低照度营造冷清静谧孤寂的夜色氛围，常见夜外景空镜。,冷蓝漫射、低照度夜、静谧孤寂。,用于模拟冷蓝月光的静谧夜外景与孤寂氛围画面。,布光;月光,,,电影;布光,互联网研究整理,published,V1.0
V02_T0075,频闪,Strobe,,V02,电影布光与影调,频闪是间歇性高速明灭的强光照明，制造眩晕紧张节奏错乱感，常用于夜店警灯故障灯与癫痫式混乱场景。,高速明灭、眩晕紧张、节奏错乱。,用于夜店警灯故障灯等高速明灭的眩晕频闪画面。,布光;频闪,,,电影;布光,互联网研究整理,published,V1.0
V02_T0076,柔光氛围,Soft Mood,,V02,电影布光与影调,柔光氛围是以大型柔光面或漫射产生低对比均衡柔光的布光，弱化阴影使过渡细腻，传达平和高级与电影感肤质。,低对比柔光、阴影细腻、电影感肤质。,用于以大柔面制造低对比细腻过渡的高级电影感画面。,布光;柔光氛围,,,电影;布光,互联网研究整理,published,V1.0
V02_T0077,硬光戏剧,Hard Dramatic,,V02,电影布光与影调,硬光戏剧是以小面积硬光源产生锐利阴影与高光比的高对比布光，强化肌理质感与冲突戏剧张力，常用审讯黑色片。,硬光锐影、高光比、戏剧肌理。,用于以硬光高对比强化肌理与戏剧冲突的画面。,布光;硬光戏剧,,,电影;布光,互联网研究整理,published,V1.0
V02_T0078,学院1.37,Academy 1.37,,V02,画幅与画格,学院1.37是1932年确立的1.37:1近方幅比，胶片黄金年代标准，画面方正紧凑，传达默片与黄金时代复古质感。,1.37方幅、紧凑方正、复古经典。,用于复刻黄金年代默片与经典电影质感的1.37方幅画面。,画幅;学院比,,,电影;画幅,互联网研究整理,published,V1.0
V02_T0079,遮幅1.66,1.66:1,,V02,画幅与画格,遮幅1.66是欧洲常用的1.66:1宽幅，比学院稍宽适于欧洲文艺片与自然景构图，简洁克制传达文艺写实质感。,1.66宽幅、欧洲文艺、克制写实。,用于欧洲文艺与自然景构图的1.66遮幅宽屏画面。,画幅;遮幅1.66,,,电影;画幅,互联网研究整理,published,V1.0
V02_T0080,遮幅1.85,1.85:1,,V02,画幅与画格,遮幅1.85是北美主流的1.85:1标准宽幅，非变形直接遮上下黑边成宽屏，兼顾叙事构图与影院兼容的主流选择。,1.85标准宽、上下遮幅、影院主流。,用于北美主流叙事影院的1.85标准遮幅宽屏画面。,画幅;遮幅1.85,,,电影;画幅,互联网研究整理,published,V1.0
V02_T0081,变形2.39,Anamorphic 2.39,,V02,画幅与画格,变形2.39是借变形镜头横向压缩再展的2.39:1超宽幅，画面高宽比大、椭圆散景与水平蓝眩光为其标志，电影感强。,2.39超宽、横向压缩、椭圆散景。,用于制造超宽电影感与椭圆散景蓝眩的2.39变形宽屏画面。,画幅;变形2.39,,,电影;画幅,互联网研究整理,published,V1.0
V02_T0082,Ultra Panavision 2.76,2.76:1,,V02,画幅与画格,Ultra Panavision 2.76是65mm变形超宽2.76:1极致幅比，超宽展开与横向壮观构图，专用于史诗大片与大场面奇观。,2.76极致宽、65mm变形、史诗奇观。,用于史诗大片大场面奇观的2.76极致超宽画面。,画幅;Ultra Panavision,,,电影;画幅,互联网研究整理,published,V1.0
V02_T0083,16:9,16:9,,V02,画幅与画格,16:9是1.77:1的高清电视与流媒体标准幅比，兼顾宽屏叙事与家用显示，是当下通用主流的画面比例。,1.77幅宽、高清标准、家用主流。,用于高清电视与流媒体的主流16:9宽屏画面。,画幅;16:9,,,电影;画幅,互联网研究整理,published,V1.0
V02_T0084,4:3,4:3,,V02,画幅与画格,4:3是早年电视与默片的1.33:1方幅，正方紧凑，传达老电视怀旧纪实与年代复古质感，亦用于模拟旧影像。,1.33方幅、紧凑方正、怀旧复古。,用于复古老电视怀旧与模拟旧影像的4:3方幅画面。,画幅;4:3,,,电影;画幅,互联网研究整理,published,V1.0
V02_T0085,竖屏9:16,9:16,,V02,画幅与画格,竖屏9:16是手机短视频主流的0.5625竖幅，高大于宽适合手持竖屏与移动端传播，构图纵向强调人物与上下空间。,竖高0.5625、手持竖屏、纵向构图。,用于手机短视频与移动端竖屏传播的9:16竖幅画面。,画幅;竖屏9:16,,,电影;画幅,互联网研究整理,published,V1.0
V02_T0086,IMAX 1.43,IMAX 1.43,,V02,画幅与画格,IMAX 1.43是70mm胶片巨幕的1.43:1近方大幅比，画面巨大沉浸感极强，兼顾方正构图与高密度细节，史诗奇观首选。,1.43近方、70mm巨幕、沉浸细节。,用于IMAX巨幕高沉浸感与高细节的1.43大幅画面。,画幅;IMAX,,,电影;画幅,互联网研究整理,published,V1.0
V02_T0087,变形椭圆散景,Anamorphic Bokeh,,V02,画幅与画格,变形椭圆散景是变形镜头因水平压缩使焦外光斑呈纵向拉长椭圆形的散景特征，是变形2.39的视觉标志之一。,纵向椭圆光斑、变形标志、焦外拉长。,用于制造变形镜头纵向椭圆光斑焦外特征的画面。,画幅;变形散景,,,电影;画幅,互联网研究整理,published,V1.0
V02_T0088,变形蓝条眩光,Anamorphic Flare,,V02,画幅与画格,变形蓝条眩光是变形镜头强光入射产生的水平横向蓝色条状眩光，源自镜头变形镜组对点光源的特殊反射。,水平蓝条、横向眩光、变形标志。,用于画面中点光源产生水平蓝条眩光的变形镜头特征画面。,画幅;变形眩光,,,电影;画幅,互联网研究整理,published,V1.0
V02_T0089,35mm胶片,35mm Film,,V02,胶片数字与帧率,35mm胶片是电影主流的中画幅胶片规格，颗粒细腻、解析度高、宽容度可调，兼顾画面质感与后期空间，是院线电影标配。,颗粒细腻、解析度高、宽容可调。,用于需要经典电影颗粒质感与高解析度的35mm胶片画面。,胶片;35mm,,,电影;格式帧率,互联网研究整理,published,V1.0
V02_T0090,16mm胶片,16mm Film,,V02,胶片数字与帧率,16mm胶片是窄幅轻便胶片规格，颗粒粗、解像力低、对比高，自带怀旧、纪实与家庭录影质感，常用于纪录片与复古风格。,粗颗粒、窄幅轻便、怀旧纪实。,用于纪录片复古风格与家庭录影质感的16mm粗颗粒画面。,胶片;16mm,,,电影;格式帧率,互联网研究整理,published,V1.0
V02_T0091,Super 8,Super 8,,V02,胶片数字与帧率,Super 8是8mm家用胶片格式，颗粒粗大、边角失光、有划痕与漏光，传达强烈的家庭怀旧与年代 Amateur 质感。,粗大颗粒、边角失光、漏光划痕。,用于复刻家庭家庭录影与年代Amateur质感的Super8画面。,胶片;Super8,,,电影;格式帧率,互联网研究整理,published,V1.0
V02_T0092,65mm胶片,65mm Film,,V02,胶片数字与帧率,65mm胶片是大画幅高解像胶片规格，颗粒极细、解析度极高、宽容度大，专用于IMAX巨幕与史诗大片的高密度细节呈现。,大画幅、解析极高、细节密集。,用于IMAX巨幕与史诗大片的高密度细节65mm画面。,胶片;65mm,,,电影;格式帧率,互联网研究整理,published,V1.0
V02_T0093,数字RAW,RAW,,V02,胶片数字与帧率,数字RAW是相机感光元件原始数据无损记录格式，保留最大动态范围与后期空间，适合宽容度调色与高规格制作。,无损原始、动态范围大、后期空间宽。,用于需要最大动态范围与灵活调色的数字RAW高质量画面。,胶片;数字RAW,,,电影;格式帧率,互联网研究整理,published,V1.0
V02_T0094,LOG灰片,LOG,,V02,胶片数字与帧率,LOG灰片是相机以对数曲线记录的低对比高动态影像，画面平灰低饱和，保留高光与暗部细节供后期调色还原。,对数低对比、平灰待调、宽容度高。,用于保留高光暗部细节供后期调色还原的LOG灰片画面。,胶片;LOG灰片,,,电影;格式帧率,互联网研究整理,published,V1.0
V02_T0095,胶片颗粒,Film Grain,,V02,胶片数字与帧率,胶片颗粒是银盐感光产生的随机颗粒噪点，赋予画面有机质感与年代颗粒感，是胶片与数字模拟胶片的视觉标志。,银盐随机噪、有机质感、年代颗粒。,用于为画面增添胶片有机颗粒质感与年代感的颗粒效果画面。,胶片;颗粒,,,电影;格式帧率,互联网研究整理,published,V1.0
V02_T0096,24帧,24fps,,V02,胶片数字与帧率,24帧是电影24fps的百年标准帧率，每秒24格含适度运动模糊，是电影感与院线放映的运动流畅度基准。,24fps、运动模糊、电影感基准。,用于营造经典电影感与院线标准运动流畅度的24帧画面。,帧率;24帧,,,电影;格式帧率,互联网研究整理,published,V1.0
V02_T0097,25帧,25fps,,V02,胶片数字与帧率,25帧是PAL制电视与欧洲影视的25fps帧率，运动节奏略快于24帧，适配欧洲电视广播与50Hz电网制式。,25fps、PAL制式、运动略快。,用于欧洲PAL电视广播与50Hz制式的25帧影视画面。,帧率;25帧,,,电影;格式帧率,互联网研究整理,published,V1.0
V02_T0098,30帧,30fps,,V02,胶片数字与帧率,30帧是NTSC制电视与北美流媒体的近似30fps帧率，运动较电影稍利落，适配北美电视广播与网生内容。,约30fps、NTSC制式、运动较利落。,用于北美NTSC电视广播与网生内容的30帧画面。,帧率;30帧,,,电影;格式帧率,互联网研究整理,published,V1.0
V02_T0099,48帧高帧,48fps,,V02,胶片数字与帧率,48帧高帧是以48fps拍摄放映的高帧率格式，运动更顺滑清晰、拖尾减弱，适合动作大片与高动态3D沉浸观影。,48fps、运动顺滑、拖尾减弱。,用于动作大片与高动态3D沉浸的高帧率顺滑画面。,帧率;48帧,,,电影;格式帧率,互联网研究整理,published,V1.0
V02_T0100,60帧,60fps,,V02,胶片数字与帧率,60帧是60fps的流畅帧率，运动极度顺滑细腻，常用于游戏直播体育与高端VR，弱化电影模糊感增强实时临场感。,60fps、运动细腻、实时临场。,用于游戏直播体育与高端VR的60帧流畅临场画面。,帧率;60帧,,,电影;格式帧率,互联网研究整理,published,V1.0
V02_T0101,120帧极慢,120fps,,V02,胶片数字与帧率,120帧极慢是以120fps高速拍摄后期慢放至24fps的极慢动作手法，瞬间被拉长5倍，凝固高速细节展现不可见瞬间。,120fps高速、凝固瞬间、细节展现。,用于高速拍摄拉长瞬间展现细节的120帧极慢动作画面。,帧率;120帧,,,电影;格式帧率,互联网研究整理,published,V1.0
V02_T0102,升格慢动作,Slow Motion,,V02,胶片数字与帧率,升格慢动作是高帧率拍摄后以低帧率播放的慢动作手法，时间被延展使动作优雅唯美，常用于抒情戏剧抒情与体育回放。,高拍低放、时间延展、动作唯美。,用于抒情戏剧与体育回放的升格慢动作延展时间画面。,帧率;升格,,,电影;格式帧率,互联网研究整理,published,V1.0
V02_T0103,延时摄影,Timelapse,,V02,胶片数字与帧率,延时摄影是以低频率间隔拍摄长时间过程后正常播放的时间压缩手法，使云驰星移花开楼起等慢变化被加速呈现。,时间压缩、间隔拍摄、慢变加速。,用于压缩呈现云驰星移花开等长时间慢变化的延时画面。,帧率;延时,,,电影;格式帧率,互联网研究整理,published,V1.0
V02_T0104,定格动画,Stop Motion,,V02,胶片数字与帧率,定格动画是逐帧摆拍实体模型逐帧曝光的动画形式，自带手工抖动与材质质感，传达笨拙可爱的手作温度。,逐帧摆拍、手工抖动、材质质感。,用于逐帧摆拍实体模型的定格动画手作质感画面。,帧率;定格动画,,,电影;格式帧率,互联网研究整理,published,V1.0
V02_T0105,子弹时间,Bullet Time,,V02,胶片数字与帧率,子弹时间是以多机环绕同步拍摄主体瞬间再依次播放的环绕凝固手法，使时间凝滞同时镜头环绕，源自《黑客帝国》。,多机同步、时间凝滞、环绕切换。,用于多机环绕凝固瞬间再切换播放的子弹时间画面。,帧率;子弹时间,,,电影;格式帧率,互联网研究整理,published,V1.0
V02_T0106,场面调度,Mise-en-scène,,V02,场面调度与转场,场面调度是安排镜头内演员走位、道具与摄影机运动的整体设计，是镜头内时空与动作组织的总称，决定一镜之内的叙事与构图。,走位安排、机位运动、镜内调度。,用于设计单镜内演员走位与机位运动的场面调度画面。,场面调度;调度,,,电影;调度转场,互联网研究整理,published,V1.0
V02_T0107,纵深调度,Deep Staging,,V02,场面调度与转场,纵深调度是利用前中后景多层安排演员与道具的调度法，借深焦让纵深空间内多层动作并展，强化空间纵深与信息密度。,多层纵深、并展开动作、信息密集。,用于在纵深空间多层并展动作的纵深调度画面。,场面调度;纵深,,,电影;调度转场,互联网研究整理,published,V1.0
V02_T0108,前景遮挡,Foreground Frame,,V02,场面调度与转场,前景遮挡是用道具、人物或门框等前景元素部分遮蔽镜头的构图手法，增加画面纵深与窥视感并暗示主体被观察。,前景遮蔽、纵深窥视、观察暗示。,用于以前景元素框遮主体增加窥视感的构图画面。,场面调度;前景遮挡,,,电影;调度转场,互联网研究整理,published,V1.0
V02_T0109,叠化,Dissolve,,V02,场面调度与转场,叠化是上一镜头淡出的同时下一镜头淡入的交叉过渡，两画面短暂叠合，用于时间流逝、回忆衔接与柔和转场。,交叉叠合、渐隐渐显、柔和过渡。,用于时间流逝与回忆衔接的柔和叠化转场画面。,转场;叠化,,,电影;调度转场,互联网研究整理,published,V1.0
V02_T0110,淡入淡出,Fade,,V02,场面调度与转场,淡入淡出是画面由黑渐显或渐隐至黑的转场手法，淡入常示开场或醒来，淡出示结束或沉睡，传达段落与时间的明显分隔。,黑场渐显渐隐、段落分隔、时间节点。,用于开场结束或段落分隔的淡入淡出转场画面。,转场;淡入淡出,,,电影;调度转场,互联网研究整理,published,V1.0
V02_T0111,划像,Wipe,,V02,场面调度与转场,划像是后一镜头以线条或图形扫过前一镜头的转场法，分界明显、节奏利落，常用复古与综艺风格强调段落切换。,线条扫过、分界明显、段落利落。,用于复古综艺风格明快段落切换的划像转场画面。,转场;划像,,,电影;调度转场,互联网研究整理,published,V1.0
V02_T0112,匹配剪辑,Match Cut,,V02,场面调度与转场,匹配剪辑是借两个镜头间相似形状、动作、位置或颜色衔接的剪辑法，使转场流畅自然并产生意义关联的视觉桥接。,形状动作衔接、转场流畅、意义关联。,用于借相似形状或动作衔接两镜头的匹配剪辑画面。,转场;匹配剪辑,,,电影;调度转场,互联网研究整理,published,V1.0
V02_T0113,跳切,Jump Cut,,V02,场面调度与转场,跳切是在同一主体同一场景内突兀删节片段直接接的剪辑法，制造时间跳跃与节奏断裂，常用于省略时间与紧张感。,同主体跳接、时间省略、节奏断裂。,用于省略时间制造紧张跳跃感的跳切剪辑画面。,转场;跳切,,,电影;调度转场,互联网研究整理,published,V1.0
V02_T0114,硬切,Hard Cut,,V02,场面调度与转场,硬切是无过渡直接由一切到下一的剪辑切换，分界干净利落，是基础剪辑单位，节奏最快最直接体现镜头转换。,直接切换、分界干净、节奏直接。,用于镜头之间直接切换无过渡的硬切基础剪辑画面。,转场;硬切,,,电影;调度转场,互联网研究整理,published,V1.0
V02_T0115,青橙调,Teal and Orange,,V02,电影调色风格,青橙调是以青蓝阴影与橙黄高光互补对比的电影经典调色法，肤色落橙黄天空阴影落青蓝，大片商业片主流配色。,青蓝橙黄互补、肤色暖天光冷、商业主流。,用于商业大片互补冷暖对比的青橙调色画面。,调色;青橙调,,,电影;调色,互联网研究整理,published,V1.0
V02_T0116,漂白旁路,Bleach Bypass,,V02,电影调色风格,漂白旁路是高反差去饱和的漂白电影冲洗调色法，黑深深、白破白、肤色去饱和，传达末日废土与战争冷峻质感。,高反差去饱和、深黑破白、末日冷峻。,用于末日废土与战争题材的高反差去饱和漂白旁路画面。,调色;漂白旁路,,,电影;调色,互联网研究整理,published,V1.0
V02_T0117,黑色电影调,Film Noir,,V02,电影调色风格,黑色电影调是高光比、硬阴影、低饱和以黑为主的调色风格，借低调与斜光制造罪恶迷离与道德模糊的侦探黑色氛围。,高光比硬阴影、低饱和黑主、迷离罪恶。,用于侦探黑色题材高光比低饱和的黑色电影调画面。,调色;黑色电影,,,电影;调色,互联网研究整理,published,V1.0
V02_T0118,复古暖调,Warm Vintage,,V02,电影调色风格,复古暖调是偏黄偏暖低饱和的怀旧调色，模拟褪色老照片与暖黄灯光，传达年代感与温情记忆的柔和怀旧氛围。,偏黄偏暖、褪色低饱和、年代怀旧。,用于复刻老照片与暖黄灯光的年代感怀旧画面。,调色;复古暖调,,,电影;调色,互联网研究整理,published,V1.0
V02_T0119,冷峻科幻调,Cold Sci-Fi,,V02,电影调色风格,冷峻科幻调是以青蓝冷色低饱和为主的调色风格，画面高对比冰冷硬朗，营造未来机械化与疏离冷峻的科幻氛围。,青蓝冷调、低饱和高对比、冰冷硬朗。,用于未来题材冰冷硬朗疏离的冷峻科幻调色画面。,调色;冷峻科幻,,,电影;调色,互联网研究整理,published,V1.0
V03_T0001,油画,Oil Painting,,V03,绘画媒介,油性颜料在画布上的传统绘画媒介。,油画 的材质表现、笔触与质感特征。,以该媒介质感作画时引用。,媒介;绘画,,,绘画;媒介,整理,published,V1.0
V03_T0002,水彩,Watercolor,,V03,绘画媒介,水溶性颜料的透明流动绘画媒介。,水彩 的材质表现、笔触与质感特征。,以该媒介质感作画时引用。,媒介;绘画,,,绘画;媒介,整理,published,V1.0
V03_T0003,丙烯,Acrylic Painting,,V03,绘画媒介,快干、覆盖力强的现代绘画媒介。,丙烯 的材质表现、笔触与质感特征。,以该媒介质感作画时引用。,媒介;绘画,,,绘画;媒介,整理,published,V1.0
V03_T0004,水粉,Gouache,,V03,绘画媒介,水粉的艺术风格与视觉特征。,水粉 的材质表现、笔触与质感特征。,以该媒介质感作画时引用。,媒介;绘画,,,绘画;媒介,整理,published,V1.0
V03_T0005,坦培拉,Egg Tempera,,V03,绘画媒介,坦培拉的艺术风格与视觉特征。,坦培拉 的材质表现、笔触与质感特征。,以该媒介质感作画时引用。,媒介;绘画,,,绘画;媒介,整理,published,V1.0
V03_T0006,壁画,Fresco Mural,,V03,绘画媒介,壁画的艺术风格与视觉特征。,壁画 的材质表现、笔触与质感特征。,以该媒介质感作画时引用。,媒介;绘画,,,绘画;媒介,整理,published,V1.0
V03_T0007,水墨,Chinese Ink Wash,,V03,绘画媒介,墨与水在宣纸上的东方绘画媒介。,水墨 的材质表现、笔触与质感特征。,以该媒介质感作画时引用。,媒介;绘画,,,绘画;媒介,整理,published,V1.0
V03_T0008,工笔,Gongbi Fine Brush,,V03,绘画媒介,工笔的艺术风格与视觉特征。,工笔 的材质表现、笔触与质感特征。,以该媒介质感作画时引用。,媒介;绘画,,,绘画;媒介,整理,published,V1.0
V03_T0009,写意水墨,Xieyi Ink,,V03,绘画媒介,墨与水在宣纸上的东方绘画媒介。,写意水墨 的材质表现、笔触与质感特征。,以该媒介质感作画时引用。,媒介;绘画,,,绘画;媒介,整理,published,V1.0
V03_T0010,粉彩,Soft Pastel,,V03,绘画媒介,粉质颜料棒的柔和绘画媒介。,粉彩 的材质表现、笔触与质感特征。,以该媒介质感作画时引用。,媒介;绘画,,,绘画;媒介,整理,published,V1.0
V03_T0011,油性彩铅,Colored Pencil,,V03,绘画媒介,彩色铅笔的细腻层叠绘画媒介。,油性彩铅 的材质表现、笔触与质感特征。,以该媒介质感作画时引用。,媒介;绘画,,,绘画;媒介,整理,published,V1.0
V03_T0012,马克笔,Marker Illustration,,V03,绘画媒介,马克笔的艺术风格与视觉特征。,马克笔 的材质表现、笔触与质感特征。,以该媒介质感作画时引用。,媒介;绘画,,,绘画;媒介,整理,published,V1.0
V03_T0013,铅笔素描,Pencil Sketch,,V03,绘画媒介,以线条和明暗表现形体的基础绘画。,铅笔素描 的材质表现、笔触与质感特征。,以该媒介质感作画时引用。,媒介;绘画,,,绘画;媒介,整理,published,V1.0
V03_T0014,炭笔,Charcoal Drawing,,V03,绘画媒介,炭条绘制的深黑浓重素描媒介。,炭笔 的材质表现、笔触与质感特征。,以该媒介质感作画时引用。,媒介;绘画,,,绘画;媒介,整理,published,V1.0
V03_T0015,钢笔淡彩,Pen And Wash,,V03,绘画媒介,钢笔淡彩的艺术风格与视觉特征。,钢笔淡彩 的材质表现、笔触与质感特征。,以该媒介质感作画时引用。,媒介;绘画,,,绘画;媒介,整理,published,V1.0
V03_T0016,木刻版画,Woodcut Print,,V03,绘画媒介,通过印版转印的复数性绘画。,木刻版画 的材质表现、笔触与质感特征。,以该媒介质感作画时引用。,媒介;绘画,,,绘画;媒介,整理,published,V1.0
V03_T0017,铜版蚀刻,Etching,,V03,绘画媒介,铜版蚀刻的艺术风格与视觉特征。,铜版蚀刻 的材质表现、笔触与质感特征。,以该媒介质感作画时引用。,媒介;绘画,,,绘画;媒介,整理,published,V1.0
V03_T0018,丝网版画,Silkscreen Print,,V03,绘画媒介,通过印版转印的复数性绘画。,丝网版画 的材质表现、笔触与质感特征。,以该媒介质感作画时引用。,媒介;绘画,,,绘画;媒介,整理,published,V1.0
V03_T0019,石版画,Lithograph,,V03,绘画媒介,通过印版转印的复数性绘画。,石版画 的材质表现、笔触与质感特征。,以该媒介质感作画时引用。,媒介;绘画,,,绘画;媒介,整理,published,V1.0
V03_T0020,数字绘画,Digital Painting,,V03,绘画媒介,在数字设备上创作的当代绘画形式。,数字绘画 的材质表现、笔触与质感特征。,以该媒介质感作画时引用。,媒介;绘画,,,绘画;媒介,整理,published,V1.0
V03_T0021,拼贴,Collage,,V03,绘画媒介,粘贴不同材料组合的现代艺术手法。,拼贴 的材质表现、笔触与质感特征。,以该媒介质感作画时引用。,媒介;绘画,,,绘画;媒介,整理,published,V1.0
V03_T0022,蛋彩坦培拉,Tempera,,V03,绘画媒介,蛋液调和颜料的文艺复兴传统媒介。,蛋彩坦培拉 的材质表现、笔触与质感特征。,以该媒介质感作画时引用。,媒介;绘画,,,绘画;媒介,整理,published,V1.0
V03_T0023,水彩淡墨,Ink And Wash,,V03,绘画媒介,水溶性颜料的透明流动绘画媒介。,水彩淡墨 的材质表现、笔触与质感特征。,以该媒介质感作画时引用。,媒介;绘画,,,绘画;媒介,整理,published,V1.0
V03_T0024,文艺复兴,Renaissance,,V03,艺术流派与时代,文艺复兴艺术流派的视觉风格与美学特征。,文艺复兴 的题材取向、用色与构图特征。,营造 文艺复兴 的时代/流派风格。,流派;艺术,,,绘画;流派,整理,published,V1.0
V03_T0025,矫饰主义,Mannerism,,V03,艺术流派与时代,矫饰艺术流派的视觉风格与美学特征。,矫饰主义 的题材取向、用色与构图特征。,营造 矫饰主义 的时代/流派风格。,流派;艺术,,,绘画;流派,整理,published,V1.0
V03_T0026,巴洛克,Baroque,,V03,艺术流派与时代,巴洛克艺术流派的视觉风格与美学特征。,巴洛克 的题材取向、用色与构图特征。,营造 巴洛克 的时代/流派风格。,流派;艺术,,,绘画;流派,整理,published,V1.0
V03_T0027,洛可可,Rococo,,V03,艺术流派与时代,洛可可艺术流派的视觉风格与美学特征。,洛可可 的题材取向、用色与构图特征。,营造 洛可可 的时代/流派风格。,流派;艺术,,,绘画;流派,整理,published,V1.0
V03_T0028,新古典主义,Neoclassical,,V03,艺术流派与时代,新古典艺术流派的视觉风格与美学特征。,新古典主义 的题材取向、用色与构图特征。,营造 新古典主义 的时代/流派风格。,流派;艺术,,,绘画;流派,整理,published,V1.0
V03_T0029,浪漫主义,Romanticism,,V03,艺术流派与时代,浪漫艺术流派的视觉风格与美学特征。,浪漫主义 的题材取向、用色与构图特征。,营造 浪漫主义 的时代/流派风格。,流派;艺术,,,绘画;流派,整理,published,V1.0
V03_T0030,写实主义,Realism,,V03,艺术流派与时代,写实艺术流派的视觉风格与美学特征。,写实主义 的题材取向、用色与构图特征。,营造 写实主义 的时代/流派风格。,流派;艺术,,,绘画;流派,整理,published,V1.0
V03_T0031,印象派,Impressionism,,V03,艺术流派与时代,印象艺术流派的视觉风格与美学特征。,印象派 的题材取向、用色与构图特征。,营造 印象派 的时代/流派风格。,流派;艺术,,,绘画;流派,整理,published,V1.0
V03_T0032,后印象派,Post-Impressionism,,V03,艺术流派与时代,后印象艺术流派的视觉风格与美学特征。,后印象派 的题材取向、用色与构图特征。,营造 后印象派 的时代/流派风格。,流派;艺术,,,绘画;流派,整理,published,V1.0
V03_T0033,点彩派,Pointillism,,V03,艺术流派与时代,点彩艺术流派的视觉风格与美学特征。,点彩派 的题材取向、用色与构图特征。,营造 点彩派 的时代/流派风格。,流派;艺术,,,绘画;流派,整理,published,V1.0
V03_T0034,野兽派,Fauvism,,V03,艺术流派与时代,野兽艺术流派的视觉风格与美学特征。,野兽派 的题材取向、用色与构图特征。,营造 野兽派 的时代/流派风格。,流派;艺术,,,绘画;流派,整理,published,V1.0
V03_T0035,表现主义,Expressionism,,V03,艺术流派与时代,表现艺术流派的视觉风格与美学特征。,表现主义 的题材取向、用色与构图特征。,营造 表现主义 的时代/流派风格。,流派;艺术,,,绘画;流派,整理,published,V1.0
V03_T0036,立体主义,Cubism,,V03,艺术流派与时代,立体艺术流派的视觉风格与美学特征。,立体主义 的题材取向、用色与构图特征。,营造 立体主义 的时代/流派风格。,流派;艺术,,,绘画;流派,整理,published,V1.0
V03_T0037,未来主义,Futurism,,V03,艺术流派与时代,未来艺术流派的视觉风格与美学特征。,未来主义 的题材取向、用色与构图特征。,营造 未来主义 的时代/流派风格。,流派;艺术,,,绘画;流派,整理,published,V1.0
V03_T0038,达达主义,Dada,,V03,艺术流派与时代,达达艺术流派的视觉风格与美学特征。,达达主义 的题材取向、用色与构图特征。,营造 达达主义 的时代/流派风格。,流派;艺术,,,绘画;流派,整理,published,V1.0
V03_T0039,超现实主义,Surrealism,,V03,艺术流派与时代,超现实艺术流派的视觉风格与美学特征。,超现实主义 的题材取向、用色与构图特征。,营造 超现实主义 的时代/流派风格。,流派;艺术,,,绘画;流派,整理,published,V1.0
V03_T0040,抽象表现主义,Abstract Expressionism,,V03,艺术流派与时代,抽象表现艺术流派的视觉风格与美学特征。,抽象表现主义 的题材取向、用色与构图特征。,营造 抽象表现主义 的时代/流派风格。,流派;艺术,,,绘画;流派,整理,published,V1.0
V03_T0041,色域绘画,Color Field Painting,,V03,艺术流派与时代,色域绘画艺术流派的视觉风格与美学特征。,色域绘画 的题材取向、用色与构图特征。,营造 色域绘画 的时代/流派风格。,流派;艺术,,,绘画;流派,整理,published,V1.0
V03_T0042,波普艺术,Pop Art,,V03,艺术流派与时代,波普艺术艺术流派的视觉风格与美学特征。,波普艺术 的题材取向、用色与构图特征。,营造 波普艺术 的时代/流派风格。,流派;艺术,,,绘画;流派,整理,published,V1.0
V03_T0043,欧普艺术,Op Art,,V03,艺术流派与时代,欧普艺术艺术流派的视觉风格与美学特征。,欧普艺术 的题材取向、用色与构图特征。,营造 欧普艺术 的时代/流派风格。,流派;艺术,,,绘画;流派,整理,published,V1.0
V03_T0044,极简主义,Minimalism,,V03,艺术流派与时代,极简艺术流派的视觉风格与美学特征。,极简主义 的题材取向、用色与构图特征。,营造 极简主义 的时代/流派风格。,流派;艺术,,,绘画;流派,整理,published,V1.0
V03_T0045,构成主义,Constructivism,,V03,艺术流派与时代,构成艺术流派的视觉风格与美学特征。,构成主义 的题材取向、用色与构图特征。,营造 构成主义 的时代/流派风格。,流派;艺术,,,绘画;流派,整理,published,V1.0
V03_T0046,至上主义,Suprematism,,V03,艺术流派与时代,至上艺术流派的视觉风格与美学特征。,至上主义 的题材取向、用色与构图特征。,营造 至上主义 的时代/流派风格。,流派;艺术,,,绘画;流派,整理,published,V1.0
V03_T0047,风格派,De Stijl,,V03,艺术流派与时代,风格艺术流派的视觉风格与美学特征。,风格派 的题材取向、用色与构图特征。,营造 风格派 的时代/流派风格。,流派;艺术,,,绘画;流派,整理,published,V1.0
V03_T0048,象征主义,Symbolism,,V03,艺术流派与时代,象征艺术流派的视觉风格与美学特征。,象征主义 的题材取向、用色与构图特征。,营造 象征主义 的时代/流派风格。,流派;艺术,,,绘画;流派,整理,published,V1.0
V03_T0049,纳比派,Les Nabis,,V03,艺术流派与时代,纳比艺术流派的视觉风格与美学特征。,纳比派 的题材取向、用色与构图特征。,营造 纳比派 的时代/流派风格。,流派;艺术,,,绘画;流派,整理,published,V1.0
V03_T0050,分离派,Vienna Secession,,V03,艺术流派与时代,分离艺术流派的视觉风格与美学特征。,分离派 的题材取向、用色与构图特征。,营造 分离派 的时代/流派风格。,流派;艺术,,,绘画;流派,整理,published,V1.0
V03_T0051,新艺术运动,Art Nouveau,,V03,艺术流派与时代,新艺术运动艺术流派的视觉风格与美学特征。,新艺术运动 的题材取向、用色与构图特征。,营造 新艺术运动 的时代/流派风格。,流派;艺术,,,绘画;流派,整理,published,V1.0
V03_T0052,装饰艺术,Art Deco,,V03,艺术流派与时代,装饰艺术艺术流派的视觉风格与美学特征。,装饰艺术 的题材取向、用色与构图特征。,营造 装饰艺术 的时代/流派风格。,流派;艺术,,,绘画;流派,整理,published,V1.0
V03_T0053,超写实主义,Photorealism,,V03,艺术流派与时代,超写实艺术流派的视觉风格与美学特征。,超写实主义 的题材取向、用色与构图特征。,营造 超写实主义 的时代/流派风格。,流派;艺术,,,绘画;流派,整理,published,V1.0
V03_T0054,新表现主义,Neo-Expressionism,,V03,艺术流派与时代,新表现艺术流派的视觉风格与美学特征。,新表现主义 的题材取向、用色与构图特征。,营造 新表现主义 的时代/流派风格。,流派;艺术,,,绘画;流派,整理,published,V1.0
V03_T0055,涂鸦街头艺术,Graffiti Street Art,,V03,艺术流派与时代,涂鸦街头艺术艺术流派的视觉风格与美学特征。,涂鸦街头艺术 的题材取向、用色与构图特征。,营造 涂鸦街头艺术 的时代/流派风格。,流派;艺术,,,绘画;流派,整理,published,V1.0
V03_T0056,低眉艺术,Lowbrow Pop Surrealism,,V03,艺术流派与时代,低眉艺术艺术流派的视觉风格与美学特征。,低眉艺术 的题材取向、用色与构图特征。,营造 低眉艺术 的时代/流派风格。,流派;艺术,,,绘画;流派,整理,published,V1.0
V03_T0057,浮世绘,Ukiyo-E Japanese Woodblock,,V03,艺术流派与时代,浮世绘艺术流派的视觉风格与美学特征。,浮世绘 的题材取向、用色与构图特征。,营造 浮世绘 的时代/流派风格。,流派;艺术,,,绘画;流派,整理,published,V1.0
V03_T0058,拜占庭圣像,Byzantine Icon,,V03,艺术流派与时代,拜占庭圣像艺术流派的视觉风格与美学特征。,拜占庭圣像 的题材取向、用色与构图特征。,营造 拜占庭圣像 的时代/流派风格。,流派;艺术,,,绘画;流派,整理,published,V1.0
V03_T0059,哥特,Gothic,,V03,艺术流派与时代,哥特艺术流派的视觉风格与美学特征。,哥特 的题材取向、用色与构图特征。,营造 哥特 的时代/流派风格。,流派;艺术,,,绘画;流派,整理,published,V1.0
V03_T0060,中国山水,Chinese Shanshui Ink Landscape,,V03,艺术流派与时代,中国山水艺术流派的视觉风格与美学特征。,中国山水 的题材取向、用色与构图特征。,营造 中国山水 的时代/流派风格。,流派;艺术,,,绘画;流派,整理,published,V1.0
V03_T0061,文人画,Chinese Literati Painting,,V03,艺术流派与时代,文人画艺术流派的视觉风格与美学特征。,文人画 的题材取向、用色与构图特征。,营造 文人画 的时代/流派风格。,流派;艺术,,,绘画;流派,整理,published,V1.0
V03_T0062,敦煌壁画,Dunhuang Mural,,V03,艺术流派与时代,敦煌壁画艺术流派的视觉风格与美学特征。,敦煌壁画 的题材取向、用色与构图特征。,营造 敦煌壁画 的时代/流派风格。,流派;艺术,,,绘画;流派,整理,published,V1.0
V03_T0063,厚涂,Impasto,,V03,笔触与肌理,厚涂是用厚稠颜料堆叠出立体笔触肌理的技法，色层隆起、质感粗砺，能保留明显的笔触走向与作画手势感。,颜料厚堆、立体肌理、可见笔触。,用于强调厚重笔触肌理、油彩质感的画面。,油画;肌理,,,绘画;笔触,互联网研究整理,published,V1.0
V03_T0064,罩染,Glazing,,V03,笔触与肌理,罩染是在干燥的底色上叠透明色层的技法，靠多层薄透叠加获得深度与微妙色变，色感通透而不失底层。,透明叠色、色层通透、含蓄深邃。,用于需要透明色层叠加、通透深邃质感的画面。,油画;透明色层,,,绘画;笔触,互联网研究整理,published,V1.0
V03_T0065,干笔飞白,Drybrush,,V03,笔触与肌理,干笔飞白是书法与水墨中笔毫含墨少、运笔疾速时笔锋散开露出的丝白笔痕肌理，传达速度劲疾与枯墨苍劲。,丝白枯痕、笔锋散露、苍劲疾速。,用于书法与水墨中表现枯墨苍劲与疾速运笔的画面。,笔触;飞白,,,绘画;笔触,互联网研究整理,published,V1.0
V03_T0066,湿画法,Wet-on-Wet,,V03,笔触与肌理,湿画法是在颜料未干时趁湿衔接的技法，色彩自然交融、边缘柔化模糊，适合水彩式的湿融柔边效果。,趁湿交融、边缘柔化、自然过渡。,用于水彩式湿融、色彩自然交融的柔边画面。,水彩;柔边,,,绘画;笔触,互联网研究整理,published,V1.0
V03_T0067,平涂,Flat,,V03,笔触与肌理,平涂是以均匀平整色块覆盖的技法，无明显笔触与渐变，色感平整简洁，适合平面化与装饰性画面。,平整色块、无笔触、均匀极简。,用于平面化、装饰感、无笔触色块的简洁画面。,平面;装饰,,,绘画;笔触,互联网研究整理,published,V1.0
V03_T0068,可见笔触,Visible Strokes,,V03,笔触与肌理,可见笔触是刻意保留粗细长短笔触痕迹的手法，让作画动作与笔意可见，能表现情绪与动态的肌理感。,笔触明显、保留笔意、富动态肌理。,用于强调笔触动感、情绪与表现性肌理的画面。,笔触;表现主义,,,绘画;笔触,互联网研究整理,published,V1.0
V03_T0069,刮刀,Palette Knife,,V03,笔触与肌理,刮刀是借用画刀刮抹颜料的技法，以块面肌理与厚涂层为特征，比笔触更生硬有力，适合粗放厚重的肌理。,刀刮块面、厚生肌理、粗放有力。,用于刮刀块面肌理、厚涂粗放质感的画面。,肌理;厚涂,,,绘画;笔触,互联网研究整理,published,V1.0
V03_T0070,泼墨,Splashed Ink,,V03,笔触与肌理,泼墨是大量墨色倾泼于纸面顺势流淌成形的写意技法，墨色酣畅淋漓浓淡互破，传达豪放写意的气势随机。,墨色酣畅、浓淡互破、豪放随机。,用于写意水墨与抽象画中表现豪放泼墨气势的画面。,笔触;泼墨,,,绘画;笔触,互联网研究整理,published,V1.0
V03_T0071,皴法,Texture Stroke,,V03,笔触与肌理,皴法是中国画表现山石树干纹理的笔法体系，以不同皴纹组织成像，是传统山水塑造体积与质感的核心语言。,皴纹成肌、山石纹理、传统线性。,用于中国画山石树干纹理的传统皴法表现。,国画;山水,,,绘画;笔触,互联网研究整理,published,V1.0
V03_T0072,晕染,Gradation,,V03,笔触与肌理,晕染是使颜色由浓到淡、由一色到另色自然渐变的技法，过渡柔和无明显接缝，适合渐变层次与柔边过渡。,渐变柔和、无接缝、层次过渡。,用于柔和渐变、色阶过渡、无硬边的画面。,渐变;工笔,,,绘画;笔触,互联网研究整理,published,V1.0
V03_T0073,点描,Stippling,,V03,笔触与肌理,点描是以密集小点叠加成形与色调的笔触技法，无线条只靠点的疏密与色并置产生视觉混色，源自新印象派。,密集点叠、视觉混色、点疏密调。,用于新印象派风格与点彩肌理技巧的密点混色画面。,笔触;点描,,,绘画;笔触,互联网研究整理,published,V1.0
V03_T0074,拓印,Frottage,,V03,笔触与肌理,拓印是把纸覆于凹凸物面摩擦转印纹理的手法，能直接获得真实物面肌理，适合有机偶然的抽象纹理表现。,转印物面纹理、有机偶然肌理。,用于直接转印物面肌理、偶然抽象纹理的画面。,肌理;抽象,,,绘画;笔触,互联网研究整理,published,V1.0
V03_T0075,刮擦,Sgraffito,,V03,笔触与肌理,刮擦是刮去上层颜料露出底层色的技法，靠减法显色形成线条与色阶对比，适合刻画肌理与线条细节。,刮露底色、减法显线、色阶对比。,用于刮露底色、刻画肌理线条的画面细节。,肌理;线条,,,绘画;笔触,互联网研究整理,published,V1.0
V03_T0076,一点透视,One-Point,,V03,造型与理论,一点透视是所有纵深线条汇聚于单一灭点的透视法，画面正对感强、稳定庄重，适合正面纵深与对称构图。,单灭点收束、正面纵深、稳定对称。,用于正面纵深、对称庄严场景的一点透视构图。,室内;建筑,,,绘画;造型理论,互联网研究整理,published,V1.0
V03_T0077,两点透视,Two-Point,,V03,造型与理论,两点透视是纵深线条汇聚于左右两个灭点的透视法，能同时表现两个面的转折，适合仰视建筑的雄伟体量。,双灭点、两面转折、体量雄伟。,用于建筑仰视、表现两面转折的两点透视构图。,建筑;仰视,,,绘画;造型理论,互联网研究整理,published,V1.0
V03_T0078,三点透视,Three-Point,,V03,造型与理论,三点透视是增加天点或地点的三个灭点透视法，能强化高大或俯瞰的夸张纵深感，适合极高仰视或高空俯瞰。,三灭点、夸张纵深、俯瞰抑扬。,用于极高仰视、高空俯瞰、夸张纵深的三点透视。,仰视;俯瞰,,,绘画;造型理论,互联网研究整理,published,V1.0
V03_T0079,空气透视,Atmospheric,,V03,造型与理论,空气透视是远处物象因大气散射而变浅变冷变模糊的现象，借此可表达纵深与空间层次，远淡近浓。,远淡近浓、远处变冷模糊、空间纵深。,用于表现大气散射、远近层次的纵深空间。,风光;纵深,,,绘画;造型理论,互联网研究整理,published,V1.0
V03_T0080,散点透视,Multi-Point,,V03,造型与理论,散点透视是不固定单一灭点、多视点游移的中国画透视法，可纳长卷千里于一图，适合山水长卷与移动视点构图。,多视点游移、可纳千里、移动视点。,用于中国画长卷、游移视点的散点透视构图。,国画;长卷,,,绘画;造型理论,互联网研究整理,published,V1.0
V03_T0081,明暗五调,Tonal Values,,V03,造型与理论,明暗五调是物体受光后的五个明暗层次（高光中间调明暗交界反光投影），是塑造立体体积的造型基座。,五调分明、立体塑造、明暗层次。,用于按五调塑造立体体积、明暗层次的造型。,素描;体积,,,绘画;造型理论,互联网研究整理,published,V1.0
V03_T0082,素描关系,Form Modeling,,V03,造型与理论,素描关系是抛开色相只论明暗黑白灰的体积塑造逻辑，决定形体立体与空间层次，是色彩之上的造型骨架。,黑白明暗分明、体积立体、空间层次。,用于强调明暗体积、空间层次的造型骨架描述。,素描;体积,,,绘画;造型理论,互联网研究整理,published,V1.0
V03_T0083,人体解剖,Anatomy,,V03,造型与理论,人体解剖是研究骨骼肌肉结构以指导人体造型的学问，是画准人物比例动态与体块起伏的造型基础。,骨骼肌肉准确、比例动态合理。,用于纠正人物比例动态体块、画准人体结构。,人体;结构,,,绘画;造型理论,互联网研究整理,published,V1.0
V03_T0084,黄金分割,Golden Ratio,,V03,造型与理论,黄金分割是约 1:0.618 的比例关系，被公认最具和谐美感，常作为画面分割与主体定位的构图参考线。,比例和谐、构图黄金分割点。,用于按黄金分割定位主体、构图分割的和谐画面。,构图;比例,,,绘画;造型理论,互联网研究整理,published,V1.0
V03_T0085,色彩和谐,Color Harmony,,V03,造型与理论,色彩和谐是使画面各色在色相饱和明度上达到视觉协调关系的理论，追求搭配舒服耐看而非杂乱刺眼。,配色协调、舒服耐看、不刺眼。,用于描述与追求色彩协调耐看的配色关系。,配色;协调,,,绘画;造型理论,互联网研究整理,published,V1.0
V03_T0086,明暗对照法,Chiaroscuro,,V03,造型与理论,明暗对照法是卡拉瓦乔式以强光暗大反差塑造体积的技法，亮暗对比强烈戏剧，适合强调戏剧冲突的画面。,强光暗对比、戏剧冲突、体积刚硬。,用于强调明暗大反差、戏剧冲突的画面塑造。,古典油画;戏剧光,,,绘画;造型理论,互联网研究整理,published,V1.0
V03_T0087,薄涂法,Scumbling,,V03,造型与理论,薄涂法是以稀薄半透明颜料薄罩的技法，色层轻透能透出底层，适合半透明罩色与朦胧气韵的画面。,半透明薄罩、色轻透底、朦胧气韵。,用于半透明罩色、朦胧气韵的薄涂画面。,罩色;朦胧,,,绘画;造型理论,互联网研究整理,published,V1.0
V03_T0088,达芬奇风格,Leonardo Da Vinci Style Sfumato,,V03,代表性风格 / 名家,达芬奇风格的艺术风格与视觉特征。,达芬奇风格 标志性的笔触、用色与画面气质。,模仿 达芬奇风格 的视觉风格时引用。,艺术风格;绘画,,,绘画;名家风格,整理,published,V1.0
V03_T0089,米开朗基罗风格,Michelangelo Style,,V03,代表性风格 / 名家,米开朗基罗风格的艺术风格与视觉特征。,米开朗基罗风格 标志性的笔触、用色与画面气质。,模仿 米开朗基罗风格 的视觉风格时引用。,艺术风格;绘画,,,绘画;名家风格,整理,published,V1.0
V03_T0090,拉斐尔风格,Raphael Style,,V03,代表性风格 / 名家,拉斐尔风格的艺术风格与视觉特征。,拉斐尔风格 标志性的笔触、用色与画面气质。,模仿 拉斐尔风格 的视觉风格时引用。,艺术风格;绘画,,,绘画;名家风格,整理,published,V1.0
V03_T0091,卡拉瓦乔风格,Caravaggio Tenebrism Style,,V03,代表性风格 / 名家,卡拉瓦乔风格的艺术风格与视觉特征。,卡拉瓦乔风格 标志性的笔触、用色与画面气质。,模仿 卡拉瓦乔风格 的视觉风格时引用。,艺术风格;绘画,,,绘画;名家风格,整理,published,V1.0
V03_T0092,维米尔风格,Vermeer Style,,V03,代表性风格 / 名家,维米尔风格的艺术风格与视觉特征。,维米尔风格 标志性的笔触、用色与画面气质。,模仿 维米尔风格 的视觉风格时引用。,艺术风格;绘画,,,绘画;名家风格,整理,published,V1.0
V03_T0093,伦勃朗风格,Rembrandt Chiaroscuro Style,,V03,代表性风格 / 名家,伦勃朗风格的艺术风格与视觉特征。,伦勃朗风格 标志性的笔触、用色与画面气质。,模仿 伦勃朗风格 的视觉风格时引用。,艺术风格;绘画,,,绘画;名家风格,整理,published,V1.0
V03_T0094,透纳风格,Turner Atmospheric Style,,V03,代表性风格 / 名家,透纳风格的艺术风格与视觉特征。,透纳风格 标志性的笔触、用色与画面气质。,模仿 透纳风格 的视觉风格时引用。,艺术风格;绘画,,,绘画;名家风格,整理,published,V1.0
V03_T0095,梵高风格,Van Gogh Swirling Impasto Style,,V03,代表性风格 / 名家,梵高风格的艺术风格与视觉特征。,梵高风格 标志性的笔触、用色与画面气质。,模仿 梵高风格 的视觉风格时引用。,艺术风格;绘画,,,绘画;名家风格,整理,published,V1.0
V03_T0096,莫奈风格,Monet Impressionist Style,,V03,代表性风格 / 名家,莫奈风格的艺术风格与视觉特征。,莫奈风格 标志性的笔触、用色与画面气质。,模仿 莫奈风格 的视觉风格时引用。,艺术风格;绘画,,,绘画;名家风格,整理,published,V1.0
V03_T0097,德加风格,Degas Style,,V03,代表性风格 / 名家,德加风格的艺术风格与视觉特征。,德加风格 标志性的笔触、用色与画面气质。,模仿 德加风格 的视觉风格时引用。,艺术风格;绘画,,,绘画;名家风格,整理,published,V1.0
V03_T0098,塞尚风格,Cezanne Style,,V03,代表性风格 / 名家,塞尚风格的艺术风格与视觉特征。,塞尚风格 标志性的笔触、用色与画面气质。,模仿 塞尚风格 的视觉风格时引用。,艺术风格;绘画,,,绘画;名家风格,整理,published,V1.0
V03_T0099,高更风格,Gauguin Style,,V03,代表性风格 / 名家,高更风格的艺术风格与视觉特征。,高更风格 标志性的笔触、用色与画面气质。,模仿 高更风格 的视觉风格时引用。,艺术风格;绘画,,,绘画;名家风格,整理,published,V1.0
V03_T0100,修拉风格,Seurat Pointillist Style,,V03,代表性风格 / 名家,修拉风格的艺术风格与视觉特征。,修拉风格 标志性的笔触、用色与画面气质。,模仿 修拉风格 的视觉风格时引用。,艺术风格;绘画,,,绘画;名家风格,整理,published,V1.0
V03_T0101,蒙克风格,Munch Expressionist Style,,V03,代表性风格 / 名家,蒙克风格的艺术风格与视觉特征。,蒙克风格 标志性的笔触、用色与画面气质。,模仿 蒙克风格 的视觉风格时引用。,艺术风格;绘画,,,绘画;名家风格,整理,published,V1.0
V03_T0102,克林姆特风格,Klimt Gold Ornament Style,,V03,代表性风格 / 名家,克林姆特风格的艺术风格与视觉特征。,克林姆特风格 标志性的笔触、用色与画面气质。,模仿 克林姆特风格 的视觉风格时引用。,艺术风格;绘画,,,绘画;名家风格,整理,published,V1.0
V03_T0103,席勒风格,Egon Schiele Style,,V03,代表性风格 / 名家,席勒风格的艺术风格与视觉特征。,席勒风格 标志性的笔触、用色与画面气质。,模仿 席勒风格 的视觉风格时引用。,艺术风格;绘画,,,绘画;名家风格,整理,published,V1.0
V03_T0104,毕加索风格,Picasso Cubist Style,,V03,代表性风格 / 名家,毕加索风格的艺术风格与视觉特征。,毕加索风格 标志性的笔触、用色与画面气质。,模仿 毕加索风格 的视觉风格时引用。,艺术风格;绘画,,,绘画;名家风格,整理,published,V1.0
V03_T0105,达利风格,Dali Surreal Style,,V03,代表性风格 / 名家,达利风格的艺术风格与视觉特征。,达利风格 标志性的笔触、用色与画面气质。,模仿 达利风格 的视觉风格时引用。,艺术风格;绘画,,,绘画;名家风格,整理,published,V1.0
V03_T0106,马格利特风格,Magritte Surreal Style,,V03,代表性风格 / 名家,马格利特风格的艺术风格与视觉特征。,马格利特风格 标志性的笔触、用色与画面气质。,模仿 马格利特风格 的视觉风格时引用。,艺术风格;绘画,,,绘画;名家风格,整理,published,V1.0
V03_T0107,埃舍尔风格,Escher Impossible Geometry Style,,V03,代表性风格 / 名家,埃舍尔风格的艺术风格与视觉特征。,埃舍尔风格 标志性的笔触、用色与画面气质。,模仿 埃舍尔风格 的视觉风格时引用。,艺术风格;绘画,,,绘画;名家风格,整理,published,V1.0
V03_T0108,波洛克风格,Jackson Pollock Drip Style,,V03,代表性风格 / 名家,波洛克风格的艺术风格与视觉特征。,波洛克风格 标志性的笔触、用色与画面气质。,模仿 波洛克风格 的视觉风格时引用。,艺术风格;绘画,,,绘画;名家风格,整理,published,V1.0
V03_T0109,罗斯科风格,Rothko Color Field Style,,V03,代表性风格 / 名家,罗斯科风格的艺术风格与视觉特征。,罗斯科风格 标志性的笔触、用色与画面气质。,模仿 罗斯科风格 的视觉风格时引用。,艺术风格;绘画,,,绘画;名家风格,整理,published,V1.0
V03_T0110,沃霍尔风格,Andy Warhol Pop Art Style,,V03,代表性风格 / 名家,沃霍尔风格的艺术风格与视觉特征。,沃霍尔风格 标志性的笔触、用色与画面气质。,模仿 沃霍尔风格 的视觉风格时引用。,艺术风格;绘画,,,绘画;名家风格,整理,published,V1.0
V03_T0111,蒙德里安风格,Mondrian Primary Grid Style,,V03,代表性风格 / 名家,蒙德里安风格的艺术风格与视觉特征。,蒙德里安风格 标志性的笔触、用色与画面气质。,模仿 蒙德里安风格 的视觉风格时引用。,艺术风格;绘画,,,绘画;名家风格,整理,published,V1.0
V03_T0112,莫兰迪风格,Morandi Muted Still Life Style,,V03,代表性风格 / 名家,莫兰迪风格的艺术风格与视觉特征。,莫兰迪风格 标志性的笔触、用色与画面气质。,模仿 莫兰迪风格 的视觉风格时引用。,艺术风格;绘画,,,绘画;名家风格,整理,published,V1.0
V03_T0113,葛饰北斋风格,Hokusai Ukiyo-E Style,,V03,代表性风格 / 名家,葛饰北斋风格的艺术风格与视觉特征。,葛饰北斋风格 标志性的笔触、用色与画面气质。,模仿 葛饰北斋风格 的视觉风格时引用。,艺术风格;绘画,,,绘画;名家风格,整理,published,V1.0
V03_T0114,歌川广重风格,Hiroshige Ukiyo-E Style,,V03,代表性风格 / 名家,歌川广重风格的艺术风格与视觉特征。,歌川广重风格 标志性的笔触、用色与画面气质。,模仿 歌川广重风格 的视觉风格时引用。,艺术风格;绘画,,,绘画;名家风格,整理,published,V1.0
V03_T0115,齐白石风格,Qi Baishi Ink Style,,V03,代表性风格 / 名家,齐白石风格的艺术风格与视觉特征。,齐白石风格 标志性的笔触、用色与画面气质。,模仿 齐白石风格 的视觉风格时引用。,艺术风格;绘画,,,绘画;名家风格,整理,published,V1.0
V03_T0116,张大千风格,Zhang Daqian Splashed Ink Style,,V03,代表性风格 / 名家,张大千风格的艺术风格与视觉特征。,张大千风格 标志性的笔触、用色与画面气质。,模仿 张大千风格 的视觉风格时引用。,艺术风格;绘画,,,绘画;名家风格,整理,published,V1.0
V03_T0117,徐悲鸿风格,Xu Beihong Ink Horse Style,,V03,代表性风格 / 名家,徐悲鸿风格的艺术风格与视觉特征。,徐悲鸿风格 标志性的笔触、用色与画面气质。,模仿 徐悲鸿风格 的视觉风格时引用。,艺术风格;绘画,,,绘画;名家风格,整理,published,V1.0
V04_T0001,骑士,Armored Knight,,V04,角色设计 / 职业定位,骑士角色设计的视觉风格与类型特征。,骑士 的服饰装备、姿态与职业气质。,设计该职业角色时引用。,角色;职业,,,游戏;职业,整理,published,V1.0
V04_T0002,法师,Robed Mage Wizard,,V04,角色设计 / 职业定位,法师角色设计的视觉风格与类型特征。,法师 的服饰装备、姿态与职业气质。,设计该职业角色时引用。,角色;职业,,,游戏;职业,整理,published,V1.0
V04_T0003,刺客,Hooded Assassin,,V04,角色设计 / 职业定位,刺客角色设计的视觉风格与类型特征。,刺客 的服饰装备、姿态与职业气质。,设计该职业角色时引用。,角色;职业,,,游戏;职业,整理,published,V1.0
V04_T0004,战士,Heavy Warrior,,V04,角色设计 / 职业定位,战士角色设计的视觉风格与类型特征。,战士 的服饰装备、姿态与职业气质。,设计该职业角色时引用。,角色;职业,,,游戏;职业,整理,published,V1.0
V04_T0005,游侠,Archer Ranger,,V04,角色设计 / 职业定位,游侠角色设计的视觉风格与类型特征。,游侠 的服饰装备、姿态与职业气质。,设计该职业角色时引用。,角色;职业,,,游戏;职业,整理,published,V1.0
V04_T0006,牧师,Cleric Priest,,V04,角色设计 / 职业定位,牧师角色设计的视觉风格与类型特征。,牧师 的服饰装备、姿态与职业气质。,设计该职业角色时引用。,角色;职业,,,游戏;职业,整理,published,V1.0
V04_T0007,盗贼,Rogue Thief,,V04,角色设计 / 职业定位,盗贼角色设计的视觉风格与类型特征。,盗贼 的服饰装备、姿态与职业气质。,设计该职业角色时引用。,角色;职业,,,游戏;职业,整理,published,V1.0
V04_T0008,德鲁伊,Druid,,V04,角色设计 / 职业定位,德鲁伊角色设计的视觉风格与类型特征。,德鲁伊 的服饰装备、姿态与职业气质。,设计该职业角色时引用。,角色;职业,,,游戏;职业,整理,published,V1.0
V04_T0009,武僧,Monk,,V04,角色设计 / 职业定位,武僧角色设计的视觉风格与类型特征。,武僧 的服饰装备、姿态与职业气质。,设计该职业角色时引用。,角色;职业,,,游戏;职业,整理,published,V1.0
V04_T0010,死灵法师,Necromancer,,V04,角色设计 / 职业定位,死灵法师角色设计的视觉风格与类型特征。,死灵法师 的服饰装备、姿态与职业气质。,设计该职业角色时引用。,角色;职业,,,游戏;职业,整理,published,V1.0
V04_T0011,圣骑士,Paladin,,V04,角色设计 / 职业定位,圣骑士角色设计的视觉风格与类型特征。,圣骑士 的服饰装备、姿态与职业气质。,设计该职业角色时引用。,角色;职业,,,游戏;职业,整理,published,V1.0
V04_T0012,枪手,Gunslinger,,V04,角色设计 / 职业定位,枪手角色设计的视觉风格与类型特征。,枪手 的服饰装备、姿态与职业气质。,设计该职业角色时引用。,角色;职业,,,游戏;职业,整理,published,V1.0
V04_T0013,机甲驾驶员,Mech Pilot,,V04,角色设计 / 职业定位,机甲驾驶员角色设计的视觉风格与类型特征。,机甲驾驶员 的服饰装备、姿态与职业气质。,设计该职业角色时引用。,角色;职业,,,游戏;职业,整理,published,V1.0
V04_T0014,赛博黑客,Cyberpunk Hacker,,V04,角色设计 / 职业定位,赛博黑客角色设计的视觉风格与类型特征。,赛博黑客 的服饰装备、姿态与职业气质。,设计该职业角色时引用。,角色;职业,,,游戏;职业,整理,published,V1.0
V04_T0015,赏金猎人,Bounty Hunter,,V04,角色设计 / 职业定位,赏金猎人角色设计的视觉风格与类型特征。,赏金猎人 的服饰装备、姿态与职业气质。,设计该职业角色时引用。,角色;职业,,,游戏;职业,整理,published,V1.0
V04_T0016,海盗,Pirate,,V04,角色设计 / 职业定位,海盗角色设计的视觉风格与类型特征。,海盗 的服饰装备、姿态与职业气质。,设计该职业角色时引用。,角色;职业,,,游戏;职业,整理,published,V1.0
V04_T0017,武士,Samurai,,V04,角色设计 / 职业定位,武士角色设计的视觉风格与类型特征。,武士 的服饰装备、姿态与职业气质。,设计该职业角色时引用。,角色;职业,,,游戏;职业,整理,published,V1.0
V04_T0018,忍者,Ninja,,V04,角色设计 / 职业定位,忍者角色设计的视觉风格与类型特征。,忍者 的服饰装备、姿态与职业气质。,设计该职业角色时引用。,角色;职业,,,游戏;职业,整理,published,V1.0
V04_T0019,精灵,Elegant Elf,,V04,角色设计 / 种族体型,精灵角色设计的视觉风格与类型特征。,精灵 的体型比例、外观与气质特征。,设定该种族/体型角色时引用。,角色;设定,,,游戏;种族,整理,published,V1.0
V04_T0020,兽人,Muscular Orc,,V04,角色设计 / 种族体型,兽人角色设计的视觉风格与类型特征。,兽人 的体型比例、外观与气质特征。,设定该种族/体型角色时引用。,角色;设定,,,游戏;种族,整理,published,V1.0
V04_T0021,矮人,Stout Bearded Dwarf,,V04,角色设计 / 种族体型,矮人角色设计的视觉风格与类型特征。,矮人 的体型比例、外观与气质特征。,设定该种族/体型角色时引用。,角色;设定,,,游戏;种族,整理,published,V1.0
V04_T0022,龙人,Dragonborn Scaled,,V04,角色设计 / 种族体型,龙人角色设计的视觉风格与类型特征。,龙人 的体型比例、外观与气质特征。,设定该种族/体型角色时引用。,角色;设定,,,游戏;种族,整理,published,V1.0
V04_T0023,亡灵,Undead Skeleton,,V04,角色设计 / 种族体型,亡灵角色设计的视觉风格与类型特征。,亡灵 的体型比例、外观与气质特征。,设定该种族/体型角色时引用。,角色;设定,,,游戏;种族,整理,published,V1.0
V04_T0024,恶魔,Demon,,V04,角色设计 / 种族体型,恶魔角色设计的视觉风格与类型特征。,恶魔 的体型比例、外观与气质特征。,设定该种族/体型角色时引用。,角色;设定,,,游戏;种族,整理,published,V1.0
V04_T0025,天使,Angel Winged,,V04,角色设计 / 种族体型,天使角色设计的视觉风格与类型特征。,天使 的体型比例、外观与气质特征。,设定该种族/体型角色时引用。,角色;设定,,,游戏;种族,整理,published,V1.0
V04_T0026,半兽人,Beastman,,V04,角色设计 / 种族体型,半兽人角色设计的视觉风格与类型特征。,半兽人 的体型比例、外观与气质特征。,设定该种族/体型角色时引用。,角色;设定,,,游戏;种族,整理,published,V1.0
V04_T0027,机器人,Robot Android,,V04,角色设计 / 种族体型,机器人角色设计的视觉风格与类型特征。,机器人 的体型比例、外观与气质特征。,设定该种族/体型角色时引用。,角色;设定,,,游戏;种族,整理,published,V1.0
V04_T0028,巨人,Giant,,V04,角色设计 / 种族体型,巨人角色设计的视觉风格与类型特征。,巨人 的体型比例、外观与气质特征。,设定该种族/体型角色时引用。,角色;设定,,,游戏;种族,整理,published,V1.0
V04_T0029,哥布林,Goblin,,V04,角色设计 / 种族体型,哥布林角色设计的视觉风格与类型特征。,哥布林 的体型比例、外观与气质特征。,设定该种族/体型角色时引用。,角色;设定,,,游戏;种族,整理,published,V1.0
V04_T0030,吸血鬼,Vampire,,V04,角色设计 / 种族体型,吸血鬼角色设计的视觉风格与类型特征。,吸血鬼 的体型比例、外观与气质特征。,设定该种族/体型角色时引用。,角色;设定,,,游戏;种族,整理,published,V1.0
V04_T0031,狼人,Werewolf,,V04,角色设计 / 种族体型,狼人角色设计的视觉风格与类型特征。,狼人 的体型比例、外观与气质特征。,设定该种族/体型角色时引用。,角色;设定,,,游戏;种族,整理,published,V1.0
V04_T0032,人鱼,Mermaid,,V04,角色设计 / 种族体型,人鱼角色设计的视觉风格与类型特征。,人鱼 的体型比例、外观与气质特征。,设定该种族/体型角色时引用。,角色;设定,,,游戏;种族,整理,published,V1.0
V04_T0033,妖精,Fairy Sprite,,V04,角色设计 / 种族体型,妖精角色设计的视觉风格与类型特征。,妖精 的体型比例、外观与气质特征。,设定该种族/体型角色时引用。,角色;设定,,,游戏;种族,整理,published,V1.0
V04_T0034,角色三视图,Character Turnaround Three Views,,V04,角色设计 / 表现,角色三视图角色设计的视觉风格与类型特征。,角色三视图 在角色表现上的姿态、表情与张力。,刻画角色该种表现时引用。,角色;表现,,,游戏;角色表现,整理,published,V1.0
V04_T0035,动态姿态,Dynamic Action Pose,,V04,角色设计 / 表现,动态姿态角色设计的视觉风格与类型特征。,动态姿态 在角色表现上的姿态、表情与张力。,刻画角色该种表现时引用。,角色;表现,,,游戏;角色表现,整理,published,V1.0
V04_T0036,表情设计,Expression Sheet,,V04,角色设计 / 表现,表情设计角色设计的视觉风格与类型特征。,表情设计 在角色表现上的姿态、表情与张力。,刻画角色该种表现时引用。,角色;表现,,,游戏;角色表现,整理,published,V1.0
V04_T0037,角色配色,Color Scheme,,V04,角色设计 / 表现,角色配色角色设计的视觉风格与类型特征。,角色配色 在角色表现上的姿态、表情与张力。,刻画角色该种表现时引用。,角色;表现,,,游戏;角色表现,整理,published,V1.0
V04_T0038,立绘,Character Splash Art,,V04,角色设计 / 表现,立绘角色设计的视觉风格与类型特征。,立绘 在角色表现上的姿态、表情与张力。,刻画角色该种表现时引用。,角色;表现,,,游戏;角色表现,整理,published,V1.0
V04_T0039,半身像,Character Bust Portrait,,V04,角色设计 / 表现,半身像角色设计的视觉风格与类型特征。,半身像 在角色表现上的姿态、表情与张力。,刻画角色该种表现时引用。,角色;表现,,,游戏;角色表现,整理,published,V1.0
V04_T0040,Q版,Chibi Cute Style,,V04,角色设计 / 表现,Q版角色设计的视觉风格与类型特征。,Q版 在角色表现上的姿态、表情与张力。,刻画角色该种表现时引用。,角色;表现,,,游戏;角色表现,整理,published,V1.0
V04_T0041,装备拆解,Equipment Breakdown,,V04,角色设计 / 表现,装备拆解角色设计的视觉风格与类型特征。,装备拆解 在角色表现上的姿态、表情与张力。,刻画角色该种表现时引用。,角色;表现,,,游戏;角色表现,整理,published,V1.0
V04_T0042,奇幻森林,Fantasy Magical Forest,,V04,场景与世界观,奇幻森林场景的空间氛围与环境特征。,奇幻森林 的环境氛围、世界观与场景特征。,构建该世界观场景时引用。,场景;世界观,,,游戏;场景,整理,published,V1.0
V04_T0043,赛博都市,Cyberpunk Neon City,,V04,场景与世界观,赛博都市场景的空间氛围与环境特征。,赛博都市 的环境氛围、世界观与场景特征。,构建该世界观场景时引用。,场景;世界观,,,游戏;场景,整理,published,V1.0
V04_T0044,末世废土,Post-Apocalyptic Wasteland,,V04,场景与世界观,末世废土场景的空间氛围与环境特征。,末世废土 的环境氛围、世界观与场景特征。,构建该世界观场景时引用。,场景;世界观,,,游戏;场景,整理,published,V1.0
V04_T0045,蒸汽朋克城,Steampunk City,,V04,场景与世界观,蒸汽朋克城场景的空间氛围与环境特征。,蒸汽朋克城 的环境氛围、世界观与场景特征。,构建该世界观场景时引用。,场景;世界观,,,游戏;场景,整理,published,V1.0
V04_T0046,太空站,Sci-Fi Space Station,,V04,场景与世界观,太空站场景的空间氛围与环境特征。,太空站 的环境氛围、世界观与场景特征。,构建该世界观场景时引用。,场景;世界观,,,游戏;场景,整理,published,V1.0
V04_T0047,古代遗迹,Ancient Ruins,,V04,场景与世界观,古代遗迹场景的空间氛围与环境特征。,古代遗迹 的环境氛围、世界观与场景特征。,构建该世界观场景时引用。,场景;世界观,,,游戏;场景,整理,published,V1.0
V04_T0048,浮空岛,Floating Sky Islands,,V04,场景与世界观,浮空岛场景的空间氛围与环境特征。,浮空岛 的环境氛围、世界观与场景特征。,构建该世界观场景时引用。,场景;世界观,,,游戏;场景,整理,published,V1.0
V04_T0049,地下城,Dark Dungeon,,V04,场景与世界观,地下城场景的空间氛围与环境特征。,地下城 的环境氛围、世界观与场景特征。,构建该世界观场景时引用。,场景;世界观,,,游戏;场景,整理,published,V1.0
V04_T0050,雪山,Snowy Mountains,,V04,场景与世界观,雪山场景的空间氛围与环境特征。,雪山 的环境氛围、世界观与场景特征。,构建该世界观场景时引用。,场景;世界观,,,游戏;场景,整理,published,V1.0
V04_T0051,沙漠绿洲,Desert Oasis,,V04,场景与世界观,沙漠绿洲场景的空间氛围与环境特征。,沙漠绿洲 的环境氛围、世界观与场景特征。,构建该世界观场景时引用。,场景;世界观,,,游戏;场景,整理,published,V1.0
V04_T0052,水下城市,Underwater City,,V04,场景与世界观,水下城市场景的空间氛围与环境特征。,水下城市 的环境氛围、世界观与场景特征。,构建该世界观场景时引用。,场景;世界观,,,游戏;场景,整理,published,V1.0
V04_T0053,火山熔岩,Volcanic Lava,,V04,场景与世界观,火山熔岩场景的空间氛围与环境特征。,火山熔岩 的环境氛围、世界观与场景特征。,构建该世界观场景时引用。,场景;世界观,,,游戏;场景,整理,published,V1.0
V04_T0054,天空之城,Sky Castle,,V04,场景与世界观,天空之城场景的空间氛围与环境特征。,天空之城 的环境氛围、世界观与场景特征。,构建该世界观场景时引用。,场景;世界观,,,游戏;场景,整理,published,V1.0
V04_T0055,幽暗沼泽,Dark Swamp,,V04,场景与世界观,幽暗沼泽场景的空间氛围与环境特征。,幽暗沼泽 的环境氛围、世界观与场景特征。,构建该世界观场景时引用。,场景;世界观,,,游戏;场景,整理,published,V1.0
V04_T0056,东方仙境,Oriental Fairyland,,V04,场景与世界观,东方仙境场景的空间氛围与环境特征。,东方仙境 的环境氛围、世界观与场景特征。,构建该世界观场景时引用。,场景;世界观,,,游戏;场景,整理,published,V1.0
V04_T0057,机械都市,Mechanical Metropolis,,V04,场景与世界观,机械都市场景的空间氛围与环境特征。,机械都市 的环境氛围、世界观与场景特征。,构建该世界观场景时引用。,场景;世界观,,,游戏;场景,整理,published,V1.0
V04_T0058,废弃工厂,Abandoned Factory,,V04,场景与世界观,废弃工厂场景的空间氛围与环境特征。,废弃工厂 的环境氛围、世界观与场景特征。,构建该世界观场景时引用。,场景;世界观,,,游戏;场景,整理,published,V1.0
V04_T0059,魔法学院,Magic Academy,,V04,场景与世界观,魔法学院场景的空间氛围与环境特征。,魔法学院 的环境氛围、世界观与场景特征。,构建该世界观场景时引用。,场景;世界观,,,游戏;场景,整理,published,V1.0
V04_T0060,奇幻长剑,Ornate Fantasy Sword,,V04,道具与装备,奇幻长剑的设计风格与功能特征。,奇幻长剑 的造型、材质与功能质感。,设计该道具/装备时引用。,道具;装备,,,游戏;道具,整理,published,V1.0
V04_T0061,法杖,Crystal Magic Staff,,V04,道具与装备,法杖的设计风格与功能特征。,法杖 的造型、材质与功能质感。,设计该道具/装备时引用。,道具;装备,,,游戏;道具,整理,published,V1.0
V04_T0062,弓箭,Fantasy Bow,,V04,道具与装备,弓箭的设计风格与功能特征。,弓箭 的造型、材质与功能质感。,设计该道具/装备时引用。,道具;装备,,,游戏;道具,整理,published,V1.0
V04_T0063,巨斧,Battle Axe,,V04,道具与装备,巨斧的设计风格与功能特征。,巨斧 的造型、材质与功能质感。,设计该道具/装备时引用。,道具;装备,,,游戏;道具,整理,published,V1.0
V04_T0064,科幻枪,Sci-Fi Gun,,V04,道具与装备,科幻枪的设计风格与功能特征。,科幻枪 的造型、材质与功能质感。,设计该道具/装备时引用。,道具;装备,,,游戏;道具,整理,published,V1.0
V04_T0065,能量剑,Energy Sword,,V04,道具与装备,能量剑的设计风格与功能特征。,能量剑 的造型、材质与功能质感。,设计该道具/装备时引用。,道具;装备,,,游戏;道具,整理,published,V1.0
V04_T0066,机甲,Giant Mecha,,V04,道具与装备,机甲的设计风格与功能特征。,机甲 的造型、材质与功能质感。,设计该道具/装备时引用。,道具;装备,,,游戏;道具,整理,published,V1.0
V04_T0067,载具,Futuristic Vehicle,,V04,道具与装备,载具的设计风格与功能特征。,载具 的造型、材质与功能质感。,设计该道具/装备时引用。,道具;装备,,,游戏;道具,整理,published,V1.0
V04_T0068,飞船,Spaceship,,V04,道具与装备,飞船的设计风格与功能特征。,飞船 的造型、材质与功能质感。,设计该道具/装备时引用。,道具;装备,,,游戏;道具,整理,published,V1.0
V04_T0069,护甲套装,Armor Set,,V04,道具与装备,护甲套装的设计风格与功能特征。,护甲套装 的造型、材质与功能质感。,设计该道具/装备时引用。,道具;装备,,,游戏;道具,整理,published,V1.0
V04_T0070,头盔,Helmet Design,,V04,道具与装备,头盔的设计风格与功能特征。,头盔 的造型、材质与功能质感。,设计该道具/装备时引用。,道具;装备,,,游戏;道具,整理,published,V1.0
V04_T0071,盾牌,Shield,,V04,道具与装备,盾牌的设计风格与功能特征。,盾牌 的造型、材质与功能质感。,设计该道具/装备时引用。,道具;装备,,,游戏;道具,整理,published,V1.0
V04_T0072,魔法道具,Magic Artifact,,V04,道具与装备,魔法道具的设计风格与功能特征。,魔法道具 的造型、材质与功能质感。,设计该道具/装备时引用。,道具;装备,,,游戏;道具,整理,published,V1.0
V04_T0073,药水瓶,Potion Bottle,,V04,道具与装备,药水瓶的设计风格与功能特征。,药水瓶 的造型、材质与功能质感。,设计该道具/装备时引用。,道具;装备,,,游戏;道具,整理,published,V1.0
V04_T0074,宝箱,Treasure Chest,,V04,道具与装备,宝箱的设计风格与功能特征。,宝箱 的造型、材质与功能质感。,设计该道具/装备时引用。,道具;装备,,,游戏;道具,整理,published,V1.0
V04_T0075,机械臂,Cybernetic Arm,,V04,道具与装备,机械臂的设计风格与功能特征。,机械臂 的造型、材质与功能质感。,设计该道具/装备时引用。,道具;装备,,,游戏;道具,整理,published,V1.0
V04_T0076,巨龙,Fantasy Dragon,,V04,生物设计,巨龙生物的形态设计与视觉特征。,巨龙 的形态结构、肌理与气质特征。,设计该类生物/怪物时引用。,生物;概念设计,,,游戏;生物,整理,published,V1.0
V04_T0077,怪物,Original Monster,,V04,生物设计,怪物生物的形态设计与视觉特征。,怪物 的形态结构、肌理与气质特征。,设计该类生物/怪物时引用。,生物;概念设计,,,游戏;生物,整理,published,V1.0
V04_T0078,机械兽,Mechanical Beast,,V04,生物设计,机械兽生物的形态设计与视觉特征。,机械兽 的形态结构、肌理与气质特征。,设计该类生物/怪物时引用。,生物;概念设计,,,游戏;生物,整理,published,V1.0
V04_T0079,异形,Alien Creature,,V04,生物设计,异形生物的形态设计与视觉特征。,异形 的形态结构、肌理与气质特征。,设计该类生物/怪物时引用。,生物;概念设计,,,游戏;生物,整理,published,V1.0
V04_T0080,精怪,Spirit Fae Creature,,V04,生物设计,精怪生物的形态设计与视觉特征。,精怪 的形态结构、肌理与气质特征。,设计该类生物/怪物时引用。,生物;概念设计,,,游戏;生物,整理,published,V1.0
V04_T0081,巨兽,Giant Kaiju,,V04,生物设计,巨兽生物的形态设计与视觉特征。,巨兽 的形态结构、肌理与气质特征。,设计该类生物/怪物时引用。,生物;概念设计,,,游戏;生物,整理,published,V1.0
V04_T0082,史莱姆,Slime,,V04,生物设计,史莱姆生物的形态设计与视觉特征。,史莱姆 的形态结构、肌理与气质特征。,设计该类生物/怪物时引用。,生物;概念设计,,,游戏;生物,整理,published,V1.0
V04_T0083,元素生物,Elemental Creature,,V04,生物设计,元素生物生物的形态设计与视觉特征。,元素生物 的形态结构、肌理与气质特征。,设计该类生物/怪物时引用。,生物;概念设计,,,游戏;生物,整理,published,V1.0
V04_T0084,不死生物,Undead Creature,,V04,生物设计,不死生物生物的形态设计与视觉特征。,不死生物 的形态结构、肌理与气质特征。,设计该类生物/怪物时引用。,生物;概念设计,,,游戏;生物,整理,published,V1.0
V04_T0085,混合兽,Chimera Hybrid,,V04,生物设计,混合兽生物的形态设计与视觉特征。,混合兽 的形态结构、肌理与气质特征。,设计该类生物/怪物时引用。,生物;概念设计,,,游戏;生物,整理,published,V1.0
V04_T0086,昆虫怪,Insect Creature,,V04,生物设计,昆虫怪生物的形态设计与视觉特征。,昆虫怪 的形态结构、肌理与气质特征。,设计该类生物/怪物时引用。,生物;概念设计,,,游戏;生物,整理,published,V1.0
V04_T0087,深海怪,Deep Sea Monster,,V04,生物设计,深海怪生物的形态设计与视觉特征。,深海怪 的形态结构、肌理与气质特征。,设计该类生物/怪物时引用。,生物;概念设计,,,游戏;生物,整理,published,V1.0
V04_T0088,HUD界面,Game Hud,,V04,UI与图标,HUD界面的界面设计风格与视觉呈现。,HUD界面 的界面/图标视觉风格与质感。,设计该风格 UI 与图标时引用。,UI;图标,,,游戏;UI,整理,published,V1.0
V04_T0089,技能图标,Skill Icon Set,,V04,UI与图标,技能图标的界面设计风格与视觉呈现。,技能图标 的界面/图标视觉风格与质感。,设计该风格 UI 与图标时引用。,UI;图标,,,游戏;UI,整理,published,V1.0
V04_T0090,界面框架,Fantasy Ui Frame,,V04,UI与图标,界面框架的界面设计风格与视觉呈现。,界面框架 的界面/图标视觉风格与质感。,设计该风格 UI 与图标时引用。,UI;图标,,,游戏;UI,整理,published,V1.0
V04_T0091,血条法力条,Health Mana Bar,,V04,UI与图标,血条法力条的界面设计风格与视觉呈现。,血条法力条 的界面/图标视觉风格与质感。,设计该风格 UI 与图标时引用。,UI;图标,,,游戏;UI,整理,published,V1.0
V04_T0092,地图界面,Map Interface,,V04,UI与图标,地图界面的界面设计风格与视觉呈现。,地图界面 的界面/图标视觉风格与质感。,设计该风格 UI 与图标时引用。,UI;图标,,,游戏;UI,整理,published,V1.0
V04_T0093,背包界面,Inventory Ui,,V04,UI与图标,背包界面的界面设计风格与视觉呈现。,背包界面 的界面/图标视觉风格与质感。,设计该风格 UI 与图标时引用。,UI;图标,,,游戏;UI,整理,published,V1.0
V04_T0094,技能树,Skill Tree Ui,,V04,UI与图标,技能树的界面设计风格与视觉呈现。,技能树 的界面/图标视觉风格与质感。,设计该风格 UI 与图标时引用。,UI;图标,,,游戏;UI,整理,published,V1.0
V04_T0095,对话框,Dialogue Box Ui,,V04,UI与图标,对话框的界面设计风格与视觉呈现。,对话框 的界面/图标视觉风格与质感。,设计该风格 UI 与图标时引用。,UI;图标,,,游戏;UI,整理,published,V1.0
V04_T0096,成就图标,Achievement Icon,,V04,UI与图标,成就图标的界面设计风格与视觉呈现。,成就图标 的界面/图标视觉风格与质感。,设计该风格 UI 与图标时引用。,UI;图标,,,游戏;UI,整理,published,V1.0
V04_T0097,剪影设计,Silhouette Thumbnail,,V04,概念流程与风格,剪影设计的概念设计风格与视觉特征。,剪影设计 阶段/风格的画面完成度与表现取向。,按该概念设计阶段/风格产出。,概念设计;流程,,,游戏;风格,整理,published,V1.0
V04_T0098,色彩脚本,Color Script Mood,,V04,概念流程与风格,色彩脚本的概念设计风格与视觉特征。,色彩脚本 阶段/风格的画面完成度与表现取向。,按该概念设计阶段/风格产出。,概念设计;流程,,,游戏;风格,整理,published,V1.0
V04_T0099,设定图,Concept Design Sheet,,V04,概念流程与风格,设定图的概念设计风格与视觉特征。,设定图 阶段/风格的画面完成度与表现取向。,按该概念设计阶段/风格产出。,概念设计;流程,,,游戏;风格,整理,published,V1.0
V04_T0100,厚涂风格,Painterly Concept Art,,V04,概念流程与风格,厚涂风格的概念设计风格与视觉特征。,厚涂风格 阶段/风格的画面完成度与表现取向。,按该概念设计阶段/风格产出。,概念设计;流程,,,游戏;风格,整理,published,V1.0
V04_T0101,赛璐璐,Cel-Shaded Anime,,V04,概念流程与风格,赛璐璐的概念设计风格与视觉特征。,赛璐璐 阶段/风格的画面完成度与表现取向。,按该概念设计阶段/风格产出。,概念设计;流程,,,游戏;风格,整理,published,V1.0
V04_T0102,写实CG,Realistic Cg Render,,V04,概念流程与风格,写实CG的概念设计风格与视觉特征。,写实CG 阶段/风格的画面完成度与表现取向。,按该概念设计阶段/风格产出。,概念设计;流程,,,游戏;风格,整理,published,V1.0
V04_T0103,像素风,Pixel Art,,V04,概念流程与风格,像素风的概念设计风格与视觉特征。,像素风 阶段/风格的画面完成度与表现取向。,按该概念设计阶段/风格产出。,概念设计;流程,,,游戏;风格,整理,published,V1.0
V04_T0104,吉卜力风,Ghibli Anime Style,,V04,概念流程与风格,吉卜力风的概念设计风格与视觉特征。,吉卜力风 阶段/风格的画面完成度与表现取向。,按该概念设计阶段/风格产出。,概念设计;流程,,,游戏;风格,整理,published,V1.0
V04_T0105,美漫风,American Comic Style,,V04,概念流程与风格,美漫风的概念设计风格与视觉特征。,美漫风 阶段/风格的画面完成度与表现取向。,按该概念设计阶段/风格产出。,概念设计;流程,,,游戏;风格,整理,published,V1.0
V04_T0106,国风,Chinese Ink Game Style,,V04,概念流程与风格,国风的概念设计风格与视觉特征。,国风 阶段/风格的画面完成度与表现取向。,按该概念设计阶段/风格产出。,概念设计;流程,,,游戏;风格,整理,published,V1.0
V04_T0107,暗黑风,Dark Fantasy Grimdark,,V04,概念流程与风格,暗黑风的概念设计风格与视觉特征。,暗黑风 阶段/风格的画面完成度与表现取向。,按该概念设计阶段/风格产出。,概念设计;流程,,,游戏;风格,整理,published,V1.0
V04_T0108,卡通渲染,Toon Shading,,V04,概念流程与风格,卡通渲染的概念设计风格与视觉特征。,卡通渲染 阶段/风格的画面完成度与表现取向。,按该概念设计阶段/风格产出。,概念设计;流程,,,游戏;风格,整理,published,V1.0
V04_T0109,低多边形,Low Poly Stylized,,V04,概念流程与风格,低多边形的概念设计风格与视觉特征。,低多边形 阶段/风格的画面完成度与表现取向。,按该概念设计阶段/风格产出。,概念设计;流程,,,游戏;风格,整理,published,V1.0
V04_T0110,黏土风,Clay Render Style,,V04,概念流程与风格,黏土风的概念设计风格与视觉特征。,黏土风 阶段/风格的画面完成度与表现取向。,按该概念设计阶段/风格产出。,概念设计;流程,,,游戏;风格,整理,published,V1.0
V08_T0001,主体描述,Subject,,V08,提示词结构,主体描述指明画面中主体是谁、有几个、处于什么状态，是整条提示词的语义中心，其他成分都围绕它展开。,锁定画面焦点、统摄其余成分。,置于提示词开头，写清主体身份、数量与姿态。,提示词;结构,,,Prompt;结构,整理,published,V1.0
V08_T0002,风格修饰,Style Modifier,,V08,提示词结构,风格修饰用于声明画面的整体视觉气质（写实、油画、二次元等），决定模型在该次生成中倾向的画风走向。,统一画面画风、定位视觉气质。,紧随主体或媒介之后，指定风格关键词或艺术家名。,提示词;风格,,,Prompt;结构,整理,published,V1.0
V08_T0003,媒介声明,Medium,,V08,提示词结构,媒介声明指明产出物属于何种媒介（插画、摄影、3D渲染、概念图），从根上约束模型的画面组织方式。,区分媒介质感、奠定画面基底。,放在提示词靠前位置，如 photography / oil painting / 3d render。,提示词;媒介,,,Prompt;结构,整理,published,V1.0
V08_T0004,质量词,Quality Tags,,V08,提示词结构,质量词是一类提升出图完成度的通用修饰（masterpiece、best quality、highly detailed），用以引导模型倾向高质量采样。,提升细节密度与整体完成度。,置于提示词中后部，可叠加多个质量词并适度加权。,提示词;质量,,,Prompt;结构,整理,published,V1.0
V08_T0005,构图描述,Composition,,V08,提示词结构,构图描述用文字点明取景方式与画面布局（特写、三分法、俯视），在不改参数的前提下引导空间组织。,控制画框内元素的位置与比例。,"描述景别、机位与布局，如 close-up, rule of thirds。",提示词;构图,,,Prompt;结构,整理,published,V1.0
V08_T0006,环境描述,Environment,,V08,提示词结构,环境描述交代主体所处的场景、天气、时段与背景，为画面提供空间语境与氛围铺垫。,建立空间纵深与场景氛围。,"写明场景类型、光线时段与背景元素，如 at dusk, in a forest。",提示词;场景,,,Prompt;结构,整理,published,V1.0
V08_T0007,光照描述,Lighting Cue,,V08,提示词结构,光照描述指明光源类型、方向与色温，是控制明暗分布与画面情绪最经济的文字手段之一。,决定明暗分布、色温与情绪基调。,"声明光源与方向，如 golden hour, backlight, studio softbox。",提示词;光照,,,Prompt;结构,整理,published,V1.0
V08_T0008,镜头描述,Camera Cue,,V08,提示词结构,镜头描述用摄影语言指定焦距、机位与运动方式，约束画面的透视压缩与取景角度。,控制透视压缩、视角与景别。,"写明焦距与机位，如 85mm, eye-level, drone shot。",提示词;镜头,,,Prompt;结构,整理,published,V1.0
V08_T0009,情绪氛围词,Mood,,V08,提示词结构,情绪氛围词用感受性词汇（宁静、压抑、史诗感）为画面注入整体情绪倾向，影响色调与构图走向。,渲染画面整体情绪与色调倾向。,"用感受性关键词点明情绪，如 serene, melancholic, epic。",提示词;氛围,,,Prompt;结构,整理,published,V1.0
V08_T0010,语序优先级,Token Order,,V08,提示词结构,语序优先级指提示词中越靠前的词权重越高，调换顺序即可在不增删词汇的前提下改变生成结果。,靠前词主导画面、靠后词退为补充。,把最重要的主体或风格放最前，次要修饰依次后置。,提示词;结构,,,Prompt;结构,整理,published,V1.0
V08_T0011,权重括号,Weight,,V08,提示词结构,(词:1.3)加权。,权重括号 在提示词中的结构作用与权重表达。,用该结构组织提示词。,提示词;结构,,,Prompt;结构,整理,published,V1.0
V08_T0012,分隔符,Separators,,V08,提示词结构,分隔符用于切分提示词中的不同语义段落，逗号是最通用的分隔，换行与冒号可表达更明确的层级。,划分语义段落、提升可读性。,用逗号分隔并列修饰，用换行或冒号分隔离层级模块。,提示词;结构,,,Prompt;结构,整理,published,V1.0
V08_T0013,模板公式,Template,,V08,提示词结构,主体+风格+质量+参数。,模板公式 在提示词中的结构作用与权重表达。,用该结构组织提示词。,提示词;结构,,,Prompt;结构,整理,published,V1.0
V08_T0014,正向语法,Emphasis Syntax,,V08,提示词结构,正向语法是加强权重的书写方式，用括号包裹并指定数值（如 (keyword:1.3)）来放大某一词的生成影响。,放大指定词的视觉比重。,对需强调的词加 (word:1.2)，数值越大权重越高。,提示词;权重,,,Prompt;结构,整理,published,V1.0
V08_T0015,BREAK分段,BREAK,,V08,提示词结构,BREAK分段用 BREAK 关键字将提示词切为前后独立段落，使模型在分段处更彻底地切换语义焦点。,强切段落、隔离前后语义。,在需隔离的成分间插入 BREAK，常用于前景/背景分写。,提示词;结构,,,Prompt;结构,整理,published,V1.0
V08_T0016,杰作,masterpiece,,V08,视觉修饰符 / 质量词,杰作提示词，用于提升生成图像的视觉质量。,杰作 提升画面质量、清晰度与精细度的修饰。,作质量修饰词加入提示词。,质量词;修饰,,,Prompt;质量词,整理,published,V1.0
V08_T0017,最佳质量,best quality,,V08,视觉修饰符 / 质量词,最佳质量提示词，用于提升生成图像的视觉质量。,最佳质量 提升画面质量、清晰度与精细度的修饰。,作质量修饰词加入提示词。,质量词;修饰,,,Prompt;质量词,整理,published,V1.0
V08_T0018,高质量,high quality,,V08,视觉修饰符 / 质量词,高质量提示词，用于提升生成图像的视觉质量。,高质量 提升画面质量、清晰度与精细度的修饰。,作质量修饰词加入提示词。,质量词;修饰,,,Prompt;质量词,整理,published,V1.0
V08_T0019,超高细节,highly detailed,,V08,视觉修饰符 / 质量词,超高细节提示词，用于提升生成图像的视觉质量。,超高细节 提升画面质量、清晰度与精细度的修饰。,作质量修饰词加入提示词。,质量词;修饰,,,Prompt;质量词,整理,published,V1.0
V08_T0020,精细细节,intricate details,,V08,视觉修饰符 / 质量词,精细细节提示词，用于提升生成图像的视觉质量。,精细细节 提升画面质量、清晰度与精细度的修饰。,作质量修饰词加入提示词。,质量词;修饰,,,Prompt;质量词,整理,published,V1.0
V08_T0021,极致细节,ultra detailed,,V08,视觉修饰符 / 质量词,极致细节提示词，用于提升生成图像的视觉质量。,极致细节 提升画面质量、清晰度与精细度的修饰。,作质量修饰词加入提示词。,质量词;修饰,,,Prompt;质量词,整理,published,V1.0
V08_T0022,8K超清,8k uhd,,V08,视觉修饰符 / 质量词,8K超清提示词，用于提升生成图像的视觉质量。,8K超清 提升画面质量、清晰度与精细度的修饰。,作质量修饰词加入提示词。,质量词;修饰,,,Prompt;质量词,整理,published,V1.0
V08_T0023,4K,4k,,V08,视觉修饰符 / 质量词,4K提示词，用于提升生成图像的视觉质量。,4K 提升画面质量、清晰度与精细度的修饰。,作质量修饰词加入提示词。,质量词;修饰,,,Prompt;质量词,整理,published,V1.0
V08_T0024,HDR高动态,hdr,,V08,视觉修饰符 / 质量词,HDR高动态提示词，用于提升生成图像的视觉质量。,HDR高动态 提升画面质量、清晰度与精细度的修饰。,作质量修饰词加入提示词。,质量词;修饰,,,Prompt;质量词,整理,published,V1.0
V08_T0025,锐利对焦,sharp focus,,V08,视觉修饰符 / 质量词,锐利对焦提示词，用于提升生成图像的视觉质量。,锐利对焦 提升画面质量、清晰度与精细度的修饰。,作质量修饰词加入提示词。,质量词;修饰,,,Prompt;质量词,整理,published,V1.0
V08_T0026,清晰,crisp clear,,V08,视觉修饰符 / 质量词,清晰提示词，用于提升生成图像的视觉质量。,清晰 提升画面质量、清晰度与精细度的修饰。,作质量修饰词加入提示词。,质量词;修饰,,,Prompt;质量词,整理,published,V1.0
V08_T0027,超写实,ultra realistic,,V08,视觉修饰符 / 质量词,超写实提示词，用于提升生成图像的视觉质量。,超写实 提升画面质量、清晰度与精细度的修饰。,作质量修饰词加入提示词。,质量词;修饰,,,Prompt;质量词,整理,published,V1.0
V08_T0028,照片级写实,photorealistic,,V08,视觉修饰符 / 质量词,照片级写实提示词，用于提升生成图像的视觉质量。,照片级写实 提升画面质量、清晰度与精细度的修饰。,作质量修饰词加入提示词。,质量词;修饰,,,Prompt;质量词,整理,published,V1.0
V08_T0029,超真实,hyperrealistic,,V08,视觉修饰符 / 质量词,超真实提示词，用于提升生成图像的视觉质量。,超真实 提升画面质量、清晰度与精细度的修饰。,作质量修饰词加入提示词。,质量词;修饰,,,Prompt;质量词,整理,published,V1.0
V08_T0030,电影感,cinematic,,V08,视觉修饰符 / 质量词,电影感提示词，用于提升生成图像的视觉质量。,电影感 提升画面质量、清晰度与精细度的修饰。,作质量修饰词加入提示词。,质量词;修饰,,,Prompt;质量词,整理,published,V1.0
V08_T0031,专业级,professional,,V08,视觉修饰符 / 质量词,专业级提示词，用于提升生成图像的视觉质量。,专业级 提升画面质量、清晰度与精细度的修饰。,作质量修饰词加入提示词。,质量词;修饰,,,Prompt;质量词,整理,published,V1.0
V08_T0032,获奖级,award winning,,V08,视觉修饰符 / 质量词,获奖级提示词，用于提升生成图像的视觉质量。,获奖级 提升画面质量、清晰度与精细度的修饰。,作质量修饰词加入提示词。,质量词;修饰,,,Prompt;质量词,整理,published,V1.0
V08_T0033,惊艳,stunning,,V08,视觉修饰符 / 质量词,惊艳提示词，用于提升生成图像的视觉质量。,惊艳 提升画面质量、清晰度与精细度的修饰。,作质量修饰词加入提示词。,质量词;修饰,,,Prompt;质量词,整理,published,V1.0
V08_T0034,震撼,breathtaking,,V08,视觉修饰符 / 质量词,震撼提示词，用于提升生成图像的视觉质量。,震撼 提升画面质量、清晰度与精细度的修饰。,作质量修饰词加入提示词。,质量词;修饰,,,Prompt;质量词,整理,published,V1.0
V08_T0035,精致,exquisite,,V08,视觉修饰符 / 质量词,精致提示词，用于提升生成图像的视觉质量。,精致 提升画面质量、清晰度与精细度的修饰。,作质量修饰词加入提示词。,质量词;修饰,,,Prompt;质量词,整理,published,V1.0
V08_T0036,完美构图,perfect composition,,V08,视觉修饰符 / 质量词,完美构图提示词，用于提升生成图像的视觉质量。,完美构图 提升画面质量、清晰度与精细度的修饰。,作质量修饰词加入提示词。,质量词;修饰,,,Prompt;质量词,整理,published,V1.0
V08_T0037,ArtStation热门,trending on artstation,,V08,视觉修饰符 / 质量词,ArtStation热门提示词，用于提升生成图像的视觉质量。,ArtStation热门 提升画面质量、清晰度与精细度的修饰。,作质量修饰词加入提示词。,质量词;修饰,,,Prompt;质量词,整理,published,V1.0
V08_T0038,Behance精选,featured on behance,,V08,视觉修饰符 / 质量词,Behance精选提示词，用于提升生成图像的视觉质量。,Behance精选 提升画面质量、清晰度与精细度的修饰。,作质量修饰词加入提示词。,质量词;修饰,,,Prompt;质量词,整理,published,V1.0
V08_T0039,Octane渲染,octane render,,V08,视觉修饰符 / 质量词,Octane渲染提示词，用于提升生成图像的视觉质量。,Octane渲染 提升画面质量、清晰度与精细度的修饰。,作质量修饰词加入提示词。,质量词;修饰,,,Prompt;质量词,整理,published,V1.0
V08_T0040,虚幻引擎渲染,unreal engine 5 render,,V08,视觉修饰符 / 质量词,虚幻引擎渲染提示词，用于提升生成图像的视觉质量。,虚幻引擎渲染 提升画面质量、清晰度与精细度的修饰。,作质量修饰词加入提示词。,质量词;修饰,,,Prompt;质量词,整理,published,V1.0
V08_T0041,光线追踪,ray tracing,,V08,视觉修饰符 / 质量词,光线追踪提示词，用于提升生成图像的视觉质量。,光线追踪 提升画面质量、清晰度与精细度的修饰。,作质量修饰词加入提示词。,质量词;修饰,,,Prompt;质量词,整理,published,V1.0
V08_T0042,体积光,volumetric lighting,,V08,视觉修饰符 / 质量词,体积光提示词，用于提升生成图像的视觉质量。,体积光 提升画面质量、清晰度与精细度的修饰。,作质量修饰词加入提示词。,质量词;修饰,,,Prompt;质量词,整理,published,V1.0
V08_T0043,戏剧光,dramatic lighting,,V08,视觉修饰符 / 质量词,戏剧光提示词，用于提升生成图像的视觉质量。,戏剧光 提升画面质量、清晰度与精细度的修饰。,作质量修饰词加入提示词。,质量词;修饰,,,Prompt;质量词,整理,published,V1.0
V08_T0044,影棚光,studio lighting,,V08,视觉修饰符 / 质量词,影棚光提示词，用于提升生成图像的视觉质量。,影棚光 提升画面质量、清晰度与精细度的修饰。,作质量修饰词加入提示词。,质量词;修饰,,,Prompt;质量词,整理,published,V1.0
V08_T0045,柔光,soft lighting,,V08,视觉修饰符 / 质量词,柔光提示词，用于提升生成图像的视觉质量。,柔光 提升画面质量、清晰度与精细度的修饰。,作质量修饰词加入提示词。,质量词;修饰,,,Prompt;质量词,整理,published,V1.0
V08_T0046,景深虚化,depth of field bokeh,,V08,视觉修饰符 / 质量词,景深虚化提示词，用于提升生成图像的视觉质量。,景深虚化 提升画面质量、清晰度与精细度的修饰。,作质量修饰词加入提示词。,质量词;修饰,,,Prompt;质量词,整理,published,V1.0
V08_T0047,概念艺术,concept art,,V08,视觉修饰符 / 风格媒介词,概念艺术提示词，用于提升生成图像的视觉质量。,概念艺术 指定画面的媒介/风格倾向。,作风格/媒介修饰词加入提示词。,风格词;媒介,,,Prompt;风格词,整理,published,V1.0
V08_T0048,数字绘画,digital painting,,V08,视觉修饰符 / 风格媒介词,数字绘画提示词，用于提升生成图像的视觉质量。,数字绘画 指定画面的媒介/风格倾向。,作风格/媒介修饰词加入提示词。,风格词;媒介,,,Prompt;风格词,整理,published,V1.0
V08_T0049,油画风,oil painting,,V08,视觉修饰符 / 风格媒介词,油画风提示词，用于提升生成图像的视觉质量。,油画风 指定画面的媒介/风格倾向。,作风格/媒介修饰词加入提示词。,风格词;媒介,,,Prompt;风格词,整理,published,V1.0
V08_T0050,水彩风,watercolor,,V08,视觉修饰符 / 风格媒介词,水彩风提示词，用于提升生成图像的视觉质量。,水彩风 指定画面的媒介/风格倾向。,作风格/媒介修饰词加入提示词。,风格词;媒介,,,Prompt;风格词,整理,published,V1.0
V08_T0051,3D渲染,3d render,,V08,视觉修饰符 / 风格媒介词,3D渲染提示词，用于提升生成图像的视觉质量。,3D渲染 指定画面的媒介/风格倾向。,作风格/媒介修饰词加入提示词。,风格词;媒介,,,Prompt;风格词,整理,published,V1.0
V08_T0052,摄影写实,photography,,V08,视觉修饰符 / 风格媒介词,摄影写实提示词，用于提升生成图像的视觉质量。,摄影写实 指定画面的媒介/风格倾向。,作风格/媒介修饰词加入提示词。,风格词;媒介,,,Prompt;风格词,整理,published,V1.0
V08_T0053,动漫风,anime style,,V08,视觉修饰符 / 风格媒介词,动漫风提示词，用于提升生成图像的视觉质量。,动漫风 指定画面的媒介/风格倾向。,作风格/媒介修饰词加入提示词。,风格词;媒介,,,Prompt;风格词,整理,published,V1.0
V08_T0054,漫画风,manga style,,V08,视觉修饰符 / 风格媒介词,漫画风提示词，用于提升生成图像的视觉质量。,漫画风 指定画面的媒介/风格倾向。,作风格/媒介修饰词加入提示词。,风格词;媒介,,,Prompt;风格词,整理,published,V1.0
V08_T0055,卡通,cartoon style,,V08,视觉修饰符 / 风格媒介词,卡通提示词，用于提升生成图像的视觉质量。,卡通 指定画面的媒介/风格倾向。,作风格/媒介修饰词加入提示词。,风格词;媒介,,,Prompt;风格词,整理,published,V1.0
V08_T0056,像素风,pixel art,,V08,视觉修饰符 / 风格媒介词,像素风提示词，用于提升生成图像的视觉质量。,像素风 指定画面的媒介/风格倾向。,作风格/媒介修饰词加入提示词。,风格词;媒介,,,Prompt;风格词,整理,published,V1.0
V08_T0057,矢量插画,vector illustration,,V08,视觉修饰符 / 风格媒介词,矢量插画提示词，用于提升生成图像的视觉质量。,矢量插画 指定画面的媒介/风格倾向。,作风格/媒介修饰词加入提示词。,风格词;媒介,,,Prompt;风格词,整理,published,V1.0
V08_T0058,线稿,line art,,V08,视觉修饰符 / 风格媒介词,线稿提示词，用于提升生成图像的视觉质量。,线稿 指定画面的媒介/风格倾向。,作风格/媒介修饰词加入提示词。,风格词;媒介,,,Prompt;风格词,整理,published,V1.0
V08_T0059,素描,sketch,,V08,视觉修饰符 / 风格媒介词,素描提示词，用于提升生成图像的视觉质量。,素描 指定画面的媒介/风格倾向。,作风格/媒介修饰词加入提示词。,风格词;媒介,,,Prompt;风格词,整理,published,V1.0
V08_T0060,赛博朋克风,cyberpunk style,,V08,视觉修饰符 / 风格媒介词,赛博朋克风提示词，用于提升生成图像的视觉质量。,赛博朋克风 指定画面的媒介/风格倾向。,作风格/媒介修饰词加入提示词。,风格词;媒介,,,Prompt;风格词,整理,published,V1.0
V08_T0061,蒸汽朋克风,steampunk style,,V08,视觉修饰符 / 风格媒介词,蒸汽朋克风提示词，用于提升生成图像的视觉质量。,蒸汽朋克风 指定画面的媒介/风格倾向。,作风格/媒介修饰词加入提示词。,风格词;媒介,,,Prompt;风格词,整理,published,V1.0
V08_T0062,奇幻艺术,fantasy art,,V08,视觉修饰符 / 风格媒介词,奇幻艺术提示词，用于提升生成图像的视觉质量。,奇幻艺术 指定画面的媒介/风格倾向。,作风格/媒介修饰词加入提示词。,风格词;媒介,,,Prompt;风格词,整理,published,V1.0
V08_T0063,科幻风,sci-fi style,,V08,视觉修饰符 / 风格媒介词,科幻风提示词，用于提升生成图像的视觉质量。,科幻风 指定画面的媒介/风格倾向。,作风格/媒介修饰词加入提示词。,风格词;媒介,,,Prompt;风格词,整理,published,V1.0
V08_T0064,超现实风,surreal style,,V08,视觉修饰符 / 风格媒介词,超现实风提示词，用于提升生成图像的视觉质量。,超现实风 指定画面的媒介/风格倾向。,作风格/媒介修饰词加入提示词。,风格词;媒介,,,Prompt;风格词,整理,published,V1.0
V08_T0065,黏土风,claymation style,,V08,视觉修饰符 / 风格媒介词,黏土风提示词，用于提升生成图像的视觉质量。,黏土风 指定画面的媒介/风格倾向。,作风格/媒介修饰词加入提示词。,风格词;媒介,,,Prompt;风格词,整理,published,V1.0
V08_T0066,低多边形,low poly,,V08,视觉修饰符 / 风格媒介词,低多边形提示词，用于提升生成图像的视觉质量。,低多边形 指定画面的媒介/风格倾向。,作风格/媒介修饰词加入提示词。,风格词;媒介,,,Prompt;风格词,整理,published,V1.0
V08_T0067,艺术家参考,Artist Reference,,V08,艺术家与风格参考,by/in the style of。,艺术家参考 风格参考带来的整体视觉气质。,引用 艺术家参考 作为风格参考。,风格;参考,,,Prompt;参考,整理,published,V1.0
V08_T0068,风格混合,Style Mixing,,V08,艺术家与风格参考,风格混合是在一条提示词中同时引用多种风格或艺术家，靠权重配比控制各风格的融合比例与主导关系。,多风格融合、气质叠加。,"并列风格名并用权重调节占比，如 (styleA:0.7), (styleB:0.3)。",风格;融合,,,Prompt;参考,整理,published,V1.0
V08_T0069,流派参考,Movement Reference,,V08,艺术家与风格参考,流派引用是指明艺术流派或运动（印象派、超现实主义）作为画面气质参考，比单指艺术家更具整体性。,赋予画面流派级的视觉气质。,"写入流派名作为风格修饰，如 impressionism, art nouveau。",风格;参考,,,Prompt;参考,整理,published,V1.0
V08_T0070,工作室风格,Studio Style,,V08,艺术家与风格参考,如皮克斯/吉卜力。,工作室风格 风格参考带来的整体视觉气质。,引用 工作室风格 作为风格参考。,风格;参考,,,Prompt;参考,整理,published,V1.0
V08_T0071,低分辨率(负),lowres,,V08,负向与约束,负向提示词，用于抑制低分辨率(负)。,低分辨率(负) 作为负向词排除该类瑕疵或元素。,放入负向提示词以规避该问题。,负向;约束,,,Prompt;负向,整理,published,V1.0
V08_T0072,最差质量(负),worst quality,,V08,负向与约束,负向提示词，用于抑制最差质量(负)。,最差质量(负) 作为负向词排除该类瑕疵或元素。,放入负向提示词以规避该问题。,负向;约束,,,Prompt;负向,整理,published,V1.0
V08_T0073,低质量(负),low quality,,V08,负向与约束,负向提示词，用于抑制低质量(负)。,低质量(负) 作为负向词排除该类瑕疵或元素。,放入负向提示词以规避该问题。,负向;约束,,,Prompt;负向,整理,published,V1.0
V08_T0074,普通质量(负),normal quality,,V08,负向与约束,负向提示词，用于抑制普通质量(负)。,普通质量(负) 作为负向词排除该类瑕疵或元素。,放入负向提示词以规避该问题。,负向;约束,,,Prompt;负向,整理,published,V1.0
V08_T0075,JPEG伪影(负),jpeg artifacts,,V08,负向与约束,负向提示词，用于抑制JPEG伪影(负)。,JPEG伪影(负) 作为负向词排除该类瑕疵或元素。,放入负向提示词以规避该问题。,负向;约束,,,Prompt;负向,整理,published,V1.0
V08_T0076,解剖错误(负),bad anatomy,,V08,负向与约束,负向提示词，用于抑制解剖错误(负)。,解剖错误(负) 作为负向词排除该类瑕疵或元素。,放入负向提示词以规避该问题。,负向;约束,,,Prompt;负向,整理,published,V1.0
V08_T0077,手部畸形(负),bad hands,,V08,负向与约束,负向提示词，用于抑制手部畸形(负)。,手部畸形(负) 作为负向词排除该类瑕疵或元素。,放入负向提示词以规避该问题。,负向;约束,,,Prompt;负向,整理,published,V1.0
V08_T0078,多指(负),extra fingers,,V08,负向与约束,负向提示词，用于抑制多指(负)。,多指(负) 作为负向词排除该类瑕疵或元素。,放入负向提示词以规避该问题。,负向;约束,,,Prompt;负向,整理,published,V1.0
V08_T0079,缺指(负),missing fingers,,V08,负向与约束,负向提示词，用于抑制缺指(负)。,缺指(负) 作为负向词排除该类瑕疵或元素。,放入负向提示词以规避该问题。,负向;约束,,,Prompt;负向,整理,published,V1.0
V08_T0080,多肢(负),extra limbs,,V08,负向与约束,负向提示词，用于抑制多肢(负)。,多肢(负) 作为负向词排除该类瑕疵或元素。,放入负向提示词以规避该问题。,负向;约束,,,Prompt;负向,整理,published,V1.0
V08_T0081,畸形(负),deformed disfigured,,V08,负向与约束,负向提示词，用于抑制畸形(负)。,畸形(负) 作为负向词排除该类瑕疵或元素。,放入负向提示词以规避该问题。,负向;约束,,,Prompt;负向,整理,published,V1.0
V08_T0082,变异(负),mutated,,V08,负向与约束,负向提示词，用于抑制变异(负)。,变异(负) 作为负向词排除该类瑕疵或元素。,放入负向提示词以规避该问题。,负向;约束,,,Prompt;负向,整理,published,V1.0
V08_T0083,丑陋(负),ugly,,V08,负向与约束,负向提示词，用于抑制丑陋(负)。,丑陋(负) 作为负向词排除该类瑕疵或元素。,放入负向提示词以规避该问题。,负向;约束,,,Prompt;负向,整理,published,V1.0
V08_T0084,模糊(负),blurry,,V08,负向与约束,负向提示词，用于抑制模糊(负)。,模糊(负) 作为负向词排除该类瑕疵或元素。,放入负向提示词以规避该问题。,负向;约束,,,Prompt;负向,整理,published,V1.0
V08_T0085,失焦(负),out of focus,,V08,负向与约束,负向提示词，用于抑制失焦(负)。,失焦(负) 作为负向词排除该类瑕疵或元素。,放入负向提示词以规避该问题。,负向;约束,,,Prompt;负向,整理,published,V1.0
V08_T0086,水印(负),watermark,,V08,负向与约束,负向提示词，用于抑制水印(负)。,水印(负) 作为负向词排除该类瑕疵或元素。,放入负向提示词以规避该问题。,负向;约束,,,Prompt;负向,整理,published,V1.0
V08_T0087,签名(负),signature,,V08,负向与约束,负向提示词，用于抑制签名(负)。,签名(负) 作为负向词排除该类瑕疵或元素。,放入负向提示词以规避该问题。,负向;约束,,,Prompt;负向,整理,published,V1.0
V08_T0088,文字(负),text,,V08,负向与约束,负向提示词，用于抑制文字(负)。,文字(负) 作为负向词排除该类瑕疵或元素。,放入负向提示词以规避该问题。,负向;约束,,,Prompt;负向,整理,published,V1.0
V08_T0089,logo(负),logo,,V08,负向与约束,负向提示词，用于抑制logo(负)。,logo(负) 作为负向词排除该类瑕疵或元素。,放入负向提示词以规避该问题。,负向;约束,,,Prompt;负向,整理,published,V1.0
V08_T0090,裁切不当(负),cropped,,V08,负向与约束,负向提示词，用于抑制裁切不当(负)。,裁切不当(负) 作为负向词排除该类瑕疵或元素。,放入负向提示词以规避该问题。,负向;约束,,,Prompt;负向,整理,published,V1.0
V08_T0091,重复(负),duplicate,,V08,负向与约束,负向提示词，用于抑制重复(负)。,重复(负) 作为负向词排除该类瑕疵或元素。,放入负向提示词以规避该问题。,负向;约束,,,Prompt;负向,整理,published,V1.0
V08_T0092,噪点(负),grainy noisy,,V08,负向与约束,负向提示词，用于抑制噪点(负)。,噪点(负) 作为负向词排除该类瑕疵或元素。,放入负向提示词以规避该问题。,负向;约束,,,Prompt;负向,整理,published,V1.0
V08_T0093,过曝(负),overexposed,,V08,负向与约束,负向提示词，用于抑制过曝(负)。,过曝(负) 作为负向词排除该类瑕疵或元素。,放入负向提示词以规避该问题。,负向;约束,,,Prompt;负向,整理,published,V1.0
V08_T0094,欠曝(负),underexposed,,V08,负向与约束,负向提示词，用于抑制欠曝(负)。,欠曝(负) 作为负向词排除该类瑕疵或元素。,放入负向提示词以规避该问题。,负向;约束,,,Prompt;负向,整理,published,V1.0
V08_T0095,随机种子,Seed,,V08,参数与随机性,随机种子是采样起点的初始噪声编号，固定种子可精确复现同一组参数下的出图，是可复现性的核心抓手。,决定同参数下的唯一构图随机走向。,记录满意结果的种子便于复现，或换种子探索新构图。,参数;复现,,,Prompt;参数,整理,published,V1.0
V08_T0096,采样步数,Steps,,V08,参数与随机性,采样步数是模型从噪声去采的迭代次数，步数少出图快但欠浇筑、步数多细节足但耗时，需与采样器配合取平衡。,影响细节精细度与画面完成度。,通常设 20–40 步，配合采样器调到细节与速度的平衡。,参数;采样,,,Prompt;参数,整理,published,V1.0
V08_T0097,引导强度CFG,CFG Scale,,V08,参数与随机性,引导强度CFG控制模型对提示词的贴合程度，值越高越忠实提示词但易过饱和，值越低越自由但易跑偏。,控制画面与提示词的贴合度。,常用 5–12，过高发硬过饱和，过低偏离意图。,参数;贴合,,,Prompt;参数,整理,published,V1.0
V08_T0098,去噪强度,Denoising,,V08,参数与随机性,去噪强度决定图生图时保留原图多少、重绘多少，值越高改动越大、值越低越接近原图。,控制重绘的整体幅度与原图保留度。,图生图常用 0.3–0.7，低值微调、高值大改。,参数;图生图,,,Prompt;参数,整理,published,V1.0
V08_T0099,尺寸分辨率,Resolution,,V08,参数与随机性,尺寸分辨率指定生成图像的像素尺寸，过小缺细节、过大易出多头或重复结构，需与训练分辨率匹配。,决定画面清晰度与构图宽高比。,按题材选尺寸，人像偏竖、风景偏横，避免过大畸变。,参数;尺寸,,,Prompt;参数,整理,published,V1.0
V08_T0100,宽高比,Aspect Ratio,,V08,参数与随机性,宽高比是画面的长宽比例，直接影响构图取向，比例失调可能会导致构图失衡或主体被裁切。,定义画面形状与构图取向。,按题材设比例，如 16:9 风景、9:16 人像、1:1 头像。,参数;构图,,,Prompt;参数,整理,published,V1.0
V08_T0101,批量数量,Batch Count,,V08,参数与随机性,批量数量是一次生成中并行出图的张数，用于在同参数下快速获得多个候选以便挑选最佳结果。,同参数下产出多张候选。,设 2–4 批量出图，从中挑选最满意的一张。,参数;批量,,,Prompt;参数,整理,published,V1.0
V08_T0102,Clip跳过,Clip Skip,,V08,参数与随机性,CLIP层跳过。,Clip跳过 参数对构图、细节与随机性的控制。,调节该参数控制生成结果。,参数;控制,,,Prompt;参数,整理,published,V1.0
V08_T0103,Euler,euler sampler,,V08,参数 / 采样器,Euler采样算法的生成特性与适用场景。,Euler 采样器影响出图的收敛、细节与风格。,选用该采样器控制画质与速度。,采样器;参数,,,Prompt;采样器,整理,published,V1.0
V08_T0104,Euler a,euler ancestral sampler,,V08,参数 / 采样器,Euler a采样算法的生成特性与适用场景。,Euler a 采样器影响出图的收敛、细节与风格。,选用该采样器控制画质与速度。,采样器;参数,,,Prompt;采样器,整理,published,V1.0
V08_T0105,DPM++ 2M,dpm++ 2m karras,,V08,参数 / 采样器,DPM++ 2M采样算法的生成特性与适用场景。,DPM++ 2M 采样器影响出图的收敛、细节与风格。,选用该采样器控制画质与速度。,采样器;参数,,,Prompt;采样器,整理,published,V1.0
V08_T0106,DPM++ SDE,dpm++ sde karras,,V08,参数 / 采样器,DPM++ SDE采样算法的生成特性与适用场景。,DPM++ SDE 采样器影响出图的收敛、细节与风格。,选用该采样器控制画质与速度。,采样器;参数,,,Prompt;采样器,整理,published,V1.0
V08_T0107,DDIM,ddim sampler,,V08,参数 / 采样器,DDIM采样算法的生成特性与适用场景。,DDIM 采样器影响出图的收敛、细节与风格。,选用该采样器控制画质与速度。,采样器;参数,,,Prompt;采样器,整理,published,V1.0
V08_T0108,UniPC,unipc sampler,,V08,参数 / 采样器,UniPC采样算法的生成特性与适用场景。,UniPC 采样器影响出图的收敛、细节与风格。,选用该采样器控制画质与速度。,采样器;参数,,,Prompt;采样器,整理,published,V1.0
V08_T0109,LMS,lms sampler,,V08,参数 / 采样器,LMS采样算法的生成特性与适用场景。,LMS 采样器影响出图的收敛、细节与风格。,选用该采样器控制画质与速度。,采样器;参数,,,Prompt;采样器,整理,published,V1.0
V08_T0110,Heun,heun sampler,,V08,参数 / 采样器,Heun采样算法的生成特性与适用场景。,Heun 采样器影响出图的收敛、细节与风格。,选用该采样器控制画质与速度。,采样器;参数,,,Prompt;采样器,整理,published,V1.0
V08_T0111,图生图,img2img,,V08,多模态与控制,图生图以一张已有图像为起点，按提示词在原图基础上重绘，是保持构图骨架的同时改风格、改内容的主要手段。,基于原图重绘、保留构图骨架。,导入参考图 + 提示词 + 去噪强度，低值微调、高值大改。,图生图;重绘,,,Prompt;多模态,整理,published,V1.0
V08_T0112,局部重绘,Inpaint,,V08,多模态与控制,局部重绘只对蒙版遮罩区域做重绘、其余像素原样保留，适合擦改瑕疵或局部换物而不动整体构图。,仅重绘蒙版区、余部保真。,涂抹蒙版圈定重绘区 + 提示词描述新内容。,局部重绘;修瑕,,,Prompt;多模态,整理,published,V1.0
V08_T0113,扩图,Outpaint,,V08,多模态与控制,扩图以原图为种子向画面外延扩展边缘，在不裁切原构图的前提下加大画幅、补全超出画框的内容。,向外延展画幅、补全边缘。,选定外扩方向 + 提示词描述延伸场景。,扩图;补全,,,Prompt;多模态,整理,published,V1.0
V08_T0114,ControlNet姿态,OpenPose,,V08,多模态与控制,ControlNet姿态通过 OpenPose 骨架图约束生成人物的关节姿势，是从结构上精确控制人物姿态的手段。,精确约束人物关节姿势。,输入姿态骨架图 + 提示词，锁定人物姿势。,ControlNet;姿态,,,Prompt;多模态,整理,published,V1.0
V08_T0115,ControlNet深度,Depth,,V08,多模态与控制,ControlNet深度通过深度图约束画面的前后景层次与空间纵深，适合维持场景立体结构的同时改风格或材质。,锁定前后景纵深与空间结构。,输入深度图 + 提示词，保结构改外观。,ControlNet;深度,,,Prompt;多模态,整理,published,V1.0
V08_T0116,ControlNet线稿,Lineart,,V08,多模态与控制,ControlNet线稿是以线稿为条件输入精确控制图像构图与边缘结构的ControlNet控制模式，用于线稿转绘与造型约束。,边缘精准、构图可控、线稿约束。,用于以线稿约束生成图像边缘与结构的ControlNet控制。,ControlNet;线稿,,,Prompt;多模态,整理,published,V1.0
V08_T0117,ControlNet边缘,Canny,,V08,多模态与控制,ControlNet边缘通过 Canny 等边缘检测图约束线条轮廓，适合在保持线稿骨架的同时生成不同质感的填色。,沿检测边缘生成、锁定轮廓。,输入边缘图 + 提示词，保线稿换质感。,ControlNet;线条,,,Prompt;多模态,整理,published,V1.0
V08_T0118,ControlNet涂鸦,Scribble,,V08,多模态与控制,ControlNet涂鸦以手绘草图为引导约束大形与构图走向，适合从粗略草图快速生成成图、控制画面布局。,依草图引导大形与布局。,画粗略草图 + 提示词，从草图生成成图。,ControlNet;草图,,,Prompt;多模态,整理,published,V1.0
V08_T0119,ControlNet法线,Normal,,V08,多模态与控制,ControlNet法线以法线贴图约束表面凹凸的光照响应，适合在保持表面立体起伏的同时换材质或换光源。,锁定表面凹凸的光照表现。,输入法线图 + 提示词，保起伏改质感光源。,ControlNet;法线,,,Prompt;多模态,整理,published,V1.0
V08_T0120,ControlNet分割,Segmentation,,V08,多模态与控制,ControlNet分割以语义分割图约束各区域的物类归属，适合在保留空间布局的同时改各区域内容。,按区域锁物类归属、保布局。,输入分割图 + 提示词，保布局改区域内容。,ControlNet;分割,,,Prompt;多模态,整理,published,V1.0
V08_T0121,参考图风格迁移,Style Transfer,,V08,多模态与控制,参考图风格迁移以一张参考图的画风为引导，把其质感、笔触、色调迁移到新构图的生成图中。,迁移参考图的画风气韵。,导入风格参考图 + 内容提示词，把画风嫁接到新图。,风格迁移;参考,,,Prompt;多模态,整理,published,V1.0
V08_T0122,区域提示,Regional Prompt,,V08,多模态与控制,区域提示用蒙版或分区把不同提示词分别约束到画面不同区域，实现同图多主体、多风格的分区控制。,分区施控、一图多主体。,按区域分写各提示词与蒙版，分区控制各自内容。,区域控制;多主体,,,Prompt;多模态,整理,published,V1.0
V08_T0123,LoRA触发词,LoRA Trigger,,V08,多模态与控制,LoRA触发词是调用某一 LoRA 微调模型所必需的关键词，写入后才激活该 LoRA 的画风或角色特征。,激活微调模型的专属画风或角色。,先启用目标 LoRA 权重，再写入其触发词激活特征。,LoRA;触发,,,Prompt;多模态,整理,published,V1.0
V08_T0124,文本反演,Textual Inversion,,V08,多模态与控制,embedding。,文本反演 提供的条件控制与多模态引导能力。,用该方式精确控制构图/结构。,控制;条件,,,Prompt;多模态,整理,published,V1.0
V08_T0125,IP-Adapter,IP-Adapter,,V08,多模态与控制,IP-Adapter以一张图像作为提示引导其编码特征注入生成，实现以图代文、用参考图直接驱动画面的内容与气质。,以参考图特征驱动画面生成。,导入图像提示 + 权重，用图片直接引导生成。,图像提示;控制,,,Prompt;多模态,整理,published,V1.0
V08_T0126,人脸迁移,Face Swap,,V08,多模态与控制,人脸迁移把指定人脸身份迁移到生成画面的人物上，在换脸的同时尽量保持其他内容、光照与表情不变。,替换人脸身份、保其余不变。,用换脸插件 + 源脸图，叠加到目标生成人物上。,换脸;ID保持,,,Prompt;多模态,整理,published,V1.0
V09_T0001,三分法,rule of thirds,,V09,构图语法,三分法构图的视觉结构与空间布局。,三分法 的画面布局与视觉引导方式。,用该构图语法安排画面。,构图;引导,,,构图;语法,整理,published,V1.0
V09_T0002,黄金螺旋,golden spiral fibonacci,,V09,构图语法,黄金螺旋构图的视觉结构与空间布局。,黄金螺旋 的画面布局与视觉引导方式。,用该构图语法安排画面。,构图;引导,,,构图;语法,整理,published,V1.0
V09_T0003,黄金分割,golden ratio,,V09,构图语法,黄金分割构图的视觉结构与空间布局。,黄金分割 的画面布局与视觉引导方式。,用该构图语法安排画面。,构图;引导,,,构图;语法,整理,published,V1.0
V09_T0004,中心对称,central symmetry,,V09,构图语法,中心对称构图的视觉结构与空间布局。,中心对称 的画面布局与视觉引导方式。,用该构图语法安排画面。,构图;引导,,,构图;语法,整理,published,V1.0
V09_T0005,对角线,diagonal dynamic,,V09,构图语法,对角线构图的视觉结构与空间布局。,对角线 的画面布局与视觉引导方式。,用该构图语法安排画面。,构图;引导,,,构图;语法,整理,published,V1.0
V09_T0006,引导线,leading lines,,V09,构图语法,引导线构图的视觉结构与空间布局。,引导线 的画面布局与视觉引导方式。,用该构图语法安排画面。,构图;引导,,,构图;语法,整理,published,V1.0
V09_T0007,框架式,framing,,V09,构图语法,框架式构图的视觉结构与空间布局。,框架式 的画面布局与视觉引导方式。,用该构图语法安排画面。,构图;引导,,,构图;语法,整理,published,V1.0
V09_T0008,三角构图,triangular,,V09,构图语法,三角构图构图的视觉结构与空间布局。,三角构图 的画面布局与视觉引导方式。,用该构图语法安排画面。,构图;引导,,,构图;语法,整理,published,V1.0
V09_T0009,S形曲线,s-curve,,V09,构图语法,S形曲线构图的视觉结构与空间布局。,S形曲线 的画面布局与视觉引导方式。,用该构图语法安排画面。,构图;引导,,,构图;语法,整理,published,V1.0
V09_T0010,C形构图,c-curve,,V09,构图语法,C形构图构图的视觉结构与空间布局。,C形构图 的画面布局与视觉引导方式。,用该构图语法安排画面。,构图;引导,,,构图;语法,整理,published,V1.0
V09_T0011,重复韵律,repetition rhythm,,V09,构图语法,重复韵律构图的视觉结构与空间布局。,重复韵律 的画面布局与视觉引导方式。,用该构图语法安排画面。,构图;引导,,,构图;语法,整理,published,V1.0
V09_T0012,放射构图,radial,,V09,构图语法,放射构图构图的视觉结构与空间布局。,放射构图 的画面布局与视觉引导方式。,用该构图语法安排画面。,构图;引导,,,构图;语法,整理,published,V1.0
V09_T0013,水平线,horizontal calm,,V09,构图语法,水平线构图的视觉结构与空间布局。,水平线 的画面布局与视觉引导方式。,用该构图语法安排画面。,构图;引导,,,构图;语法,整理,published,V1.0
V09_T0014,垂直线,vertical,,V09,构图语法,垂直线构图的视觉结构与空间布局。,垂直线 的画面布局与视觉引导方式。,用该构图语法安排画面。,构图;引导,,,构图;语法,整理,published,V1.0
V09_T0015,曲线引导,curved lines,,V09,构图语法,曲线引导构图的视觉结构与空间布局。,曲线引导 的画面布局与视觉引导方式。,用该构图语法安排画面。,构图;引导,,,构图;语法,整理,published,V1.0
V09_T0016,螺旋构图,spiral,,V09,构图语法,螺旋构图构图的视觉结构与空间布局。,螺旋构图 的画面布局与视觉引导方式。,用该构图语法安排画面。,构图;引导,,,构图;语法,整理,published,V1.0
V09_T0017,井字构图,grid nine,,V09,构图语法,井字构图构图的视觉结构与空间布局。,井字构图 的画面布局与视觉引导方式。,用该构图语法安排画面。,构图;引导,,,构图;语法,整理,published,V1.0
V09_T0018,L形构图,l-shaped,,V09,构图语法,L形构图构图的视觉结构与空间布局。,L形构图 的画面布局与视觉引导方式。,用该构图语法安排画面。,构图;引导,,,构图;语法,整理,published,V1.0
V09_T0019,满构图,full frame fill,,V09,构图语法,满构图构图的视觉结构与空间布局。,满构图 的画面布局与视觉引导方式。,用该构图语法安排画面。,构图;引导,,,构图;语法,整理,published,V1.0
V09_T0020,极简构图,minimalist,,V09,构图语法,极简构图构图的视觉结构与空间布局。,极简构图 的画面布局与视觉引导方式。,用该构图语法安排画面。,构图;引导,,,构图;语法,整理,published,V1.0
V09_T0021,视觉重心,visual weight focal,,V09,视觉层级与引导,视觉重心的视觉层级与观看引导方式。,视觉重心 对视线流向与主次层级的引导。,用该方式建立视觉层级。,层级;引导,,,构图;层级,整理,published,V1.0
V09_T0022,主次层级,visual hierarchy,,V09,视觉层级与引导,主次层级的视觉层级与观看引导方式。,主次层级 对视线流向与主次层级的引导。,用该方式建立视觉层级。,层级;引导,,,构图;层级,整理,published,V1.0
V09_T0023,视线引导,eye flow guidance,,V09,视觉层级与引导,视线引导的视觉层级与观看引导方式。,视线引导 对视线流向与主次层级的引导。,用该方式建立视觉层级。,层级;引导,,,构图;层级,整理,published,V1.0
V09_T0024,对比强调,contrast emphasis,,V09,视觉层级与引导,对比强调的视觉层级与观看引导方式。,对比强调 对视线流向与主次层级的引导。,用该方式建立视觉层级。,层级;引导,,,构图;层级,整理,published,V1.0
V09_T0025,前中后景,foreground midground background layers,,V09,视觉层级与引导,前中后景的视觉层级与观看引导方式。,前中后景 对视线流向与主次层级的引导。,用该方式建立视觉层级。,层级;引导,,,构图;层级,整理,published,V1.0
V09_T0026,留白呼吸,negative space,,V09,视觉层级与引导,留白呼吸的视觉层级与观看引导方式。,留白呼吸 对视线流向与主次层级的引导。,用该方式建立视觉层级。,层级;引导,,,构图;层级,整理,published,V1.0
V09_T0027,视觉焦点,focal point,,V09,视觉层级与引导,视觉焦点的视觉层级与观看引导方式。,视觉焦点 对视线流向与主次层级的引导。,用该方式建立视觉层级。,层级;引导,,,构图;层级,整理,published,V1.0
V09_T0028,景深层次,depth layering,,V09,视觉层级与引导,景深层次的视觉层级与观看引导方式。,景深层次 对视线流向与主次层级的引导。,用该方式建立视觉层级。,层级;引导,,,构图;层级,整理,published,V1.0
V09_T0029,大小对比,scale contrast,,V09,视觉层级与引导,大小对比的视觉层级与观看引导方式。,大小对比 对视线流向与主次层级的引导。,用该方式建立视觉层级。,层级;引导,,,构图;层级,整理,published,V1.0
V09_T0030,明暗对比,tonal contrast,,V09,视觉层级与引导,明暗对比的视觉层级与观看引导方式。,明暗对比 对视线流向与主次层级的引导。,用该方式建立视觉层级。,层级;引导,,,构图;层级,整理,published,V1.0
V09_T0031,色彩引导,color guidance,,V09,视觉层级与引导,色彩引导的视觉层级与观看引导方式。,色彩引导 对视线流向与主次层级的引导。,用该方式建立视觉层级。,层级;引导,,,构图;层级,整理,published,V1.0
V09_T0032,视觉节奏,visual rhythm pacing,,V09,叙事与张力,视觉节奏的叙事节奏与情绪张力。,视觉节奏 营造的叙事感与画面张力。,用该手法增强叙事张力。,叙事;张力,,,构图;叙事,整理,published,V1.0
V09_T0033,画面张力,compositional tension,,V09,叙事与张力,画面张力的叙事节奏与情绪张力。,画面张力 营造的叙事感与画面张力。,用该手法增强叙事张力。,叙事;张力,,,构图;叙事,整理,published,V1.0
V09_T0034,叙事留白,narrative space,,V09,叙事与张力,叙事留白的叙事节奏与情绪张力。,叙事留白 营造的叙事感与画面张力。,用该手法增强叙事张力。,叙事;张力,,,构图;叙事,整理,published,V1.0
V09_T0035,方向暗示,implied direction,,V09,叙事与张力,方向暗示的叙事节奏与情绪张力。,方向暗示 营造的叙事感与画面张力。,用该手法增强叙事张力。,叙事;张力,,,构图;叙事,整理,published,V1.0
V09_T0036,呼应平衡,visual balance,,V09,叙事与张力,呼应平衡的叙事节奏与情绪张力。,呼应平衡 营造的叙事感与画面张力。,用该手法增强叙事张力。,叙事;张力,,,构图;叙事,整理,published,V1.0
V09_T0037,打破常规,broken symmetry,,V09,叙事与张力,打破常规的叙事节奏与情绪张力。,打破常规 营造的叙事感与画面张力。,用该手法增强叙事张力。,叙事;张力,,,构图;叙事,整理,published,V1.0
V09_T0038,对称平衡,symmetrical balance,,V09,叙事与张力,对称平衡的叙事节奏与情绪张力。,对称平衡 营造的叙事感与画面张力。,用该手法增强叙事张力。,叙事;张力,,,构图;叙事,整理,published,V1.0
V09_T0039,非对称平衡,asymmetrical balance,,V09,叙事与张力,非对称平衡的叙事节奏与情绪张力。,非对称平衡 营造的叙事感与画面张力。,用该手法增强叙事张力。,叙事;张力,,,构图;叙事,整理,published,V1.0
V09_T0040,动态平衡,dynamic balance,,V09,叙事与张力,动态平衡的叙事节奏与情绪张力。,动态平衡 营造的叙事感与画面张力。,用该手法增强叙事张力。,叙事;张力,,,构图;叙事,整理,published,V1.0
V09_T0041,视觉重量分布,weight distribution,,V09,叙事与张力,视觉重量分布的叙事节奏与情绪张力。,视觉重量分布 营造的叙事感与画面张力。,用该手法增强叙事张力。,叙事;张力,,,构图;叙事,整理,published,V1.0
V09_T0042,故事性瞬间,decisive moment,,V09,叙事与张力,故事性瞬间的叙事节奏与情绪张力。,故事性瞬间 营造的叙事感与画面张力。,用该手法增强叙事张力。,叙事;张力,,,构图;叙事,整理,published,V1.0
V09_T0043,平视,eye level,,V09,视角与画幅,平视视角的空间关系与观看方式。,平视 的视角/画幅带来的空间关系与观感。,选用该视角/画幅取景。,视角;画幅,,,构图;视角画幅,整理,published,V1.0
V09_T0044,俯视,high angle,,V09,视角与画幅,俯视视角的空间关系与观看方式。,俯视 的视角/画幅带来的空间关系与观感。,选用该视角/画幅取景。,视角;画幅,,,构图;视角画幅,整理,published,V1.0
V09_T0045,仰视,low angle heroic,,V09,视角与画幅,仰视视角的空间关系与观看方式。,仰视 的视角/画幅带来的空间关系与观感。,选用该视角/画幅取景。,视角;画幅,,,构图;视角画幅,整理,published,V1.0
V09_T0046,鸟瞰,top-down aerial,,V09,视角与画幅,鸟瞰视角的空间关系与观看方式。,鸟瞰 的视角/画幅带来的空间关系与观感。,选用该视角/画幅取景。,视角;画幅,,,构图;视角画幅,整理,published,V1.0
V09_T0047,虫视,worm eye view,,V09,视角与画幅,虫视视角的空间关系与观看方式。,虫视 的视角/画幅带来的空间关系与观感。,选用该视角/画幅取景。,视角;画幅,,,构图;视角画幅,整理,published,V1.0
V09_T0048,荷兰角,dutch tilt,,V09,视角与画幅,荷兰角视角的空间关系与观看方式。,荷兰角 的视角/画幅带来的空间关系与观感。,选用该视角/画幅取景。,视角;画幅,,,构图;视角画幅,整理,published,V1.0
V09_T0049,正方形画幅,square 1:1,,V09,视角与画幅,正方形画幅视角的空间关系与观看方式。,正方形画幅 的视角/画幅带来的空间关系与观感。,选用该视角/画幅取景。,视角;画幅,,,构图;视角画幅,整理,published,V1.0
V09_T0050,竖幅,vertical portrait,,V09,视角与画幅,竖幅视角的空间关系与观看方式。,竖幅 的视角/画幅带来的空间关系与观感。,选用该视角/画幅取景。,视角;画幅,,,构图;视角画幅,整理,published,V1.0
V09_T0051,横幅,horizontal landscape,,V09,视角与画幅,横幅视角的空间关系与观看方式。,横幅 的视角/画幅带来的空间关系与观感。,选用该视角/画幅取景。,视角;画幅,,,构图;视角画幅,整理,published,V1.0
V09_T0052,宽幅全景,panoramic,,V09,视角与画幅,宽幅全景视角的空间关系与观看方式。,宽幅全景 的视角/画幅带来的空间关系与观感。,选用该视角/画幅取景。,视角;画幅,,,构图;视角画幅,整理,published,V1.0
V09_T0053,超宽画幅,ultrawide cinematic,,V09,视角与画幅,超宽画幅视角的空间关系与观看方式。,超宽画幅 的视角/画幅带来的空间关系与观感。,选用该视角/画幅取景。,视角;画幅,,,构图;视角画幅,整理,published,V1.0
V09_T0054,接近原则,gestalt proximity,,V09,心理与格式塔,接近原则的构图语法与视觉叙事方式。,接近原则 基于视知觉/格式塔的画面感受。,利用该心理感知引导观看。,视知觉;构图,,,构图;格式塔,整理,published,V1.0
V09_T0055,相似原则,gestalt similarity,,V09,心理与格式塔,相似原则的构图语法与视觉叙事方式。,相似原则 基于视知觉/格式塔的画面感受。,利用该心理感知引导观看。,视知觉;构图,,,构图;格式塔,整理,published,V1.0
V09_T0056,闭合原则,gestalt closure,,V09,心理与格式塔,闭合原则的构图语法与视觉叙事方式。,闭合原则 基于视知觉/格式塔的画面感受。,利用该心理感知引导观看。,视知觉;构图,,,构图;格式塔,整理,published,V1.0
V09_T0057,连续原则,gestalt continuity,,V09,心理与格式塔,连续原则的构图语法与视觉叙事方式。,连续原则 基于视知觉/格式塔的画面感受。,利用该心理感知引导观看。,视知觉;构图,,,构图;格式塔,整理,published,V1.0
V09_T0058,图底关系,figure-ground,,V09,心理与格式塔,图底关系的构图语法与视觉叙事方式。,图底关系 基于视知觉/格式塔的画面感受。,利用该心理感知引导观看。,视知觉;构图,,,构图;格式塔,整理,published,V1.0
V09_T0059,简化原则,gestalt pragnanz,,V09,心理与格式塔,简化原则的构图语法与视觉叙事方式。,简化原则 基于视知觉/格式塔的画面感受。,利用该心理感知引导观看。,视知觉;构图,,,构图;格式塔,整理,published,V1.0
V09_T0060,共同命运,common fate,,V09,心理与格式塔,共同命运的构图语法与视觉叙事方式。,共同命运 基于视知觉/格式塔的画面感受。,利用该心理感知引导观看。,视知觉;构图,,,构图;格式塔,整理,published,V1.0
V09_T0061,对称原则,gestalt symmetry,,V09,心理与格式塔,对称原则的构图语法与视觉叙事方式。,对称原则 基于视知觉/格式塔的画面感受。,利用该心理感知引导观看。,视知觉;构图,,,构图;格式塔,整理,published,V1.0
V09_T0062,焦点引力,focal attraction,,V09,心理与格式塔,焦点引力的构图语法与视觉叙事方式。,焦点引力 基于视知觉/格式塔的画面感受。,利用该心理感知引导观看。,视知觉;构图,,,构图;格式塔,整理,published,V1.0
V10_T0001,古典主义,classical architecture columns,,V10,建筑风格,古典主义建筑风格的形式特征与美学理念。,古典主义 的形制、立面与材质特征。,营造 古典主义 建筑风格时引用。,建筑;风格,,,建筑;风格,整理,published,V1.0
V10_T0002,哥特,gothic architecture,,V10,建筑风格,哥特建筑风格的形式特征与美学理念。,哥特 的形制、立面与材质特征。,营造 哥特 建筑风格时引用。,建筑;风格,,,建筑;风格,整理,published,V1.0
V10_T0003,罗马式,romanesque architecture,,V10,建筑风格,罗马式建筑风格的形式特征与美学理念。,罗马式 的形制、立面与材质特征。,营造 罗马式 建筑风格时引用。,建筑;风格,,,建筑;风格,整理,published,V1.0
V10_T0004,巴洛克,baroque architecture,,V10,建筑风格,巴洛克建筑风格的形式特征与美学理念。,巴洛克 的形制、立面与材质特征。,营造 巴洛克 建筑风格时引用。,建筑;风格,,,建筑;风格,整理,published,V1.0
V10_T0005,洛可可,rococo architecture,,V10,建筑风格,洛可可建筑风格的形式特征与美学理念。,洛可可 的形制、立面与材质特征。,营造 洛可可 建筑风格时引用。,建筑;风格,,,建筑;风格,整理,published,V1.0
V10_T0006,新古典,neoclassical architecture,,V10,建筑风格,新古典建筑风格的形式特征与美学理念。,新古典 的形制、立面与材质特征。,营造 新古典 建筑风格时引用。,建筑;风格,,,建筑;风格,整理,published,V1.0
V10_T0007,现代主义,modernist architecture,,V10,建筑风格,现代主义建筑风格的形式特征与美学理念。,现代主义 的形制、立面与材质特征。,营造 现代主义 建筑风格时引用。,建筑;风格,,,建筑;风格,整理,published,V1.0
V10_T0008,包豪斯,bauhaus architecture,,V10,建筑风格,包豪斯建筑风格的形式特征与美学理念。,包豪斯 的形制、立面与材质特征。,营造 包豪斯 建筑风格时引用。,建筑;风格,,,建筑;风格,整理,published,V1.0
V10_T0009,国际主义,international style architecture,,V10,建筑风格,国际主义建筑风格的形式特征与美学理念。,国际主义 的形制、立面与材质特征。,营造 国际主义 建筑风格时引用。,建筑;风格,,,建筑;风格,整理,published,V1.0
V10_T0010,极简,minimalist architecture,,V10,建筑风格,极简建筑风格的形式特征与美学理念。,极简 的形制、立面与材质特征。,营造 极简 建筑风格时引用。,建筑;风格,,,建筑;风格,整理,published,V1.0
V10_T0011,解构主义,deconstructivist architecture,,V10,建筑风格,解构主义建筑风格的形式特征与美学理念。,解构主义 的形制、立面与材质特征。,营造 解构主义 建筑风格时引用。,建筑;风格,,,建筑;风格,整理,published,V1.0
V10_T0012,粗野主义,brutalist concrete architecture,,V10,建筑风格,粗野主义建筑风格的形式特征与美学理念。,粗野主义 的形制、立面与材质特征。,营造 粗野主义 建筑风格时引用。,建筑;风格,,,建筑;风格,整理,published,V1.0
V10_T0013,新中式,new chinese architecture,,V10,建筑风格,新中式建筑风格的形式特征与美学理念。,新中式 的形制、立面与材质特征。,营造 新中式 建筑风格时引用。,建筑;风格,,,建筑;风格,整理,published,V1.0
V10_T0014,徽派,huizhou chinese architecture,,V10,建筑风格,徽派建筑风格的形式特征与美学理念。,徽派 的形制、立面与材质特征。,营造 徽派 建筑风格时引用。,建筑;风格,,,建筑;风格,整理,published,V1.0
V10_T0015,日式侘寂,japanese wabi-sabi architecture,,V10,建筑风格,日式侘寂建筑风格的形式特征与美学理念。,日式侘寂 的形制、立面与材质特征。,营造 日式侘寂 建筑风格时引用。,建筑;风格,,,建筑;风格,整理,published,V1.0
V10_T0016,和风神社,japanese shrine architecture,,V10,建筑风格,和风神社建筑风格的形式特征与美学理念。,和风神社 的形制、立面与材质特征。,营造 和风神社 建筑风格时引用。,建筑;风格,,,建筑;风格,整理,published,V1.0
V10_T0017,工业风,industrial architecture,,V10,建筑风格,工业风建筑风格的形式特征与美学理念。,工业风 的形制、立面与材质特征。,营造 工业风 建筑风格时引用。,建筑;风格,,,建筑;风格,整理,published,V1.0
V10_T0018,未来主义,futuristic architecture,,V10,建筑风格,未来主义建筑风格的形式特征与美学理念。,未来主义 的形制、立面与材质特征。,营造 未来主义 建筑风格时引用。,建筑;风格,,,建筑;风格,整理,published,V1.0
V10_T0019,有机建筑,organic flowing architecture,,V10,建筑风格,有机建筑建筑风格的形式特征与美学理念。,有机建筑 的形制、立面与材质特征。,营造 有机建筑 建筑风格时引用。,建筑;风格,,,建筑;风格,整理,published,V1.0
V10_T0020,仿生建筑,biomimetic architecture,,V10,建筑风格,仿生建筑建筑风格的形式特征与美学理念。,仿生建筑 的形制、立面与材质特征。,营造 仿生建筑 建筑风格时引用。,建筑;风格,,,建筑;风格,整理,published,V1.0
V10_T0021,地中海,mediterranean architecture,,V10,建筑风格,地中海建筑风格的形式特征与美学理念。,地中海 的形制、立面与材质特征。,营造 地中海 建筑风格时引用。,建筑;风格,,,建筑;风格,整理,published,V1.0
V10_T0022,北欧,nordic architecture,,V10,建筑风格,北欧建筑风格的形式特征与美学理念。,北欧 的形制、立面与材质特征。,营造 北欧 建筑风格时引用。,建筑;风格,,,建筑;风格,整理,published,V1.0
V10_T0023,热带,tropical architecture,,V10,建筑风格,热带建筑风格的形式特征与美学理念。,热带 的形制、立面与材质特征。,营造 热带 建筑风格时引用。,建筑;风格,,,建筑;风格,整理,published,V1.0
V10_T0024,阿拉伯,islamic arabic architecture,,V10,建筑风格,阿拉伯建筑风格的形式特征与美学理念。,阿拉伯 的形制、立面与材质特征。,营造 阿拉伯 建筑风格时引用。,建筑;风格,,,建筑;风格,整理,published,V1.0
V10_T0025,中庭,atrium,,V10,建筑空间,中庭空间的结构特征与功能布局。,中庭 的空间形态、尺度与光影关系。,表现该建筑空间时引用。,建筑;空间,,,建筑;空间,整理,published,V1.0
V10_T0026,玻璃幕墙,glass curtain wall,,V10,建筑空间,玻璃幕墙空间的结构特征与功能布局。,玻璃幕墙 的空间形态、尺度与光影关系。,表现该建筑空间时引用。,建筑;空间,,,建筑;空间,整理,published,V1.0
V10_T0027,悬挑结构,cantilever,,V10,建筑空间,悬挑结构空间的结构特征与功能布局。,悬挑结构 的空间形态、尺度与光影关系。,表现该建筑空间时引用。,建筑;空间,,,建筑;空间,整理,published,V1.0
V10_T0028,开放平面,open floor plan,,V10,建筑空间,开放平面空间的结构特征与功能布局。,开放平面 的空间形态、尺度与光影关系。,表现该建筑空间时引用。,建筑;空间,,,建筑;空间,整理,published,V1.0
V10_T0029,螺旋楼梯,spiral staircase,,V10,建筑空间,螺旋楼梯空间的结构特征与功能布局。,螺旋楼梯 的空间形态、尺度与光影关系。,表现该建筑空间时引用。,建筑;空间,,,建筑;空间,整理,published,V1.0
V10_T0030,拱廊,arcade arches,,V10,建筑空间,拱廊空间的结构特征与功能布局。,拱廊 的空间形态、尺度与光影关系。,表现该建筑空间时引用。,建筑;空间,,,建筑;空间,整理,published,V1.0
V10_T0031,穹顶,dome,,V10,建筑空间,穹顶空间的结构特征与功能布局。,穹顶 的空间形态、尺度与光影关系。,表现该建筑空间时引用。,建筑;空间,,,建筑;空间,整理,published,V1.0
V10_T0032,通高,double-height space,,V10,建筑空间,通高空间的结构特征与功能布局。,通高 的空间形态、尺度与光影关系。,表现该建筑空间时引用。,建筑;空间,,,建筑;空间,整理,published,V1.0
V10_T0033,天井,light court,,V10,建筑空间,天井空间的结构特征与功能布局。,天井 的空间形态、尺度与光影关系。,表现该建筑空间时引用。,建筑;空间,,,建筑;空间,整理,published,V1.0
V10_T0034,廊道,corridor gallery,,V10,建筑空间,廊道空间的结构特征与功能布局。,廊道 的空间形态、尺度与光影关系。,表现该建筑空间时引用。,建筑;空间,,,建筑;空间,整理,published,V1.0
V10_T0035,中庭花园,atrium garden,,V10,建筑空间,中庭花园空间的结构特征与功能布局。,中庭花园 的空间形态、尺度与光影关系。,表现该建筑空间时引用。,建筑;空间,,,建筑;空间,整理,published,V1.0
V10_T0036,挑空客厅,double-height living room,,V10,建筑空间,挑空客厅空间的结构特征与功能布局。,挑空客厅 的空间形态、尺度与光影关系。,表现该建筑空间时引用。,建筑;空间,,,建筑;空间,整理,published,V1.0
V10_T0037,落地窗,floor-to-ceiling windows,,V10,建筑空间,落地窗空间的结构特征与功能布局。,落地窗 的空间形态、尺度与光影关系。,表现该建筑空间时引用。,建筑;空间,,,建筑;空间,整理,published,V1.0
V10_T0038,天窗,skylight,,V10,建筑空间,天窗空间的结构特征与功能布局。,天窗 的空间形态、尺度与光影关系。,表现该建筑空间时引用。,建筑;空间,,,建筑;空间,整理,published,V1.0
V10_T0039,北欧风,scandinavian interior,,V10,室内设计,北欧风室内设计的风格特征与空间氛围。,北欧风 的空间布局、材质与氛围特征。,表现该室内风格时引用。,室内;空间,,,建筑;室内,整理,published,V1.0
V10_T0040,极简室内,minimalist interior,,V10,室内设计,极简室内室内设计的风格特征与空间氛围。,极简室内 的空间布局、材质与氛围特征。,表现该室内风格时引用。,室内;空间,,,建筑;室内,整理,published,V1.0
V10_T0041,工业风室内,industrial loft interior,,V10,室内设计,工业风室内室内设计的风格特征与空间氛围。,工业风室内 的空间布局、材质与氛围特征。,表现该室内风格时引用。,室内;空间,,,建筑;室内,整理,published,V1.0
V10_T0042,日式原木,japandi interior,,V10,室内设计,日式原木室内设计的风格特征与空间氛围。,日式原木 的空间布局、材质与氛围特征。,表现该室内风格时引用。,室内;空间,,,建筑;室内,整理,published,V1.0
V10_T0043,奶油风,cream cozy interior,,V10,室内设计,奶油风室内设计的风格特征与空间氛围。,奶油风 的空间布局、材质与氛围特征。,表现该室内风格时引用。,室内;空间,,,建筑;室内,整理,published,V1.0
V10_T0044,法式复古,french vintage interior,,V10,室内设计,法式复古室内设计的风格特征与空间氛围。,法式复古 的空间布局、材质与氛围特征。,表现该室内风格时引用。,室内;空间,,,建筑;室内,整理,published,V1.0
V10_T0045,中古风,mid-century modern interior,,V10,室内设计,中古风室内设计的风格特征与空间氛围。,中古风 的空间布局、材质与氛围特征。,表现该室内风格时引用。,室内;空间,,,建筑;室内,整理,published,V1.0
V10_T0046,侘寂室内,wabi-sabi interior,,V10,室内设计,侘寂室内室内设计的风格特征与空间氛围。,侘寂室内 的空间布局、材质与氛围特征。,表现该室内风格时引用。,室内;空间,,,建筑;室内,整理,published,V1.0
V10_T0047,赛博朋克室内,cyberpunk neon interior,,V10,室内设计,赛博朋克室内室内设计的风格特征与空间氛围。,赛博朋克室内 的空间布局、材质与氛围特征。,表现该室内风格时引用。,室内;空间,,,建筑;室内,整理,published,V1.0
V10_T0048,美式乡村,american country interior,,V10,室内设计,美式乡村室内设计的风格特征与空间氛围。,美式乡村 的空间布局、材质与氛围特征。,表现该室内风格时引用。,室内;空间,,,建筑;室内,整理,published,V1.0
V10_T0049,地中海风,mediterranean interior,,V10,室内设计,地中海风室内设计的风格特征与空间氛围。,地中海风 的空间布局、材质与氛围特征。,表现该室内风格时引用。,室内;空间,,,建筑;室内,整理,published,V1.0
V10_T0050,新中式室内,new chinese interior,,V10,室内设计,新中式室内室内设计的风格特征与空间氛围。,新中式室内 的空间布局、材质与氛围特征。,表现该室内风格时引用。,室内;空间,,,建筑;室内,整理,published,V1.0
V10_T0051,轻奢风,light luxury interior,,V10,室内设计,轻奢风室内设计的风格特征与空间氛围。,轻奢风 的空间布局、材质与氛围特征。,表现该室内风格时引用。,室内;空间,,,建筑;室内,整理,published,V1.0
V10_T0052,ins风,instagram aesthetic interior,,V10,室内设计,ins风室内设计的风格特征与空间氛围。,ins风 的空间布局、材质与氛围特征。,表现该室内风格时引用。,室内;空间,,,建筑;室内,整理,published,V1.0
V10_T0053,复古怀旧,retro vintage interior,,V10,室内设计,复古怀旧室内设计的风格特征与空间氛围。,复古怀旧 的空间布局、材质与氛围特征。,表现该室内风格时引用。,室内;空间,,,建筑;室内,整理,published,V1.0
V10_T0054,禅意,zen minimalist interior,,V10,室内设计,禅意室内设计的风格特征与空间氛围。,禅意 的空间布局、材质与氛围特征。,表现该室内风格时引用。,室内;空间,,,建筑;室内,整理,published,V1.0
V10_T0055,孟菲斯室内,memphis interior,,V10,室内设计,孟菲斯室内室内设计的风格特征与空间氛围。,孟菲斯室内 的空间布局、材质与氛围特征。,表现该室内风格时引用。,室内;空间,,,建筑;室内,整理,published,V1.0
V10_T0056,北欧家具,scandinavian furniture,,V10,家具与陈设,北欧家具的设计风格与功能特征。,北欧家具 的造型、材质与陈设风格。,布置该类家具陈设时引用。,家具;陈设,,,建筑;家具,整理,published,V1.0
V10_T0057,中古家具,mid-century furniture,,V10,家具与陈设,中古家具的设计风格与功能特征。,中古家具 的造型、材质与陈设风格。,布置该类家具陈设时引用。,家具;陈设,,,建筑;家具,整理,published,V1.0
V10_T0058,巴洛克家具,baroque furniture,,V10,家具与陈设,巴洛克家具的设计风格与功能特征。,巴洛克家具 的造型、材质与陈设风格。,布置该类家具陈设时引用。,家具;陈设,,,建筑;家具,整理,published,V1.0
V10_T0059,软装陈设,soft furnishing decor,,V10,家具与陈设,软装陈设的设计风格与功能特征。,软装陈设 的造型、材质与陈设风格。,布置该类家具陈设时引用。,家具;陈设,,,建筑;家具,整理,published,V1.0
V10_T0060,绿植装饰,indoor plants decor,,V10,家具与陈设,绿植装饰的设计风格与功能特征。,绿植装饰 的造型、材质与陈设风格。,布置该类家具陈设时引用。,家具;陈设,,,建筑;家具,整理,published,V1.0
V10_T0061,艺术挂画,wall art decor,,V10,家具与陈设,艺术挂画的设计风格与功能特征。,艺术挂画 的造型、材质与陈设风格。,布置该类家具陈设时引用。,家具;陈设,,,建筑;家具,整理,published,V1.0
V10_T0062,地毯,rug decor,,V10,家具与陈设,地毯的设计风格与功能特征。,地毯 的造型、材质与陈设风格。,布置该类家具陈设时引用。,家具;陈设,,,建筑;家具,整理,published,V1.0
V10_T0063,吊灯,pendant lighting,,V10,家具与陈设,吊灯的设计风格与功能特征。,吊灯 的造型、材质与陈设风格。,布置该类家具陈设时引用。,家具;陈设,,,建筑;家具,整理,published,V1.0
V10_T0064,落地灯,floor lamp,,V10,家具与陈设,落地灯的设计风格与功能特征。,落地灯 的造型、材质与陈设风格。,布置该类家具陈设时引用。,家具;陈设,,,建筑;家具,整理,published,V1.0
V10_T0065,城市天际线,city skyline,,V10,景观与氛围,城市天际线景观的空间特征与环境氛围。,城市天际线 的环境景观与空间氛围。,营造该景观氛围时引用。,景观;氛围,,,建筑;景观氛围,整理,published,V1.0
V10_T0066,园林景观,classical garden landscape,,V10,景观与氛围,园林景观景观的空间特征与环境氛围。,园林景观 的环境景观与空间氛围。,营造该景观氛围时引用。,景观;氛围,,,建筑;景观氛围,整理,published,V1.0
V10_T0067,现代景观,modern landscape,,V10,景观与氛围,现代景观景观的空间特征与环境氛围。,现代景观 的环境景观与空间氛围。,营造该景观氛围时引用。,景观;氛围,,,建筑;景观氛围,整理,published,V1.0
V10_T0068,中庭光井,light well glow,,V10,景观与氛围,中庭光井景观的空间特征与环境氛围。,中庭光井 的环境景观与空间氛围。,营造该景观氛围时引用。,景观;氛围,,,建筑;景观氛围,整理,published,V1.0
V10_T0069,空间光影,spatial light shadow,,V10,景观与氛围,空间光影景观的空间特征与环境氛围。,空间光影 的环境景观与空间氛围。,营造该景观氛围时引用。,景观;氛围,,,建筑;景观氛围,整理,published,V1.0
V10_T0070,黄昏暖光室内,golden hour interior light,,V10,景观与氛围,黄昏暖光室内景观的空间特征与环境氛围。,黄昏暖光室内 的环境景观与空间氛围。,营造该景观氛围时引用。,景观;氛围,,,建筑;景观氛围,整理,published,V1.0
V10_T0071,晨光室内,morning light interior,,V10,景观与氛围,晨光室内景观的空间特征与环境氛围。,晨光室内 的环境景观与空间氛围。,营造该景观氛围时引用。,景观;氛围,,,建筑;景观氛围,整理,published,V1.0
V10_T0072,夜景灯光,night architectural lighting,,V10,景观与氛围,夜景灯光景观的空间特征与环境氛围。,夜景灯光 的环境景观与空间氛围。,营造该景观氛围时引用。,景观;氛围,,,建筑;景观氛围,整理,published,V1.0
V10_T0073,雾景建筑,foggy atmospheric architecture,,V10,景观与氛围,雾景建筑景观的空间特征与环境氛围。,雾景建筑 的环境景观与空间氛围。,营造该景观氛围时引用。,景观;氛围,,,建筑;景观氛围,整理,published,V1.0
V11_T0001,西装,tailored suit,,V11,服装类别,西装服装的款式特征与穿着场景。,西装 的版型、穿着方式与风格定位。,表现该类服装时引用。,服装;穿搭,,,时尚;类别,整理,published,V1.0
V11_T0002,连衣裙,dress,,V11,服装类别,连衣裙服装的款式特征与穿着场景。,连衣裙 的版型、穿着方式与风格定位。,表现该类服装时引用。,服装;穿搭,,,时尚;类别,整理,published,V1.0
V11_T0003,晚礼服,evening gown,,V11,服装类别,晚礼服服装的款式特征与穿着场景。,晚礼服 的版型、穿着方式与风格定位。,表现该类服装时引用。,服装;穿搭,,,时尚;类别,整理,published,V1.0
V11_T0004,衬衫,shirt blouse,,V11,服装类别,衬衫服装的款式特征与穿着场景。,衬衫 的版型、穿着方式与风格定位。,表现该类服装时引用。,服装;穿搭,,,时尚;类别,整理,published,V1.0
V11_T0005,T恤,t-shirt,,V11,服装类别,T恤服装的款式特征与穿着场景。,T恤 的版型、穿着方式与风格定位。,表现该类服装时引用。,服装;穿搭,,,时尚;类别,整理,published,V1.0
V11_T0006,卫衣,hoodie,,V11,服装类别,卫衣服装的款式特征与穿着场景。,卫衣 的版型、穿着方式与风格定位。,表现该类服装时引用。,服装;穿搭,,,时尚;类别,整理,published,V1.0
V11_T0007,夹克,jacket,,V11,服装类别,夹克服装的款式特征与穿着场景。,夹克 的版型、穿着方式与风格定位。,表现该类服装时引用。,服装;穿搭,,,时尚;类别,整理,published,V1.0
V11_T0008,风衣,trench coat,,V11,服装类别,风衣服装的款式特征与穿着场景。,风衣 的版型、穿着方式与风格定位。,表现该类服装时引用。,服装;穿搭,,,时尚;类别,整理,published,V1.0
V11_T0009,大衣,overcoat,,V11,服装类别,大衣服装的款式特征与穿着场景。,大衣 的版型、穿着方式与风格定位。,表现该类服装时引用。,服装;穿搭,,,时尚;类别,整理,published,V1.0
V11_T0010,羽绒服,puffer jacket,,V11,服装类别,羽绒服服装的款式特征与穿着场景。,羽绒服 的版型、穿着方式与风格定位。,表现该类服装时引用。,服装;穿搭,,,时尚;类别,整理,published,V1.0
V11_T0011,牛仔裤,jeans,,V11,服装类别,牛仔裤服装的款式特征与穿着场景。,牛仔裤 的版型、穿着方式与风格定位。,表现该类服装时引用。,服装;穿搭,,,时尚;类别,整理,published,V1.0
V11_T0012,半身裙,skirt,,V11,服装类别,半身裙服装的款式特征与穿着场景。,半身裙 的版型、穿着方式与风格定位。,表现该类服装时引用。,服装;穿搭,,,时尚;类别,整理,published,V1.0
V11_T0013,旗袍,cheongsam qipao,,V11,服装类别,旗袍服装的款式特征与穿着场景。,旗袍 的版型、穿着方式与风格定位。,表现该类服装时引用。,服装;穿搭,,,时尚;类别,整理,published,V1.0
V11_T0014,汉服,hanfu,,V11,服装类别,汉服服装的款式特征与穿着场景。,汉服 的版型、穿着方式与风格定位。,表现该类服装时引用。,服装;穿搭,,,时尚;类别,整理,published,V1.0
V11_T0015,和服,kimono,,V11,服装类别,和服服装的款式特征与穿着场景。,和服 的版型、穿着方式与风格定位。,表现该类服装时引用。,服装;穿搭,,,时尚;类别,整理,published,V1.0
V11_T0016,制服,uniform,,V11,服装类别,制服服装的款式特征与穿着场景。,制服 的版型、穿着方式与风格定位。,表现该类服装时引用。,服装;穿搭,,,时尚;类别,整理,published,V1.0
V11_T0017,运动装,sportswear,,V11,服装类别,运动装服装的款式特征与穿着场景。,运动装 的版型、穿着方式与风格定位。,表现该类服装时引用。,服装;穿搭,,,时尚;类别,整理,published,V1.0
V11_T0018,泳装,swimwear,,V11,服装类别,泳装服装的款式特征与穿着场景。,泳装 的版型、穿着方式与风格定位。,表现该类服装时引用。,服装;穿搭,,,时尚;类别,整理,published,V1.0
V11_T0019,A字廓形,a-line silhouette,,V11,廓形剪裁,A字廓形的廓形轮廓与剪裁结构。,A字廓形 的服装廓形、剪裁结构与轮廓。,设计该廓形剪裁时引用。,服装;廓形,,,时尚;廓形,整理,published,V1.0
V11_T0020,H字廓形,h-line straight silhouette,,V11,廓形剪裁,H字廓形的廓形轮廓与剪裁结构。,H字廓形 的服装廓形、剪裁结构与轮廓。,设计该廓形剪裁时引用。,服装;廓形,,,时尚;廓形,整理,published,V1.0
V11_T0021,X字廓形,x-line cinched waist,,V11,廓形剪裁,X字廓形的廓形轮廓与剪裁结构。,X字廓形 的服装廓形、剪裁结构与轮廓。,设计该廓形剪裁时引用。,服装;廓形,,,时尚;廓形,整理,published,V1.0
V11_T0022,O字茧型,cocoon o-line silhouette,,V11,廓形剪裁,O字茧型的廓形轮廓与剪裁结构。,O字茧型 的服装廓形、剪裁结构与轮廓。,设计该廓形剪裁时引用。,服装;廓形,,,时尚;廓形,整理,published,V1.0
V11_T0023,oversize,oversized loose silhouette,,V11,廓形剪裁,oversize的廓形轮廓与剪裁结构。,oversize 的服装廓形、剪裁结构与轮廓。,设计该廓形剪裁时引用。,服装;廓形,,,时尚;廓形,整理,published,V1.0
V11_T0024,修身,slim fit,,V11,廓形剪裁,修身的廓形轮廓与剪裁结构。,修身 的服装廓形、剪裁结构与轮廓。,设计该廓形剪裁时引用。,服装;廓形,,,时尚;廓形,整理,published,V1.0
V11_T0025,公主线,princess seam,,V11,廓形剪裁,公主线的廓形轮廓与剪裁结构。,公主线 的服装廓形、剪裁结构与轮廓。,设计该廓形剪裁时引用。,服装;廓形,,,时尚;廓形,整理,published,V1.0
V11_T0026,收腰,cinched waist,,V11,廓形剪裁,收腰的廓形轮廓与剪裁结构。,收腰 的服装廓形、剪裁结构与轮廓。,设计该廓形剪裁时引用。,服装;廓形,,,时尚;廓形,整理,published,V1.0
V11_T0027,垫肩,padded shoulder,,V11,廓形剪裁,垫肩的廓形轮廓与剪裁结构。,垫肩 的服装廓形、剪裁结构与轮廓。,设计该廓形剪裁时引用。,服装;廓形,,,时尚;廓形,整理,published,V1.0
V11_T0028,鱼尾,mermaid silhouette,,V11,廓形剪裁,鱼尾的廓形轮廓与剪裁结构。,鱼尾 的服装廓形、剪裁结构与轮廓。,设计该廓形剪裁时引用。,服装;廓形,,,时尚;廓形,整理,published,V1.0
V11_T0029,蓬蓬,puffy voluminous,,V11,廓形剪裁,蓬蓬的廓形轮廓与剪裁结构。,蓬蓬 的服装廓形、剪裁结构与轮廓。,设计该廓形剪裁时引用。,服装;廓形,,,时尚;廓形,整理,published,V1.0
V11_T0030,丝绸,silk fabric sheen,,V11,面料与纹样,丝绸的材质特性与视觉纹理。,丝绸 的质地、垂感与纹样表现。,表现该面料/纹样时引用。,面料;纹样,,,时尚;面料纹样,整理,published,V1.0
V11_T0031,针织,knit fabric,,V11,面料与纹样,针织的材质特性与视觉纹理。,针织 的质地、垂感与纹样表现。,表现该面料/纹样时引用。,面料;纹样,,,时尚;面料纹样,整理,published,V1.0
V11_T0032,牛仔丹宁,denim,,V11,面料与纹样,牛仔丹宁的材质特性与视觉纹理。,牛仔丹宁 的质地、垂感与纹样表现。,表现该面料/纹样时引用。,面料;纹样,,,时尚;面料纹样,整理,published,V1.0
V11_T0033,皮革,leather,,V11,面料与纹样,皮革的材质特性与视觉纹理。,皮革 的质地、垂感与纹样表现。,表现该面料/纹样时引用。,面料;纹样,,,时尚;面料纹样,整理,published,V1.0
V11_T0034,雪纺,chiffon sheer,,V11,面料与纹样,雪纺的材质特性与视觉纹理。,雪纺 的质地、垂感与纹样表现。,表现该面料/纹样时引用。,面料;纹样,,,时尚;面料纹样,整理,published,V1.0
V11_T0035,天鹅绒,velvet,,V11,面料与纹样,天鹅绒的材质特性与视觉纹理。,天鹅绒 的质地、垂感与纹样表现。,表现该面料/纹样时引用。,面料;纹样,,,时尚;面料纹样,整理,published,V1.0
V11_T0036,蕾丝,lace,,V11,面料与纹样,蕾丝的材质特性与视觉纹理。,蕾丝 的质地、垂感与纹样表现。,表现该面料/纹样时引用。,面料;纹样,,,时尚;面料纹样,整理,published,V1.0
V11_T0037,羊毛,wool,,V11,面料与纹样,羊毛的材质特性与视觉纹理。,羊毛 的质地、垂感与纹样表现。,表现该面料/纹样时引用。,面料;纹样,,,时尚;面料纹样,整理,published,V1.0
V11_T0038,亚麻,linen,,V11,面料与纹样,亚麻的材质特性与视觉纹理。,亚麻 的质地、垂感与纹样表现。,表现该面料/纹样时引用。,面料;纹样,,,时尚;面料纹样,整理,published,V1.0
V11_T0039,缎面,satin,,V11,面料与纹样,缎面的材质特性与视觉纹理。,缎面 的质地、垂感与纹样表现。,表现该面料/纹样时引用。,面料;纹样,,,时尚;面料纹样,整理,published,V1.0
V11_T0040,格纹,plaid tartan,,V11,面料与纹样,格纹的材质特性与视觉纹理。,格纹 的质地、垂感与纹样表现。,表现该面料/纹样时引用。,面料;纹样,,,时尚;面料纹样,整理,published,V1.0
V11_T0041,条纹,stripe pattern,,V11,面料与纹样,条纹的材质特性与视觉纹理。,条纹 的质地、垂感与纹样表现。,表现该面料/纹样时引用。,面料;纹样,,,时尚;面料纹样,整理,published,V1.0
V11_T0042,波点,polka dot,,V11,面料与纹样,波点的材质特性与视觉纹理。,波点 的质地、垂感与纹样表现。,表现该面料/纹样时引用。,面料;纹样,,,时尚;面料纹样,整理,published,V1.0
V11_T0043,印花,floral print,,V11,面料与纹样,印花的材质特性与视觉纹理。,印花 的质地、垂感与纹样表现。,表现该面料/纹样时引用。,面料;纹样,,,时尚;面料纹样,整理,published,V1.0
V11_T0044,豹纹,leopard animal print,,V11,面料与纹样,豹纹的材质特性与视觉纹理。,豹纹 的质地、垂感与纹样表现。,表现该面料/纹样时引用。,面料;纹样,,,时尚;面料纹样,整理,published,V1.0
V11_T0045,亮片,sequins sparkle,,V11,面料与纹样,亮片的材质特性与视觉纹理。,亮片 的质地、垂感与纹样表现。,表现该面料/纹样时引用。,面料;纹样,,,时尚;面料纹样,整理,published,V1.0
V11_T0046,提花,jacquard,,V11,面料与纹样,提花的材质特性与视觉纹理。,提花 的质地、垂感与纹样表现。,表现该面料/纹样时引用。,面料;纹样,,,时尚;面料纹样,整理,published,V1.0
V11_T0047,扎染,tie-dye,,V11,面料与纹样,扎染的材质特性与视觉纹理。,扎染 的质地、垂感与纹样表现。,表现该面料/纹样时引用。,面料;纹样,,,时尚;面料纹样,整理,published,V1.0
V11_T0048,街头风,streetwear,,V11,风格流派,街头风时尚风格的服装特征与审美倾向。,街头风 的着装美学、廓形与色彩取向。,营造 街头风 时尚风格时引用。,时尚;风格,,,时尚;风格,整理,published,V1.0
V11_T0049,极简风,minimalist fashion,,V11,风格流派,极简风时尚风格的服装特征与审美倾向。,极简风 的着装美学、廓形与色彩取向。,营造 极简风 时尚风格时引用。,时尚;风格,,,时尚;风格,整理,published,V1.0
V11_T0050,复古风,vintage fashion,,V11,风格流派,复古风时尚风格的服装特征与审美倾向。,复古风 的着装美学、廓形与色彩取向。,营造 复古风 时尚风格时引用。,时尚;风格,,,时尚;风格,整理,published,V1.0
V11_T0051,朋克风,punk fashion studs,,V11,风格流派,朋克风时尚风格的服装特征与审美倾向。,朋克风 的着装美学、廓形与色彩取向。,营造 朋克风 时尚风格时引用。,时尚;风格,,,时尚;风格,整理,published,V1.0
V11_T0052,波西米亚,bohemian boho,,V11,风格流派,波西米亚时尚风格的服装特征与审美倾向。,波西米亚 的着装美学、廓形与色彩取向。,营造 波西米亚 时尚风格时引用。,时尚;风格,,,时尚;风格,整理,published,V1.0
V11_T0053,学院风,preppy academia,,V11,风格流派,学院风时尚风格的服装特征与审美倾向。,学院风 的着装美学、廓形与色彩取向。,营造 学院风 时尚风格时引用。,时尚;风格,,,时尚;风格,整理,published,V1.0
V11_T0054,哥特风,gothic dark fashion,,V11,风格流派,哥特风时尚风格的服装特征与审美倾向。,哥特风 的着装美学、廓形与色彩取向。,营造 哥特风 时尚风格时引用。,时尚;风格,,,时尚;风格,整理,published,V1.0
V11_T0055,洛丽塔,lolita fashion,,V11,风格流派,洛丽塔时尚风格的服装特征与审美倾向。,洛丽塔 的着装美学、廓形与色彩取向。,营造 洛丽塔 时尚风格时引用。,时尚;风格,,,时尚;风格,整理,published,V1.0
V11_T0056,赛博朋克时装,cyberpunk techwear,,V11,风格流派,赛博朋克时装时尚风格的服装特征与审美倾向。,赛博朋克时装 的着装美学、廓形与色彩取向。,营造 赛博朋克时装 时尚风格时引用。,时尚;风格,,,时尚;风格,整理,published,V1.0
V11_T0057,机能风,techwear functional,,V11,风格流派,机能风时尚风格的服装特征与审美倾向。,机能风 的着装美学、廓形与色彩取向。,营造 机能风 时尚风格时引用。,时尚;风格,,,时尚;风格,整理,published,V1.0
V11_T0058,国潮汉服,hanfu chinese,,V11,风格流派,国潮汉服时尚风格的服装特征与审美倾向。,国潮汉服 的着装美学、廓形与色彩取向。,营造 国潮汉服 时尚风格时引用。,时尚;风格,,,时尚;风格,整理,published,V1.0
V11_T0059,高定礼服,haute couture gown,,V11,风格流派,高定礼服时尚风格的服装特征与审美倾向。,高定礼服 的着装美学、廓形与色彩取向。,营造 高定礼服 时尚风格时引用。,时尚;风格,,,时尚;风格,整理,published,V1.0
V11_T0060,法式,french chic,,V11,风格流派,法式时尚风格的服装特征与审美倾向。,法式 的着装美学、廓形与色彩取向。,营造 法式 时尚风格时引用。,时尚;风格,,,时尚;风格,整理,published,V1.0
V11_T0061,韩系,korean fashion,,V11,风格流派,韩系时尚风格的服装特征与审美倾向。,韩系 的着装美学、廓形与色彩取向。,营造 韩系 时尚风格时引用。,时尚;风格,,,时尚;风格,整理,published,V1.0
V11_T0062,日系原宿,harajuku japanese,,V11,风格流派,日系原宿时尚风格的服装特征与审美倾向。,日系原宿 的着装美学、廓形与色彩取向。,营造 日系原宿 时尚风格时引用。,时尚;风格,,,时尚;风格,整理,published,V1.0
V11_T0063,甜美,sweet girly,,V11,风格流派,甜美时尚风格的服装特征与审美倾向。,甜美 的着装美学、廓形与色彩取向。,营造 甜美 时尚风格时引用。,时尚;风格,,,时尚;风格,整理,published,V1.0
V11_T0064,中性风,androgynous unisex,,V11,风格流派,中性风时尚风格的服装特征与审美倾向。,中性风 的着装美学、廓形与色彩取向。,营造 中性风 时尚风格时引用。,时尚;风格,,,时尚;风格,整理,published,V1.0
V11_T0065,运动休闲,athleisure,,V11,风格流派,运动休闲时尚风格的服装特征与审美倾向。,运动休闲 的着装美学、廓形与色彩取向。,营造 运动休闲 时尚风格时引用。,时尚;风格,,,时尚;风格,整理,published,V1.0
V11_T0066,优雅淑女,elegant lady,,V11,风格流派,优雅淑女时尚风格的服装特征与审美倾向。,优雅淑女 的着装美学、廓形与色彩取向。,营造 优雅淑女 时尚风格时引用。,时尚;风格,,,时尚;风格,整理,published,V1.0
V11_T0067,嘻哈,hip hop fashion,,V11,风格流派,嘻哈时尚风格的服装特征与审美倾向。,嘻哈 的着装美学、廓形与色彩取向。,营造 嘻哈 时尚风格时引用。,时尚;风格,,,时尚;风格,整理,published,V1.0
V11_T0068,20年代Gatsby,1920s flapper art deco,,V11,时代时尚,20年代Gatsby时尚风格的服装特征与审美倾向。,20年代Gatsby 时代的流行廓形、面料与造型。,还原 20年代Gatsby 时代时尚时引用。,时尚;时代,,,时尚;时代,整理,published,V1.0
V11_T0069,30年代,1930s elegant,,V11,时代时尚,30年代时尚风格的服装特征与审美倾向。,30年代 时代的流行廓形、面料与造型。,还原 30年代 时代时尚时引用。,时尚;时代,,,时尚;时代,整理,published,V1.0
V11_T0070,50年代,1950s full skirt,,V11,时代时尚,50年代时尚风格的服装特征与审美倾向。,50年代 时代的流行廓形、面料与造型。,还原 50年代 时代时尚时引用。,时尚;时代,,,时尚;时代,整理,published,V1.0
V11_T0071,60年代,1960s mod,,V11,时代时尚,60年代时尚风格的服装特征与审美倾向。,60年代 时代的流行廓形、面料与造型。,还原 60年代 时代时尚时引用。,时尚;时代,,,时尚;时代,整理,published,V1.0
V11_T0072,70年代,1970s disco hippie,,V11,时代时尚,70年代时尚风格的服装特征与审美倾向。,70年代 时代的流行廓形、面料与造型。,还原 70年代 时代时尚时引用。,时尚;时代,,,时尚;时代,整理,published,V1.0
V11_T0073,80年代,1980s bold shoulder,,V11,时代时尚,80年代时尚风格的服装特征与审美倾向。,80年代 时代的流行廓形、面料与造型。,还原 80年代 时代时尚时引用。,时尚;时代,,,时尚;时代,整理,published,V1.0
V11_T0074,90年代,1990s grunge minimal,,V11,时代时尚,90年代时尚风格的服装特征与审美倾向。,90年代 时代的流行廓形、面料与造型。,还原 90年代 时代时尚时引用。,时尚;时代,,,时尚;时代,整理,published,V1.0
V11_T0075,Y2K千禧,y2k millennium,,V11,时代时尚,Y2K千禧时尚风格的服装特征与审美倾向。,Y2K千禧 时代的流行廓形、面料与造型。,还原 Y2K千禧 时代时尚时引用。,时尚;时代,,,时尚;时代,整理,published,V1.0
V11_T0076,帽饰,hat headwear,,V11,配饰发妆,帽饰配饰的装饰功能与风格特征。,帽饰 的造型细节与整体气质点缀。,搭配该配饰/发妆时引用。,配饰;妆造,,,时尚;配饰发妆,整理,published,V1.0
V11_T0077,珠宝首饰,jewelry,,V11,配饰发妆,珠宝首饰配饰的装饰功能与风格特征。,珠宝首饰 的造型细节与整体气质点缀。,搭配该配饰/发妆时引用。,配饰;妆造,,,时尚;配饰发妆,整理,published,V1.0
V11_T0078,项链,necklace,,V11,配饰发妆,项链配饰的装饰功能与风格特征。,项链 的造型细节与整体气质点缀。,搭配该配饰/发妆时引用。,配饰;妆造,,,时尚;配饰发妆,整理,published,V1.0
V11_T0079,耳环,earrings,,V11,配饰发妆,耳环配饰的装饰功能与风格特征。,耳环 的造型细节与整体气质点缀。,搭配该配饰/发妆时引用。,配饰;妆造,,,时尚;配饰发妆,整理,published,V1.0
V11_T0080,箱包,designer handbag,,V11,配饰发妆,箱包配饰的装饰功能与风格特征。,箱包 的造型细节与整体气质点缀。,搭配该配饰/发妆时引用。,配饰;妆造,,,时尚;配饰发妆,整理,published,V1.0
V11_T0081,墨镜,sunglasses,,V11,配饰发妆,墨镜配饰的装饰功能与风格特征。,墨镜 的造型细节与整体气质点缀。,搭配该配饰/发妆时引用。,配饰;妆造,,,时尚;配饰发妆,整理,published,V1.0
V11_T0082,丝巾,scarf,,V11,配饰发妆,丝巾配饰的装饰功能与风格特征。,丝巾 的造型细节与整体气质点缀。,搭配该配饰/发妆时引用。,配饰;妆造,,,时尚;配饰发妆,整理,published,V1.0
V11_T0083,腰带,belt,,V11,配饰发妆,腰带配饰的装饰功能与风格特征。,腰带 的造型细节与整体气质点缀。,搭配该配饰/发妆时引用。,配饰;妆造,,,时尚;配饰发妆,整理,published,V1.0
V11_T0084,手套,gloves,,V11,配饰发妆,手套配饰的装饰功能与风格特征。,手套 的造型细节与整体气质点缀。,搭配该配饰/发妆时引用。,配饰;妆造,,,时尚;配饰发妆,整理,published,V1.0
V11_T0085,浓妆,bold dramatic makeup,,V11,配饰发妆,浓妆配饰的装饰功能与风格特征。,浓妆 的造型细节与整体气质点缀。,搭配该配饰/发妆时引用。,配饰;妆造,,,时尚;配饰发妆,整理,published,V1.0
V11_T0086,裸妆,natural nude makeup,,V11,配饰发妆,裸妆配饰的装饰功能与风格特征。,裸妆 的造型细节与整体气质点缀。,搭配该配饰/发妆时引用。,配饰;妆造,,,时尚;配饰发妆,整理,published,V1.0
V11_T0087,烟熏妆,smoky eye,,V11,配饰发妆,烟熏妆配饰的装饰功能与风格特征。,烟熏妆 的造型细节与整体气质点缀。,搭配该配饰/发妆时引用。,配饰;妆造,,,时尚;配饰发妆,整理,published,V1.0
V11_T0088,复古红唇,vintage red lip,,V11,配饰发妆,复古红唇配饰的装饰功能与风格特征。,复古红唇 的造型细节与整体气质点缀。,搭配该配饰/发妆时引用。,配饰;妆造,,,时尚;配饰发妆,整理,published,V1.0
V11_T0089,欧美妆,western glam makeup,,V11,配饰发妆,欧美妆配饰的装饰功能与风格特征。,欧美妆 的造型细节与整体气质点缀。,搭配该配饰/发妆时引用。,配饰;妆造,,,时尚;配饰发妆,整理,published,V1.0
V11_T0090,日系妆,japanese makeup,,V11,配饰发妆,日系妆配饰的装饰功能与风格特征。,日系妆 的造型细节与整体气质点缀。,搭配该配饰/发妆时引用。,配饰;妆造,,,时尚;配饰发妆,整理,published,V1.0
V11_T0091,韩系妆,korean makeup,,V11,配饰发妆,韩系妆配饰的装饰功能与风格特征。,韩系妆 的造型细节与整体气质点缀。,搭配该配饰/发妆时引用。,配饰;妆造,,,时尚;配饰发妆,整理,published,V1.0
V11_T0092,舞台妆,stage makeup,,V11,配饰发妆,舞台妆配饰的装饰功能与风格特征。,舞台妆 的造型细节与整体气质点缀。,搭配该配饰/发妆时引用。,配饰;妆造,,,时尚;配饰发妆,整理,published,V1.0
V11_T0093,盘发,elegant updo,,V11,配饰发妆,盘发配饰的装饰功能与风格特征。,盘发 的造型细节与整体气质点缀。,搭配该配饰/发妆时引用。,配饰;妆造,,,时尚;配饰发妆,整理,published,V1.0
V11_T0094,波浪长发,long wavy hair,,V11,配饰发妆,波浪长发配饰的装饰功能与风格特征。,波浪长发 的造型细节与整体气质点缀。,搭配该配饰/发妆时引用。,配饰;妆造,,,时尚;配饰发妆,整理,published,V1.0
V11_T0095,短发,short bob hair,,V11,配饰发妆,短发配饰的装饰功能与风格特征。,短发 的造型细节与整体气质点缀。,搭配该配饰/发妆时引用。,配饰;妆造,,,时尚;配饰发妆,整理,published,V1.0
V11_T0096,编发,braided hair,,V11,配饰发妆,编发配饰的装饰功能与风格特征。,编发 的造型细节与整体气质点缀。,搭配该配饰/发妆时引用。,配饰;妆造,,,时尚;配饰发妆,整理,published,V1.0
V11_T0097,丸子头,bun hairstyle,,V11,配饰发妆,丸子头配饰的装饰功能与风格特征。,丸子头 的造型细节与整体气质点缀。,搭配该配饰/发妆时引用。,配饰;妆造,,,时尚;配饰发妆,整理,published,V1.0
V12_T0001,挤压拉伸,squash and stretch,,V12,动画原理,通过形变强调物体弹性和重量感的动画原则。,挤压拉伸 原理带来的运动质感与可信度。,应用该动画原理优化运动。,动画;运动,,,动画;原理,整理,published,V1.0
V12_T0002,预备动作,anticipation,,V12,动画原理,动作前蓄力准备，提示观众即将发生动作的原则。,预备动作 原理带来的运动质感与可信度。,应用该动画原理优化运动。,动画;运动,,,动画;原理,整理,published,V1.0
V12_T0003,演出布局,staging,,V12,动画原理,通过构图角度突出主要动作和情绪的原则。,演出布局 原理带来的运动质感与可信度。,应用该动画原理优化运动。,动画;运动,,,动画;原理,整理,published,V1.0
V12_T0004,关键姿势,pose to pose,,V12,动画原理,先定关键姿态再补中间帧的绘制方法。,关键姿势 原理带来的运动质感与可信度。,应用该动画原理优化运动。,动画;运动,,,动画;原理,整理,published,V1.0
V12_T0005,逐帧动画,straight ahead action,,V12,动画原理,逐帧连续绘制的流畅动画制作方式。,逐帧动画 原理带来的运动质感与可信度。,应用该动画原理优化运动。,动画;运动,,,动画;原理,整理,published,V1.0
V12_T0006,跟随重叠,follow through overlapping,,V12,动画原理,不同部位运动速率差异产生拖尾效果的原则。,跟随重叠 原理带来的运动质感与可信度。,应用该动画原理优化运动。,动画;运动,,,动画;原理,整理,published,V1.0
V12_T0007,缓入缓出,ease in ease out,,V12,动画原理,动作起止时加减速符合物理惯性的原则。,缓入缓出 原理带来的运动质感与可信度。,应用该动画原理优化运动。,动画;运动,,,动画;原理,整理,published,V1.0
V12_T0008,弧线运动,arc motion,,V12,动画原理,自然动作沿弧线而非直线运动的原则。,弧线运动 原理带来的运动质感与可信度。,应用该动画原理优化运动。,动画;运动,,,动画;原理,整理,published,V1.0
V12_T0009,次要动作,secondary action,,V12,动画原理,辅助主动作丰富角色性格的附加动作。,次要动作 原理带来的运动质感与可信度。,应用该动画原理优化运动。,动画;运动,,,动画;原理,整理,published,V1.0
V12_T0010,时间节奏,timing,,V12,动画原理,通过帧数控制动作速度重量感和情绪的原则。,时间节奏 原理带来的运动质感与可信度。,应用该动画原理优化运动。,动画;运动,,,动画;原理,整理,published,V1.0
V12_T0011,夸张,exaggeration,,V12,动画原理,放大动作幅度增强戏剧性的表现原则。,夸张 原理带来的运动质感与可信度。,应用该动画原理优化运动。,动画;运动,,,动画;原理,整理,published,V1.0
V12_T0012,实体造型,solid drawing,,V12,动画原理,理解形体重量体积的扎实绘画能力。,实体造型 原理带来的运动质感与可信度。,应用该动画原理优化运动。,动画;运动,,,动画;原理,整理,published,V1.0
V12_T0013,吸引力,appeal,,V12,动画原理,角色设计和动作具有魅力吸引观众的原则。,吸引力 原理带来的运动质感与可信度。,应用该动画原理优化运动。,动画;运动,,,动画;原理,整理,published,V1.0
V12_T0014,分镜构图,storyboard framing,,V12,分镜语言,分镜构图分镜设计的叙事功能与视觉表达。,分镜构图 作为分镜语言传达的镜头与节奏。,用该分镜语言组织画面。,分镜;叙事,,,动画;分镜,整理,published,V1.0
V12_T0015,镜头连接,shot continuity,,V12,分镜语言,镜头连接分镜设计的叙事功能与视觉表达。,镜头连接 作为分镜语言传达的镜头与节奏。,用该分镜语言组织画面。,分镜;叙事,,,动画;分镜,整理,published,V1.0
V12_T0016,动态分镜,animatic,,V12,分镜语言,动态分镜分镜设计的叙事功能与视觉表达。,动态分镜 作为分镜语言传达的镜头与节奏。,用该分镜语言组织画面。,分镜;叙事,,,动画;分镜,整理,published,V1.0
V12_T0017,故事板,storyboard panels,,V12,分镜语言,故事板分镜设计的叙事功能与视觉表达。,故事板 作为分镜语言传达的镜头与节奏。,用该分镜语言组织画面。,分镜;叙事,,,动画;分镜,整理,published,V1.0
V12_T0018,镜头编号,shot list,,V12,分镜语言,镜头编号分镜设计的叙事功能与视觉表达。,镜头编号 作为分镜语言传达的镜头与节奏。,用该分镜语言组织画面。,分镜;叙事,,,动画;分镜,整理,published,V1.0
V12_T0019,运动轨迹,motion path,,V12,分镜语言,运动轨迹分镜设计的叙事功能与视觉表达。,运动轨迹 作为分镜语言传达的镜头与节奏。,用该分镜语言组织画面。,分镜;叙事,,,动画;分镜,整理,published,V1.0
V12_T0020,摄影表,x-sheet exposure sheet,,V12,分镜语言,摄影表分镜设计的叙事功能与视觉表达。,摄影表 作为分镜语言传达的镜头与节奏。,用该分镜语言组织画面。,分镜;叙事,,,动画;分镜,整理,published,V1.0
V12_T0021,时间控制,timing control,,V12,时间与节奏,时间控制的时间控制与节奏把握方式。,时间控制 对动作时间与节奏的把控。,调整动作时间与节奏时引用。,节奏;动画,,,动画;时间,整理,published,V1.0
V12_T0022,节拍停顿,beat pause,,V12,时间与节奏,节拍停顿的时间控制与节奏把握方式。,节拍停顿 对动作时间与节奏的把控。,调整动作时间与节奏时引用。,节奏;动画,,,动画;时间,整理,published,V1.0
V12_T0023,速度曲线,speed curve graph editor,,V12,时间与节奏,速度曲线的时间控制与节奏把握方式。,速度曲线 对动作时间与节奏的把控。,调整动作时间与节奏时引用。,节奏;动画,,,动画;时间,整理,published,V1.0
V12_T0024,循环动画,loop cycle,,V12,时间与节奏,循环动画的时间控制与节奏把握方式。,循环动画 对动作时间与节奏的把控。,调整动作时间与节奏时引用。,节奏;动画,,,动画;时间,整理,published,V1.0
V12_T0025,二次动作,secondary motion,,V12,时间与节奏,二次动作的时间控制与节奏把握方式。,二次动作 对动作时间与节奏的把控。,调整动作时间与节奏时引用。,节奏;动画,,,动画;时间,整理,published,V1.0
V12_T0026,预备-动作-缓冲,anticipation action recovery,,V12,时间与节奏,预备-动作-缓冲的时间控制与节奏把握方式。,预备-动作-缓冲 对动作时间与节奏的把控。,调整动作时间与节奏时引用。,节奏;动画,,,动画;时间,整理,published,V1.0
V12_T0027,骨骼绑定,skeleton rigging,,V12,角色绑定,骨骼绑定绑定技术的实现方式与控制方法。,骨骼绑定 在角色绑定/驱动上的作用。,角色绑定与驱动时引用。,绑定;角色,,,动画;绑定,整理,published,V1.0
V12_T0028,蒙皮权重,skin weight,,V12,角色绑定,蒙皮权重绑定技术的实现方式与控制方法。,蒙皮权重 在角色绑定/驱动上的作用。,角色绑定与驱动时引用。,绑定;角色,,,动画;绑定,整理,published,V1.0
V12_T0029,表情绑定,facial rig blendshape,,V12,角色绑定,表情绑定绑定技术的实现方式与控制方法。,表情绑定 在角色绑定/驱动上的作用。,角色绑定与驱动时引用。,绑定;角色,,,动画;绑定,整理,published,V1.0
V12_T0030,动作捕捉,motion capture,,V12,角色绑定,动作捕捉绑定技术的实现方式与控制方法。,动作捕捉 在角色绑定/驱动上的作用。,角色绑定与驱动时引用。,绑定;角色,,,动画;绑定,整理,published,V1.0
V12_T0031,IK反向动力学,inverse kinematics,,V12,角色绑定,IK反向动力学绑定技术的实现方式与控制方法。,IK反向动力学 在角色绑定/驱动上的作用。,角色绑定与驱动时引用。,绑定;角色,,,动画;绑定,整理,published,V1.0
V12_T0032,控制器,rig controller,,V12,角色绑定,控制器绑定技术的实现方式与控制方法。,控制器 在角色绑定/驱动上的作用。,角色绑定与驱动时引用。,绑定;角色,,,动画;绑定,整理,published,V1.0
V12_T0033,粒子特效,particle effects,,V12,特效与合成,粒子特效特效的视觉表现与制作方式。,粒子特效 的特效表现与合成质感。,制作该特效/合成时引用。,特效;合成,,,动画;特效,整理,published,V1.0
V12_T0034,流体模拟,fluid smoke simulation,,V12,特效与合成,流体模拟特效的视觉表现与制作方式。,流体模拟 的特效表现与合成质感。,制作该特效/合成时引用。,特效;合成,,,动画;特效,整理,published,V1.0
V12_T0035,刚体破碎,rigid body destruction,,V12,特效与合成,刚体破碎特效的视觉表现与制作方式。,刚体破碎 的特效表现与合成质感。,制作该特效/合成时引用。,特效;合成,,,动画;特效,整理,published,V1.0
V12_T0036,布料模拟,cloth simulation,,V12,特效与合成,布料模拟特效的视觉表现与制作方式。,布料模拟 的特效表现与合成质感。,制作该特效/合成时引用。,特效;合成,,,动画;特效,整理,published,V1.0
V12_T0037,绿幕抠像,green screen chroma key,,V12,特效与合成,绿幕抠像特效的视觉表现与制作方式。,绿幕抠像 的特效表现与合成质感。,制作该特效/合成时引用。,特效;合成,,,动画;特效,整理,published,V1.0
V12_T0038,运动跟踪,motion tracking,,V12,特效与合成,运动跟踪特效的视觉表现与制作方式。,运动跟踪 的特效表现与合成质感。,制作该特效/合成时引用。,特效;合成,,,动画;特效,整理,published,V1.0
V12_T0039,光效叠加,light glow effects,,V12,特效与合成,光效叠加特效的视觉表现与制作方式。,光效叠加 的特效表现与合成质感。,制作该特效/合成时引用。,特效;合成,,,动画;特效,整理,published,V1.0
V12_T0040,烟火特效,pyro fire fx,,V12,特效与合成,烟火特效特效的视觉表现与制作方式。,烟火特效 的特效表现与合成质感。,制作该特效/合成时引用。,特效;合成,,,动画;特效,整理,published,V1.0
V12_T0041,MG动画,motion graphics,,V12,动态图形与风格,MG动画动态图形的设计风格与动效特征。,MG动画 的动态视觉风格与画面表现。,制作该风格动态图形时引用。,动态图形;MG,,,动画;MG风格,整理,published,V1.0
V12_T0042,文字动效,kinetic typography,,V12,动态图形与风格,文字动效动态图形的设计风格与动效特征。,文字动效 的动态视觉风格与画面表现。,制作该风格动态图形时引用。,动态图形;MG,,,动画;MG风格,整理,published,V1.0
V12_T0043,转场动画,animated transition,,V12,动态图形与风格,转场动画动态图形的设计风格与动效特征。,转场动画 的动态视觉风格与画面表现。,制作该风格动态图形时引用。,动态图形;MG,,,动画;MG风格,整理,published,V1.0
V12_T0044,图标动效,animated icon,,V12,动态图形与风格,图标动效动态图形的设计风格与动效特征。,图标动效 的动态视觉风格与画面表现。,制作该风格动态图形时引用。,动态图形;MG,,,动画;MG风格,整理,published,V1.0
V12_T0045,信息动效,animated data viz,,V12,动态图形与风格,信息动效动态图形的设计风格与动效特征。,信息动效 的动态视觉风格与画面表现。,制作该风格动态图形时引用。,动态图形;MG,,,动画;MG风格,整理,published,V1.0
V12_T0046,2D逐帧,2d frame animation,,V12,动态图形与风格,2D逐帧动态图形的设计风格与动效特征。,2D逐帧 的动态视觉风格与画面表现。,制作该风格动态图形时引用。,动态图形;MG,,,动画;MG风格,整理,published,V1.0
V12_T0047,3D动画,3d animation,,V12,动态图形与风格,3D动画动态图形的设计风格与动效特征。,3D动画 的动态视觉风格与画面表现。,制作该风格动态图形时引用。,动态图形;MG,,,动画;MG风格,整理,published,V1.0
V12_T0048,定格动画,stop motion,,V12,动态图形与风格,定格动画动态图形的设计风格与动效特征。,定格动画 的动态视觉风格与画面表现。,制作该风格动态图形时引用。,动态图形;MG,,,动画;MG风格,整理,published,V1.0
V12_T0049,黏土动画,claymation,,V12,动态图形与风格,黏土动画动态图形的设计风格与动效特征。,黏土动画 的动态视觉风格与画面表现。,制作该风格动态图形时引用。,动态图形;MG,,,动画;MG风格,整理,published,V1.0
V12_T0050,剪纸动画,cutout animation,,V12,动态图形与风格,剪纸动画动态图形的设计风格与动效特征。,剪纸动画 的动态视觉风格与画面表现。,制作该风格动态图形时引用。,动态图形;MG,,,动画;MG风格,整理,published,V1.0
V12_T0051,转描,rotoscope,,V12,动态图形与风格,转描动态图形的设计风格与动效特征。,转描 的动态视觉风格与画面表现。,制作该风格动态图形时引用。,动态图形;MG,,,动画;MG风格,整理,published,V1.0
V12_T0052,MMD,mmd 3d dance,,V12,动态图形与风格,MMD动态图形的设计风格与动效特征。,MMD 的动态视觉风格与画面表现。,制作该风格动态图形时引用。,动态图形;MG,,,动画;MG风格,整理,published,V1.0
V13_T0001,青橙调,teal and orange cinematic grade,,V13,调色风格,青橙调调色风格的色彩特征与情绪氛围。,青橙调 的色彩倾向与影调风格。,套用该调色风格定调。,调色;风格,,,后期;调色风格,整理,published,V1.0
V13_T0002,复古褪色,faded retro film grade,,V13,调色风格,复古褪色调色风格的色彩特征与情绪氛围。,复古褪色 的色彩倾向与影调风格。,套用该调色风格定调。,调色;风格,,,后期;调色风格,整理,published,V1.0
V13_T0003,电影感调色,cinematic color grading,,V13,调色风格,电影感调色调色风格的色彩特征与情绪氛围。,电影感调色 的色彩倾向与影调风格。,套用该调色风格定调。,调色;风格,,,后期;调色风格,整理,published,V1.0
V13_T0004,黑金调,black and gold grade,,V13,调色风格,黑金调调色风格的色彩特征与情绪氛围。,黑金调 的色彩倾向与影调风格。,套用该调色风格定调。,调色;风格,,,后期;调色风格,整理,published,V1.0
V13_T0005,胶片模拟,film emulation grade,,V13,调色风格,胶片模拟调色风格的色彩特征与情绪氛围。,胶片模拟 的色彩倾向与影调风格。,套用该调色风格定调。,调色;风格,,,后期;调色风格,整理,published,V1.0
V13_T0006,莫兰迪灰调,muted morandi grade,,V13,调色风格,莫兰迪灰调调色风格的色彩特征与情绪氛围。,莫兰迪灰调 的色彩倾向与影调风格。,套用该调色风格定调。,调色;风格,,,后期;调色风格,整理,published,V1.0
V13_T0007,高饱和鲜艳,vivid saturated grade,,V13,调色风格,高饱和鲜艳调色风格的色彩特征与情绪氛围。,高饱和鲜艳 的色彩倾向与影调风格。,套用该调色风格定调。,调色;风格,,,后期;调色风格,整理,published,V1.0
V13_T0008,暗黑冷调,dark moody cool grade,,V13,调色风格,暗黑冷调调色风格的色彩特征与情绪氛围。,暗黑冷调 的色彩倾向与影调风格。,套用该调色风格定调。,调色;风格,,,后期;调色风格,整理,published,V1.0
V13_T0009,阳光暖调,warm sunny grade,,V13,调色风格,阳光暖调调色风格的色彩特征与情绪氛围。,阳光暖调 的色彩倾向与影调风格。,套用该调色风格定调。,调色;风格,,,后期;调色风格,整理,published,V1.0
V13_T0010,色调分离,split toning,,V13,调色风格,色调分离调色风格的色彩特征与情绪氛围。,色调分离 的色彩倾向与影调风格。,套用该调色风格定调。,调色;风格,,,后期;调色风格,整理,published,V1.0
V13_T0011,漂白旁路,bleach bypass grade,,V13,调色风格,漂白旁路调色风格的色彩特征与情绪氛围。,漂白旁路 的色彩倾向与影调风格。,套用该调色风格定调。,调色;风格,,,后期;调色风格,整理,published,V1.0
V13_T0012,赛博霓虹调,cyberpunk neon grade,,V13,调色风格,赛博霓虹调调色风格的色彩特征与情绪氛围。,赛博霓虹调 的色彩倾向与影调风格。,套用该调色风格定调。,调色;风格,,,后期;调色风格,整理,published,V1.0
V13_T0013,日系清新,japanese fresh clean grade,,V13,调色风格,日系清新调色风格的色彩特征与情绪氛围。,日系清新 的色彩倾向与影调风格。,套用该调色风格定调。,调色;风格,,,后期;调色风格,整理,published,V1.0
V13_T0014,港风复古,hong kong retro grade,,V13,调色风格,港风复古调色风格的色彩特征与情绪氛围。,港风复古 的色彩倾向与影调风格。,套用该调色风格定调。,调色;风格,,,后期;调色风格,整理,published,V1.0
V13_T0015,奶油胶片,creamy film grade,,V13,调色风格,奶油胶片调色风格的色彩特征与情绪氛围。,奶油胶片 的色彩倾向与影调风格。,套用该调色风格定调。,调色;风格,,,后期;调色风格,整理,published,V1.0
V13_T0016,黑白单色,black and white monochrome,,V13,调色风格,黑白单色调色风格的色彩特征与情绪氛围。,黑白单色 的色彩倾向与影调风格。,套用该调色风格定调。,调色;风格,,,后期;调色风格,整理,published,V1.0
V13_T0017,褐调怀旧,sepia tone,,V13,调色风格,褐调怀旧调色风格的色彩特征与情绪氛围。,褐调怀旧 的色彩倾向与影调风格。,套用该调色风格定调。,调色;风格,,,后期;调色风格,整理,published,V1.0
V13_T0018,低饱和高级灰,desaturated muted grade,,V13,调色风格,低饱和高级灰调色风格的色彩特征与情绪氛围。,低饱和高级灰 的色彩倾向与影调风格。,套用该调色风格定调。,调色;风格,,,后期;调色风格,整理,published,V1.0
V13_T0019,一级校色,primary color correction,,V13,调色技术,一级校色调色风格的色彩特征与情绪氛围。,一级校色 调色技术对色彩与影调的控制。,用该调色技术处理影调。,调色;技术,,,后期;调色技术,整理,published,V1.0
V13_T0020,二级调色,secondary selective grade,,V13,调色技术,二级调色调色风格的色彩特征与情绪氛围。,二级调色 调色技术对色彩与影调的控制。,用该调色技术处理影调。,调色;技术,,,后期;调色技术,整理,published,V1.0
V13_T0021,LUT,LUT lookup table,,V13,调色技术,LUT调色风格的色彩特征与情绪氛围。,LUT 调色技术对色彩与影调的控制。,用该调色技术处理影调。,调色;技术,,,后期;调色技术,整理,published,V1.0
V13_T0022,曲线调整,curves adjustment,,V13,调色技术,曲线调整调色风格的色彩特征与情绪氛围。,曲线调整 调色技术对色彩与影调的控制。,用该调色技术处理影调。,调色;技术,,,后期;调色技术,整理,published,V1.0
V13_T0023,HSL调整,hsl adjustment,,V13,调色技术,HSL调整调色风格的色彩特征与情绪氛围。,HSL调整 调色技术对色彩与影调的控制。,用该调色技术处理影调。,调色;技术,,,后期;调色技术,整理,published,V1.0
V13_T0024,色轮,color wheels grade,,V13,调色技术,色轮调色风格的色彩特征与情绪氛围。,色轮 调色技术对色彩与影调的控制。,用该调色技术处理影调。,调色;技术,,,后期;调色技术,整理,published,V1.0
V13_T0025,肤色保护,skin tone protection,,V13,调色技术,肤色保护调色风格的色彩特征与情绪氛围。,肤色保护 调色技术对色彩与影调的控制。,用该调色技术处理影调。,调色;技术,,,后期;调色技术,整理,published,V1.0
V13_T0026,匹配镜头,shot matching,,V13,调色技术,匹配镜头调色风格的色彩特征与情绪氛围。,匹配镜头 调色技术对色彩与影调的控制。,用该调色技术处理影调。,调色;技术,,,后期;调色技术,整理,published,V1.0
V13_T0027,磨皮,skin retouching smooth,,V13,修图润饰,磨皮修图技术的处理方式与视觉效果。,磨皮 的修饰效果与画面质感提升。,后期修图润饰时使用该手法。,修图;后期,,,后期;修图,整理,published,V1.0
V13_T0028,液化,liquify reshape,,V13,修图润饰,液化修图技术的处理方式与视觉效果。,液化 的修饰效果与画面质感提升。,后期修图润饰时使用该手法。,修图;后期,,,后期;修图,整理,published,V1.0
V13_T0029,瑕疵修复,blemish healing,,V13,修图润饰,瑕疵修复修图技术的处理方式与视觉效果。,瑕疵修复 的修饰效果与画面质感提升。,后期修图润饰时使用该手法。,修图;后期,,,后期;修图,整理,published,V1.0
V13_T0030,锐化,sharpening,,V13,修图润饰,锐化修图技术的处理方式与视觉效果。,锐化 的修饰效果与画面质感提升。,后期修图润饰时使用该手法。,修图;后期,,,后期;修图,整理,published,V1.0
V13_T0031,降噪,noise reduction,,V13,修图润饰,降噪修图技术的处理方式与视觉效果。,降噪 的修饰效果与画面质感提升。,后期修图润饰时使用该手法。,修图;后期,,,后期;修图,整理,published,V1.0
V13_T0032,中性灰精修,dodge and burn,,V13,修图润饰,中性灰精修修图技术的处理方式与视觉效果。,中性灰精修 的修饰效果与画面质感提升。,后期修图润饰时使用该手法。,修图;后期,,,后期;修图,整理,published,V1.0
V13_T0033,双曲线磨皮,dual curve retouch,,V13,修图润饰,双曲线磨皮修图技术的处理方式与视觉效果。,双曲线磨皮 的修饰效果与画面质感提升。,后期修图润饰时使用该手法。,修图;后期,,,后期;修图,整理,published,V1.0
V13_T0034,高低频,frequency separation,,V13,修图润饰,高低频修图技术的处理方式与视觉效果。,高低频 的修饰效果与画面质感提升。,后期修图润饰时使用该手法。,修图;后期,,,后期;修图,整理,published,V1.0
V13_T0035,牙齿美白,teeth whitening,,V13,修图润饰,牙齿美白修图技术的处理方式与视觉效果。,牙齿美白 的修饰效果与画面质感提升。,后期修图润饰时使用该手法。,修图;后期,,,后期;修图,整理,published,V1.0
V13_T0036,眼神光,catchlight enhance,,V13,修图润饰,眼神光修图技术的处理方式与视觉效果。,眼神光 的修饰效果与画面质感提升。,后期修图润饰时使用该手法。,修图;后期,,,后期;修图,整理,published,V1.0
V13_T0037,抠像合成,compositing layers,,V13,合成与滤镜,抠像合成合成技术的实现方式与应用场景。,抠像合成 形成的合成效果与画面滤镜质感。,叠加该合成/滤镜效果。,合成;滤镜,,,后期;合成滤镜,整理,published,V1.0
V13_T0038,景深雾化,post depth of field haze,,V13,合成与滤镜,景深雾化合成技术的实现方式与应用场景。,景深雾化 形成的合成效果与画面滤镜质感。,叠加该合成/滤镜效果。,合成;滤镜,,,后期;合成滤镜,整理,published,V1.0
V13_T0039,胶片颗粒,film grain overlay,,V13,合成与滤镜,胶片颗粒合成技术的实现方式与应用场景。,胶片颗粒 形成的合成效果与画面滤镜质感。,叠加该合成/滤镜效果。,合成;滤镜,,,后期;合成滤镜,整理,published,V1.0
V13_T0040,漏光叠加,light leak overlay,,V13,合成与滤镜,漏光叠加合成技术的实现方式与应用场景。,漏光叠加 形成的合成效果与画面滤镜质感。,叠加该合成/滤镜效果。,合成;滤镜,,,后期;合成滤镜,整理,published,V1.0
V13_T0041,光晕眩光,glow bloom lens flare,,V13,合成与滤镜,光晕眩光合成技术的实现方式与应用场景。,光晕眩光 形成的合成效果与画面滤镜质感。,叠加该合成/滤镜效果。,合成;滤镜,,,后期;合成滤镜,整理,published,V1.0
V13_T0042,暗角,vignette,,V13,合成与滤镜,暗角合成技术的实现方式与应用场景。,暗角 形成的合成效果与画面滤镜质感。,叠加该合成/滤镜效果。,合成;滤镜,,,后期;合成滤镜,整理,published,V1.0
V13_T0043,故障艺术,glitch art effect,,V13,合成与滤镜,故障艺术合成技术的实现方式与应用场景。,故障艺术 形成的合成效果与画面滤镜质感。,叠加该合成/滤镜效果。,合成;滤镜,,,后期;合成滤镜,整理,published,V1.0
V13_T0044,HDR合成,hdr merge,,V13,合成与滤镜,HDR合成合成技术的实现方式与应用场景。,HDR合成 形成的合成效果与画面滤镜质感。,叠加该合成/滤镜效果。,合成;滤镜,,,后期;合成滤镜,整理,published,V1.0
V13_T0045,双重曝光,double exposure,,V13,合成与滤镜,双重曝光合成技术的实现方式与应用场景。,双重曝光 形成的合成效果与画面滤镜质感。,叠加该合成/滤镜效果。,合成;滤镜,,,后期;合成滤镜,整理,published,V1.0
V13_T0046,镜头光晕,lens flare overlay,,V13,合成与滤镜,镜头光晕合成技术的实现方式与应用场景。,镜头光晕 形成的合成效果与画面滤镜质感。,叠加该合成/滤镜效果。,合成;滤镜,,,后期;合成滤镜,整理,published,V1.0
V13_T0047,色差,chromatic aberration effect,,V13,合成与滤镜,色差合成技术的实现方式与应用场景。,色差 形成的合成效果与画面滤镜质感。,叠加该合成/滤镜效果。,合成;滤镜,,,后期;合成滤镜,整理,published,V1.0
V13_T0048,扫描线,scanline crt effect,,V13,合成与滤镜,扫描线合成技术的实现方式与应用场景。,扫描线 形成的合成效果与画面滤镜质感。,叠加该合成/滤镜效果。,合成;滤镜,,,后期;合成滤镜,整理,published,V1.0
V13_T0049,做旧划痕,film scratches dust,,V13,合成与滤镜,做旧划痕合成技术的实现方式与应用场景。,做旧划痕 形成的合成效果与画面滤镜质感。,叠加该合成/滤镜效果。,合成;滤镜,,,后期;合成滤镜,整理,published,V1.0
V13_T0050,导出格式,export format,,V13,输出与交付,导出格式后期处理的技术方式与视觉效果。,导出格式 的输出规格与交付特征。,按该规格输出交付时引用。,输出;交付,,,后期;输出,整理,published,V1.0
V13_T0051,色彩空间交付,color space delivery,,V13,输出与交付,色彩空间交付后期处理的技术方式与视觉效果。,色彩空间交付 的输出规格与交付特征。,按该规格输出交付时引用。,输出;交付,,,后期;输出,整理,published,V1.0
V13_T0052,锐化输出,output sharpening,,V13,输出与交付,锐化输出后期处理的技术方式与视觉效果。,锐化输出 的输出规格与交付特征。,按该规格输出交付时引用。,输出;交付,,,后期;输出,整理,published,V1.0
V13_T0053,压缩优化,compression optimization,,V13,输出与交付,压缩优化后期处理的技术方式与视觉效果。,压缩优化 的输出规格与交付特征。,按该规格输出交付时引用。,输出;交付,,,后期;输出,整理,published,V1.0
V13_T0054,打印输出,print output,,V13,输出与交付,打印输出后期处理的技术方式与视觉效果。,打印输出 的输出规格与交付特征。,按该规格输出交付时引用。,输出;交付,,,后期;输出,整理,published,V1.0
V14_T0001,SD1.5,stable diffusion 1.5,,V14,模型类型,SD1.5模型的生成特性与适用场景。,SD1.5 模型的生成特性与画面取向。,选用该模型出图时引用。,模型;AI,,,AI;模型,整理,published,V1.0
V14_T0002,SD2.1,stable diffusion 2.1,,V14,模型类型,SD2.1模型的生成特性与适用场景。,SD2.1 模型的生成特性与画面取向。,选用该模型出图时引用。,模型;AI,,,AI;模型,整理,published,V1.0
V14_T0003,SDXL,sdxl,,V14,模型类型,SDXL模型的生成特性与适用场景。,SDXL 模型的生成特性与画面取向。,选用该模型出图时引用。,模型;AI,,,AI;模型,整理,published,V1.0
V14_T0004,SD3,stable diffusion 3,,V14,模型类型,SD3模型的生成特性与适用场景。,SD3 模型的生成特性与画面取向。,选用该模型出图时引用。,模型;AI,,,AI;模型,整理,published,V1.0
V14_T0005,Flux,flux model,,V14,模型类型,Flux模型的生成特性与适用场景。,Flux 模型的生成特性与画面取向。,选用该模型出图时引用。,模型;AI,,,AI;模型,整理,published,V1.0
V14_T0006,Midjourney,midjourney,,V14,模型类型,Midjourney模型的生成特性与适用场景。,Midjourney 模型的生成特性与画面取向。,选用该模型出图时引用。,模型;AI,,,AI;模型,整理,published,V1.0
V14_T0007,DALL-E 3,dall-e 3,,V14,模型类型,DALL-E 3模型的生成特性与适用场景。,DALL-E 3 模型的生成特性与画面取向。,选用该模型出图时引用。,模型;AI,,,AI;模型,整理,published,V1.0
V14_T0008,Imagen,google imagen,,V14,模型类型,Imagen模型的生成特性与适用场景。,Imagen 模型的生成特性与画面取向。,选用该模型出图时引用。,模型;AI,,,AI;模型,整理,published,V1.0
V14_T0009,扩散模型,diffusion model,,V14,模型类型,扩散模型模型的生成特性与适用场景。,扩散模型 模型的生成特性与画面取向。,选用该模型出图时引用。,模型;AI,,,AI;模型,整理,published,V1.0
V14_T0010,GAN,gan generative adversarial,,V14,模型类型,GAN模型的生成特性与适用场景。,GAN 模型的生成特性与画面取向。,选用该模型出图时引用。,模型;AI,,,AI;模型,整理,published,V1.0
V14_T0011,VAE,vae variational autoencoder,,V14,模型类型,VAE模型的生成特性与适用场景。,VAE 模型的生成特性与画面取向。,选用该模型出图时引用。,模型;AI,,,AI;模型,整理,published,V1.0
V14_T0012,Latent扩散,latent diffusion,,V14,模型类型,Latent扩散模型的生成特性与适用场景。,Latent扩散 模型的生成特性与画面取向。,选用该模型出图时引用。,模型;AI,,,AI;模型,整理,published,V1.0
V14_T0013,一致性模型,consistency model,,V14,模型类型,一致性模型模型的生成特性与适用场景。,一致性模型 模型的生成特性与画面取向。,选用该模型出图时引用。,模型;AI,,,AI;模型,整理,published,V1.0
V14_T0014,级联扩散,cascade diffusion,,V14,模型类型,级联扩散模型的生成特性与适用场景。,级联扩散 模型的生成特性与画面取向。,选用该模型出图时引用。,模型;AI,,,AI;模型,整理,published,V1.0
V14_T0015,Euler采样,euler sampler,,V14,采样与调度,Euler采样采样方法的生成特性与质量表现。,Euler采样 对采样过程与去噪调度的影响。,调节采样/调度时引用。,采样;调度,,,AI;采样,整理,published,V1.0
V14_T0016,Euler a采样,euler a sampler,,V14,采样与调度,Euler a采样采样方法的生成特性与质量表现。,Euler a采样 对采样过程与去噪调度的影响。,调节采样/调度时引用。,采样;调度,,,AI;采样,整理,published,V1.0
V14_T0017,DPM++ 2M,dpm++ 2m karras,,V14,采样与调度,DPM++ 2M采样方法的生成特性与质量表现。,DPM++ 2M 对采样过程与去噪调度的影响。,调节采样/调度时引用。,采样;调度,,,AI;采样,整理,published,V1.0
V14_T0018,DPM++ SDE,dpm++ sde,,V14,采样与调度,DPM++ SDE采样方法的生成特性与质量表现。,DPM++ SDE 对采样过程与去噪调度的影响。,调节采样/调度时引用。,采样;调度,,,AI;采样,整理,published,V1.0
V14_T0019,DDIM,ddim,,V14,采样与调度,DDIM采样方法的生成特性与质量表现。,DDIM 对采样过程与去噪调度的影响。,调节采样/调度时引用。,采样;调度,,,AI;采样,整理,published,V1.0
V14_T0020,UniPC,unipc,,V14,采样与调度,UniPC采样方法的生成特性与质量表现。,UniPC 对采样过程与去噪调度的影响。,调节采样/调度时引用。,采样;调度,,,AI;采样,整理,published,V1.0
V14_T0021,LCM,lcm fast sampler,,V14,采样与调度,LCM采样方法的生成特性与质量表现。,LCM 对采样过程与去噪调度的影响。,调节采样/调度时引用。,采样;调度,,,AI;采样,整理,published,V1.0
V14_T0022,Karras调度,karras scheduler,,V14,采样与调度,Karras调度采样方法的生成特性与质量表现。,Karras调度 对采样过程与去噪调度的影响。,调节采样/调度时引用。,采样;调度,,,AI;采样,整理,published,V1.0
V14_T0023,采样步数,sampling steps,,V14,采样与调度,采样步数采样方法的生成特性与质量表现。,采样步数 对采样过程与去噪调度的影响。,调节采样/调度时引用。,采样;调度,,,AI;采样,整理,published,V1.0
V14_T0024,CFG引导,cfg scale,,V14,采样与调度,CFG引导采样方法的生成特性与质量表现。,CFG引导 对采样过程与去噪调度的影响。,调节采样/调度时引用。,采样;调度,,,AI;采样,整理,published,V1.0
V14_T0025,种子,seed,,V14,采样与调度,种子采样方法的生成特性与质量表现。,种子 对采样过程与去噪调度的影响。,调节采样/调度时引用。,采样;调度,,,AI;采样,整理,published,V1.0
V14_T0026,Clip跳过,clip skip,,V14,采样与调度,Clip跳过采样方法的生成特性与质量表现。,Clip跳过 对采样过程与去噪调度的影响。,调节采样/调度时引用。,采样;调度,,,AI;采样,整理,published,V1.0
V14_T0027,ControlNet,controlnet,,V14,控制与条件,ControlNet控制方式的条件生成与精准引导。,ControlNet 提供的结构/条件控制能力。,用该方式约束生成结构。,控制;条件,,,AI;控制,整理,published,V1.0
V14_T0028,Canny边缘,controlnet canny,,V14,控制与条件,Canny边缘控制方式的条件生成与精准引导。,Canny边缘 提供的结构/条件控制能力。,用该方式约束生成结构。,控制;条件,,,AI;控制,整理,published,V1.0
V14_T0029,深度Depth,controlnet depth,,V14,控制与条件,深度Depth控制方式的条件生成与精准引导。,深度Depth 提供的结构/条件控制能力。,用该方式约束生成结构。,控制;条件,,,AI;控制,整理,published,V1.0
V14_T0030,OpenPose姿态,controlnet openpose,,V14,控制与条件,OpenPose姿态控制方式的条件生成与精准引导。,OpenPose姿态 提供的结构/条件控制能力。,用该方式约束生成结构。,控制;条件,,,AI;控制,整理,published,V1.0
V14_T0031,线稿Lineart,controlnet lineart,,V14,控制与条件,线稿Lineart控制方式的条件生成与精准引导。,线稿Lineart 提供的结构/条件控制能力。,用该方式约束生成结构。,控制;条件,,,AI;控制,整理,published,V1.0
V14_T0032,涂鸦Scribble,controlnet scribble,,V14,控制与条件,涂鸦Scribble控制方式的条件生成与精准引导。,涂鸦Scribble 提供的结构/条件控制能力。,用该方式约束生成结构。,控制;条件,,,AI;控制,整理,published,V1.0
V14_T0033,法线Normal,controlnet normalmap,,V14,控制与条件,法线Normal控制方式的条件生成与精准引导。,法线Normal 提供的结构/条件控制能力。,用该方式约束生成结构。,控制;条件,,,AI;控制,整理,published,V1.0
V14_T0034,语义分割Seg,controlnet segmentation,,V14,控制与条件,语义分割Seg控制方式的条件生成与精准引导。,语义分割Seg 提供的结构/条件控制能力。,用该方式约束生成结构。,控制;条件,,,AI;控制,整理,published,V1.0
V14_T0035,软边缘HED,controlnet softedge hed,,V14,控制与条件,软边缘HED控制方式的条件生成与精准引导。,软边缘HED 提供的结构/条件控制能力。,用该方式约束生成结构。,控制;条件,,,AI;控制,整理,published,V1.0
V14_T0036,T2I-Adapter,t2i adapter,,V14,控制与条件,T2I-Adapter控制方式的条件生成与精准引导。,T2I-Adapter 提供的结构/条件控制能力。,用该方式约束生成结构。,控制;条件,,,AI;控制,整理,published,V1.0
V14_T0037,IP-Adapter,ip-adapter,,V14,控制与条件,IP-Adapter控制方式的条件生成与精准引导。,IP-Adapter 提供的结构/条件控制能力。,用该方式约束生成结构。,控制;条件,,,AI;控制,整理,published,V1.0
V14_T0038,区域控制,regional prompt control,,V14,控制与条件,区域控制控制方式的条件生成与精准引导。,区域控制 提供的结构/条件控制能力。,用该方式约束生成结构。,控制;条件,,,AI;控制,整理,published,V1.0
V14_T0039,Reference参考,controlnet reference,,V14,控制与条件,Reference参考控制方式的条件生成与精准引导。,Reference参考 提供的结构/条件控制能力。,用该方式约束生成结构。,控制;条件,,,AI;控制,整理,published,V1.0
V14_T0040,LoRA,lora finetune,,V14,微调与定制,LoRA微调技术的风格定制与模型优化。,LoRA 对模型风格/主体的定制与微调能力。,做该类微调定制时引用。,微调;定制,,,AI;微调,整理,published,V1.0
V14_T0041,LyCORIS,lycoris,,V14,微调与定制,LyCORIS微调技术的风格定制与模型优化。,LyCORIS 对模型风格/主体的定制与微调能力。,做该类微调定制时引用。,微调;定制,,,AI;微调,整理,published,V1.0
V14_T0042,DreamBooth,dreambooth,,V14,微调与定制,DreamBooth微调技术的风格定制与模型优化。,DreamBooth 对模型风格/主体的定制与微调能力。,做该类微调定制时引用。,微调;定制,,,AI;微调,整理,published,V1.0
V14_T0043,文本反演,textual inversion embedding,,V14,微调与定制,文本反演微调技术的风格定制与模型优化。,文本反演 对模型风格/主体的定制与微调能力。,做该类微调定制时引用。,微调;定制,,,AI;微调,整理,published,V1.0
V14_T0044,Hypernetwork,hypernetwork,,V14,微调与定制,Hypernetwork微调技术的风格定制与模型优化。,Hypernetwork 对模型风格/主体的定制与微调能力。,做该类微调定制时引用。,微调;定制,,,AI;微调,整理,published,V1.0
V14_T0045,全量微调,full finetune,,V14,微调与定制,全量微调微调技术的风格定制与模型优化。,全量微调 对模型风格/主体的定制与微调能力。,做该类微调定制时引用。,微调;定制,,,AI;微调,整理,published,V1.0
V14_T0046,DoRA,dora,,V14,微调与定制,DoRA微调技术的风格定制与模型优化。,DoRA 对模型风格/主体的定制与微调能力。,做该类微调定制时引用。,微调;定制,,,AI;微调,整理,published,V1.0
V14_T0047,数据集准备,dataset captioning,,V14,微调与定制,数据集准备微调技术的风格定制与模型优化。,数据集准备 对模型风格/主体的定制与微调能力。,做该类微调定制时引用。,微调;定制,,,AI;微调,整理,published,V1.0
V14_T0048,超分放大,ai upscale super resolution,,V14,放大与修复,超分放大技术的图像增强与细节修复方式。,超分放大 对分辨率提升与细节修复的效果。,放大或修复图像时使用。,放大;修复,,,AI;放大修复,整理,published,V1.0
V14_T0049,Hires fix,hires fix,,V14,放大与修复,Hires fix技术的图像增强与细节修复方式。,Hires fix 对分辨率提升与细节修复的效果。,放大或修复图像时使用。,放大;修复,,,AI;放大修复,整理,published,V1.0
V14_T0050,Tiled放大,tiled diffusion upscale,,V14,放大与修复,Tiled放大技术的图像增强与细节修复方式。,Tiled放大 对分辨率提升与细节修复的效果。,放大或修复图像时使用。,放大;修复,,,AI;放大修复,整理,published,V1.0
V14_T0051,面部修复,face restoration gfpgan,,V14,放大与修复,面部修复技术的图像增强与细节修复方式。,面部修复 对分辨率提升与细节修复的效果。,放大或修复图像时使用。,放大;修复,,,AI;放大修复,整理,published,V1.0
V14_T0052,ADetailer,adetailer auto detail,,V14,放大与修复,ADetailer技术的图像增强与细节修复方式。,ADetailer 对分辨率提升与细节修复的效果。,放大或修复图像时使用。,放大;修复,,,AI;放大修复,整理,published,V1.0
V14_T0053,局部重绘,inpaint,,V14,放大与修复,局部重绘技术的图像增强与细节修复方式。,局部重绘 对分辨率提升与细节修复的效果。,放大或修复图像时使用。,放大;修复,,,AI;放大修复,整理,published,V1.0
V14_T0054,手部修复,hand refiner,,V14,放大与修复,手部修复技术的图像增强与细节修复方式。,手部修复 对分辨率提升与细节修复的效果。,放大或修复图像时使用。,放大;修复,,,AI;放大修复,整理,published,V1.0
V14_T0055,Ultimate SD放大,ultimate sd upscale,,V14,放大与修复,Ultimate SD放大技术的图像增强与细节修复方式。,Ultimate SD放大 对分辨率提升与细节修复的效果。,放大或修复图像时使用。,放大;修复,,,AI;放大修复,整理,published,V1.0
V14_T0056,ComfyUI节点,comfyui node workflow,,V14,工作流与自动化,ComfyUI节点工作流的自动化处理与效率提升。,ComfyUI节点 在生成工作流中的作用与自动化能力。,搭建该自动化工作流时引用。,工作流;自动化,,,AI;工作流,整理,published,V1.0
V14_T0057,工作流编排,generation pipeline,,V14,工作流与自动化,工作流编排工作流的自动化处理与效率提升。,工作流编排 在生成工作流中的作用与自动化能力。,搭建该自动化工作流时引用。,工作流;自动化,,,AI;工作流,整理,published,V1.0
V14_T0058,批处理,batch generation,,V14,工作流与自动化,批处理工作流的自动化处理与效率提升。,批处理 在生成工作流中的作用与自动化能力。,搭建该自动化工作流时引用。,工作流;自动化,,,AI;工作流,整理,published,V1.0
V14_T0059,API调用,generation api,,V14,工作流与自动化,API调用工作流的自动化处理与效率提升。,API调用 在生成工作流中的作用与自动化能力。,搭建该自动化工作流时引用。,工作流;自动化,,,AI;工作流,整理,published,V1.0
V14_T0060,参数矩阵,xyz plot,,V14,工作流与自动化,参数矩阵工作流的自动化处理与效率提升。,参数矩阵 在生成工作流中的作用与自动化能力。,搭建该自动化工作流时引用。,工作流;自动化,,,AI;工作流,整理,published,V1.0
V14_T0061,WebUI,stable diffusion webui,,V14,工作流与自动化,WebUI工作流的自动化处理与效率提升。,WebUI 在生成工作流中的作用与自动化能力。,搭建该自动化工作流时引用。,工作流;自动化,,,AI;工作流,整理,published,V1.0
V14_T0062,提示词模板库,prompt library,,V14,工作流与自动化,提示词模板库工作流的自动化处理与效率提升。,提示词模板库 在生成工作流中的作用与自动化能力。,搭建该自动化工作流时引用。,工作流;自动化,,,AI;工作流,整理,published,V1.0
V14_T0063,工作流分享,workflow sharing,,V14,工作流与自动化,工作流分享工作流的自动化处理与效率提升。,工作流分享 在生成工作流中的作用与自动化能力。,搭建该自动化工作流时引用。,工作流;自动化,,,AI;工作流,整理,published,V1.0
V15_T0001,赛博朋克,cyberpunk neon dystopia,,V15,类型与审美标签,高科技低生活的霓虹反乌托邦未来风格。,赛博朋克 的整体视觉气质与审美取向。,作 赛博朋克 风格标签加入提示词。,审美;风格,,,风格;标签,整理,published,V1.0
V15_T0002,蒸汽朋克,steampunk victorian gears,,V15,类型与审美标签,维多利亚时代机械美学的复古科幻风格。,蒸汽朋克 的整体视觉气质与审美取向。,作 蒸汽朋克 风格标签加入提示词。,审美;风格,,,风格;标签,整理,published,V1.0
V15_T0003,柴油朋克,dieselpunk interwar,,V15,类型与审美标签,二战工业重机械的硬核科幻风格。,柴油朋克 的整体视觉气质与审美取向。,作 柴油朋克 风格标签加入提示词。,审美;风格,,,风格;标签,整理,published,V1.0
V15_T0004,生物朋克,biopunk organic tech,,V15,类型与审美标签,生物朋克风格的视觉特征与审美倾向。,生物朋克 的整体视觉气质与审美取向。,作 生物朋克 风格标签加入提示词。,审美;风格,,,风格;标签,整理,published,V1.0
V15_T0005,废土风,post-apocalyptic wasteland,,V15,类型与审美标签,废土风风格的视觉特征与审美倾向。,废土风 的整体视觉气质与审美取向。,作 废土风 风格标签加入提示词。,审美;风格,,,风格;标签,整理,published,V1.0
V15_T0006,国潮,chinese guochao trendy,,V15,类型与审美标签,中国传统元素与当代设计结合的风格。,国潮 的整体视觉气质与审美取向。,作 国潮 风格标签加入提示词。,审美;风格,,,风格;标签,整理,published,V1.0
V15_T0007,侘寂,wabi-sabi rustic imperfect,,V15,类型与审美标签,不完美无常朴素的日本美学。,侘寂 的整体视觉气质与审美取向。,作 侘寂 风格标签加入提示词。,审美;风格,,,风格;标签,整理,published,V1.0
V15_T0008,极简主义,minimalist,,V15,类型与审美标签,克制简洁去装饰的现代设计风格。,极简主义 的整体视觉气质与审美取向。,作 极简主义 风格标签加入提示词。,审美;风格,,,风格;标签,整理,published,V1.0
V15_T0009,孟菲斯,memphis bold geometric,,V15,类型与审美标签,几何色块拼贴的后现代设计风格。,孟菲斯 的整体视觉气质与审美取向。,作 孟菲斯 风格标签加入提示词。,审美;风格,,,风格;标签,整理,published,V1.0
V15_T0010,蒸汽波,vaporwave retro digital,,V15,类型与审美标签,维多利亚时代机械美学的复古科幻风格。,蒸汽波 的整体视觉气质与审美取向。,作 蒸汽波 风格标签加入提示词。,审美;风格,,,风格;标签,整理,published,V1.0
V15_T0011,故障波,glitchcore,,V15,类型与审美标签,故障波风格的视觉特征与审美倾向。,故障波 的整体视觉气质与审美取向。,作 故障波 风格标签加入提示词。,审美;风格,,,风格;标签,整理,published,V1.0
V15_T0012,Y2K千禧,y2k metallic millennium,,V15,类型与审美标签,2000年代初数字感科技乐观的网络美学。,Y2K千禧 的整体视觉气质与审美取向。,作 Y2K千禧 风格标签加入提示词。,审美;风格,,,风格;标签,整理,published,V1.0
V15_T0013,暗黑哥特,dark gothic,,V15,类型与审美标签,尖拱暗黑神秘的中世纪风格。,暗黑哥特 的整体视觉气质与审美取向。,作 暗黑哥特 风格标签加入提示词。,审美;风格,,,风格;标签,整理,published,V1.0
V15_T0014,治愈系,cozy healing,,V15,类型与审美标签,治愈系风格的视觉特征与审美倾向。,治愈系 的整体视觉气质与审美取向。,作 治愈系 风格标签加入提示词。,审美;风格,,,风格;标签,整理,published,V1.0
V15_T0015,梦核,dreamcore surreal nostalgic,,V15,类型与审美标签,梦核风格的视觉特征与审美倾向。,梦核 的整体视觉气质与审美取向。,作 梦核 风格标签加入提示词。,审美;风格,,,风格;标签,整理,published,V1.0
V15_T0016,怪核,weirdcore uncanny,,V15,类型与审美标签,怪核风格的视觉特征与审美倾向。,怪核 的整体视觉气质与审美取向。,作 怪核 风格标签加入提示词。,审美;风格,,,风格;标签,整理,published,V1.0
V15_T0017,阈限空间,liminal space eerie,,V15,类型与审美标签,阈限空间风格的视觉特征与审美倾向。,阈限空间 的整体视觉气质与审美取向。,作 阈限空间 风格标签加入提示词。,审美;风格,,,风格;标签,整理,published,V1.0
V15_T0018,故障艺术,glitch art,,V15,类型与审美标签,故障艺术风格的视觉特征与审美倾向。,故障艺术 的整体视觉气质与审美取向。,作 故障艺术 风格标签加入提示词。,审美;风格,,,风格;标签,整理,published,V1.0
V15_T0019,低多边形,low poly,,V15,类型与审美标签,简化几何面的3D极简风格。,低多边形 的整体视觉气质与审美取向。,作 低多边形 风格标签加入提示词。,审美;风格,,,风格;标签,整理,published,V1.0
V15_T0020,扁平化,flat design,,V15,类型与审美标签,二维无阴影的现代图形设计风格。,扁平化 的整体视觉气质与审美取向。,作 扁平化 风格标签加入提示词。,审美;风格,,,风格;标签,整理,published,V1.0
V15_T0021,拟物化,skeuomorphic,,V15,类型与审美标签,拟物化风格的视觉特征与审美倾向。,拟物化 的整体视觉气质与审美取向。,作 拟物化 风格标签加入提示词。,审美;风格,,,风格;标签,整理,published,V1.0
V15_T0022,3D潮玩,3d blind box toy render,,V15,类型与审美标签,3D潮玩风格的视觉特征与审美倾向。,3D潮玩 的整体视觉气质与审美取向。,作 3D潮玩 风格标签加入提示词。,审美;风格,,,风格;标签,整理,published,V1.0
V15_T0023,黏土风,clay render claymation,,V15,类型与审美标签,黏土风风格的视觉特征与审美倾向。,黏土风 的整体视觉气质与审美取向。,作 黏土风 风格标签加入提示词。,审美;风格,,,风格;标签,整理,published,V1.0
V15_T0024,赛博格,cyborg aesthetic,,V15,类型与审美标签,高科技低生活的霓虹反乌托邦未来风格。,赛博格 的整体视觉气质与审美取向。,作 赛博格 风格标签加入提示词。,审美;风格,,,风格;标签,整理,published,V1.0
V15_T0025,国风水墨,chinese ink wash aesthetic,,V15,类型与审美标签,墨色晕染的东方绘画美学。,国风水墨 的整体视觉气质与审美取向。,作 国风水墨 风格标签加入提示词。,审美;风格,,,风格;标签,整理,published,V1.0
V15_T0026,和风浮世,japanese ukiyo aesthetic,,V15,类型与审美标签,日本传统的视觉风格与审美意趣。,和风浮世 的整体视觉气质与审美取向。,作 和风浮世 风格标签加入提示词。,审美;风格,,,风格;标签,整理,published,V1.0
V15_T0027,克苏鲁,lovecraftian cosmic horror,,V15,类型与审美标签,克苏鲁风格的视觉特征与审美倾向。,克苏鲁 的整体视觉气质与审美取向。,作 克苏鲁 风格标签加入提示词。,审美;风格,,,风格;标签,整理,published,V1.0
V15_T0028,暗黑奇幻,dark fantasy grimdark,,V15,类型与审美标签,暗黑奇幻风格的视觉特征与审美倾向。,暗黑奇幻 的整体视觉气质与审美取向。,作 暗黑奇幻 风格标签加入提示词。,审美;风格,,,风格;标签,整理,published,V1.0
V15_T0029,童话梦幻,fairytale whimsical,,V15,类型与审美标签,童话梦幻风格的视觉特征与审美倾向。,童话梦幻 的整体视觉气质与审美取向。,作 童话梦幻 风格标签加入提示词。,审美;风格,,,风格;标签,整理,published,V1.0
V15_T0030,未来主义,futuristic,,V15,类型与审美标签,未来主义风格的视觉特征与审美倾向。,未来主义 的整体视觉气质与审美取向。,作 未来主义 风格标签加入提示词。,审美;风格,,,风格;标签,整理,published,V1.0
V15_T0031,复古未来,retrofuturism,,V15,类型与审美标签,回溯过往时代美学的风格化表达。,复古未来 的整体视觉气质与审美取向。,作 复古未来 风格标签加入提示词。,审美;风格,,,风格;标签,整理,published,V1.0
V15_T0032,故障朋克,glitchpunk,,V15,类型与审美标签,故障朋克风格的视觉特征与审美倾向。,故障朋克 的整体视觉气质与审美取向。,作 故障朋克 风格标签加入提示词。,审美;风格,,,风格;标签,整理,published,V1.0
V15_T0033,超扁平,superflat takashi style,,V15,类型与审美标签,二维无阴影的现代图形设计风格。,超扁平 的整体视觉气质与审美取向。,作 超扁平 风格标签加入提示词。,审美;风格,,,风格;标签,整理,published,V1.0
V15_T0034,50年代,1950s retro aesthetic,,V15,时代美学,50年代风格的视觉特征与审美倾向。,50年代 时代的视觉符号、色彩与质感。,还原 50年代 时代美学时引用。,时代;美学,,,风格;时代,整理,published,V1.0
V15_T0035,60年代,1960s mod psychedelic,,V15,时代美学,60年代风格的视觉特征与审美倾向。,60年代 时代的视觉符号、色彩与质感。,还原 60年代 时代美学时引用。,时代;美学,,,风格;时代,整理,published,V1.0
V15_T0036,70年代,1970s funk disco,,V15,时代美学,70年代风格的视觉特征与审美倾向。,70年代 时代的视觉符号、色彩与质感。,还原 70年代 时代美学时引用。,时代;美学,,,风格;时代,整理,published,V1.0
V15_T0037,80年代,1980s neon synthwave,,V15,时代美学,80年代风格的视觉特征与审美倾向。,80年代 时代的视觉符号、色彩与质感。,还原 80年代 时代美学时引用。,时代;美学,,,风格;时代,整理,published,V1.0
V15_T0038,90年代,1990s nostalgic,,V15,时代美学,90年代风格的视觉特征与审美倾向。,90年代 时代的视觉符号、色彩与质感。,还原 90年代 时代美学时引用。,时代;美学,,,风格;时代,整理,published,V1.0
V15_T0039,千禧Y2K,y2k 2000s,,V15,时代美学,2000年代初数字感科技乐观的网络美学。,千禧Y2K 时代的视觉符号、色彩与质感。,还原 千禧Y2K 时代美学时引用。,时代;美学,,,风格;时代,整理,published,V1.0
V15_T0040,世纪中期现代,mid-century modern,,V15,时代美学,世纪中期现代风格的视觉特征与审美倾向。,世纪中期现代 时代的视觉符号、色彩与质感。,还原 世纪中期现代 时代美学时引用。,时代;美学,,,风格;时代,整理,published,V1.0
V15_T0041,维多利亚,victorian era,,V15,时代美学,繁复装饰的19世纪英国风格。,维多利亚 时代的视觉符号、色彩与质感。,还原 维多利亚 时代美学时引用。,时代;美学,,,风格;时代,整理,published,V1.0
V15_T0042,装饰艺术时代,art deco era 1920s,,V15,时代美学,几何奢华的20-30年代设计风格。,装饰艺术时代 时代的视觉符号、色彩与质感。,还原 装饰艺术时代 时代美学时引用。,时代;美学,,,风格;时代,整理,published,V1.0
V15_T0043,古典复兴,classical revival,,V15,时代美学,古典复兴风格的视觉特征与审美倾向。,古典复兴 时代的视觉符号、色彩与质感。,还原 古典复兴 时代美学时引用。,时代;美学,,,风格;时代,整理,published,V1.0
V15_T0044,日系,japanese clean aesthetic,,V15,地域与网络美学,日系风格的视觉特征与审美倾向。,日系 的地域/网络视觉美学与符号特征。,营造 日系 美学氛围时引用。,美学;风格,,,风格;地域网络,整理,published,V1.0
V15_T0045,韩系,korean soft aesthetic,,V15,地域与网络美学,韩系风格的视觉特征与审美倾向。,韩系 的地域/网络视觉美学与符号特征。,营造 韩系 美学氛围时引用。,美学;风格,,,风格;地域网络,整理,published,V1.0
V15_T0046,欧美,western aesthetic,,V15,地域与网络美学,欧美风格的视觉特征与审美倾向。,欧美 的地域/网络视觉美学与符号特征。,营造 欧美 美学氛围时引用。,美学;风格,,,风格;地域网络,整理,published,V1.0
V15_T0047,中式,chinese aesthetic,,V15,地域与网络美学,中式风格的视觉特征与审美倾向。,中式 的地域/网络视觉美学与符号特征。,营造 中式 美学氛围时引用。,美学;风格,,,风格;地域网络,整理,published,V1.0
V15_T0048,和风,traditional japanese,,V15,地域与网络美学,日本传统的视觉风格与审美意趣。,和风 的地域/网络视觉美学与符号特征。,营造 和风 美学氛围时引用。,美学;风格,,,风格;地域网络,整理,published,V1.0
V15_T0049,北欧,scandinavian aesthetic,,V15,地域与网络美学,北欧风格的视觉特征与审美倾向。,北欧 的地域/网络视觉美学与符号特征。,营造 北欧 美学氛围时引用。,美学;风格,,,风格;地域网络,整理,published,V1.0
V15_T0050,地中海,mediterranean aesthetic,,V15,地域与网络美学,地中海风格的视觉特征与审美倾向。,地中海 的地域/网络视觉美学与符号特征。,营造 地中海 美学氛围时引用。,美学;风格,,,风格;地域网络,整理,published,V1.0
V15_T0051,热带,tropical aesthetic,,V15,地域与网络美学,热带风格的视觉特征与审美倾向。,热带 的地域/网络视觉美学与符号特征。,营造 热带 美学氛围时引用。,美学;风格,,,风格;地域网络,整理,published,V1.0
V15_T0052,cottagecore田园,cottagecore rural cozy,,V15,地域与网络美学,cottagecore田园风格的视觉特征与审美倾向。,cottagecore田园 的地域/网络视觉美学与符号特征。,营造 cottagecore田园 美学氛围时引用。,美学;风格,,,风格;地域网络,整理,published,V1.0
V15_T0053,暗黑学院,dark academia,,V15,地域与网络美学,暗黑学院风格的视觉特征与审美倾向。,暗黑学院 的地域/网络视觉美学与符号特征。,营造 暗黑学院 美学氛围时引用。,美学;风格,,,风格;地域网络,整理,published,V1.0
V15_T0054,浅色学院,light academia,,V15,地域与网络美学,浅色学院风格的视觉特征与审美倾向。,浅色学院 的地域/网络视觉美学与符号特征。,营造 浅色学院 美学氛围时引用。,美学;风格,,,风格;地域网络,整理,published,V1.0
V15_T0055,精灵核,fairycore,,V15,地域与网络美学,精灵核风格的视觉特征与审美倾向。,精灵核 的地域/网络视觉美学与符号特征。,营造 精灵核 美学氛围时引用。,美学;风格,,,风格;地域网络,整理,published,V1.0
V15_T0056,海洋核,oceancore,,V15,地域与网络美学,海洋核风格的视觉特征与审美倾向。,海洋核 的地域/网络视觉美学与符号特征。,营造 海洋核 美学氛围时引用。,美学;风格,,,风格;地域网络,整理,published,V1.0
V15_T0057,绿野核,goblincore,,V15,地域与网络美学,绿野核风格的视觉特征与审美倾向。,绿野核 的地域/网络视觉美学与符号特征。,营造 绿野核 美学氛围时引用。,美学;风格,,,风格;地域网络,整理,published,V1.0
V15_T0058,城市废墟,urbex urban decay,,V15,地域与网络美学,城市废墟风格的视觉特征与审美倾向。,城市废墟 的地域/网络视觉美学与符号特征。,营造 城市废墟 美学氛围时引用。,美学;风格,,,风格;地域网络,整理,published,V1.0
V15_T0059,赛博绿洲,solarpunk green utopia,,V15,地域与网络美学,高科技低生活的霓虹反乌托邦未来风格。,赛博绿洲 的地域/网络视觉美学与符号特征。,营造 赛博绿洲 美学氛围时引用。,美学;风格,,,风格;地域网络,整理,published,V1.0
V15_T0060,高级感,premium luxury,,V15,品牌调性与媒介,高级感风格的视觉特征与审美倾向。,高级感 的品牌气质与媒介视觉调性。,定调该品牌/媒介风格时引用。,品牌;调性,,,风格;品牌媒介,整理,published,V1.0
V15_T0061,科技感,futuristic tech,,V15,品牌调性与媒介,科技感风格的视觉特征与审美倾向。,科技感 的品牌气质与媒介视觉调性。,定调该品牌/媒介风格时引用。,品牌;调性,,,风格;品牌媒介,整理,published,V1.0
V15_T0062,年轻活力,youthful vibrant,,V15,品牌调性与媒介,年轻活力风格的视觉特征与审美倾向。,年轻活力 的品牌气质与媒介视觉调性。,定调该品牌/媒介风格时引用。,品牌;调性,,,风格;品牌媒介,整理,published,V1.0
V15_T0063,温暖治愈,warm healing,,V15,品牌调性与媒介,温暖治愈风格的视觉特征与审美倾向。,温暖治愈 的品牌气质与媒介视觉调性。,定调该品牌/媒介风格时引用。,品牌;调性,,,风格;品牌媒介,整理,published,V1.0
V15_T0064,简约高效,clean efficient,,V15,品牌调性与媒介,简约高效风格的视觉特征与审美倾向。,简约高效 的品牌气质与媒介视觉调性。,定调该品牌/媒介风格时引用。,品牌;调性,,,风格;品牌媒介,整理,published,V1.0
V15_T0065,奢华金属,luxury metallic,,V15,品牌调性与媒介,奢华金属风格的视觉特征与审美倾向。,奢华金属 的品牌气质与媒介视觉调性。,定调该品牌/媒介风格时引用。,品牌;调性,,,风格;品牌媒介,整理,published,V1.0
V15_T0066,自然有机,natural organic,,V15,品牌调性与媒介,自然有机风格的视觉特征与审美倾向。,自然有机 的品牌气质与媒介视觉调性。,定调该品牌/媒介风格时引用。,品牌;调性,,,风格;品牌媒介,整理,published,V1.0
V15_T0067,复古怀旧,retro nostalgic,,V15,品牌调性与媒介,回溯过往时代美学的风格化表达。,复古怀旧 的品牌气质与媒介视觉调性。,定调该品牌/媒介风格时引用。,品牌;调性,,,风格;品牌媒介,整理,published,V1.0
V15_T0068,拼贴混媒,mixed media collage,,V15,品牌调性与媒介,拼贴混媒风格的视觉特征与审美倾向。,拼贴混媒 的品牌气质与媒介视觉调性。,定调该品牌/媒介风格时引用。,品牌;调性,,,风格;品牌媒介,整理,published,V1.0
V15_T0069,手绘+数字,hand-drawn digital hybrid,,V15,品牌调性与媒介,手绘+数字风格的视觉特征与审美倾向。,手绘+数字 的品牌气质与媒介视觉调性。,定调该品牌/媒介风格时引用。,品牌;调性,,,风格;品牌媒介,整理,published,V1.0
V15_T0070,3D+2D混合,3d 2d hybrid,,V15,品牌调性与媒介,3D+2D混合风格的视觉特征与审美倾向。,3D+2D混合 的品牌气质与媒介视觉调性。,定调该品牌/媒介风格时引用。,品牌;调性,,,风格;品牌媒介,整理,published,V1.0
V15_T0071,实拍+CG,live action cg composite,,V15,品牌调性与媒介,实拍+CG风格的视觉特征与审美倾向。,实拍+CG 的品牌气质与媒介视觉调性。,定调该品牌/媒介风格时引用。,品牌;调性,,,风格;品牌媒介,整理,published,V1.0
V05_T0001,衬线体,Serif Typeface,,V05,字体与排印 / 字体分类,笔画端部带装饰小脚的经典正文字体。,衬线体 的字形结构、衬线与气质特征。,选用该类字体定调时引用。,字体;排印,,,平面;字体,互联网研究整理,published,V1.0
V05_T0002,无衬线体,Sans-serif Typeface,,V05,字体与排印 / 字体分类,无装饰脚、笔画均匀的现代字体。,无衬线体 的字形结构、衬线与气质特征。,选用该类字体定调时引用。,字体;排印,,,平面;字体,互联网研究整理,published,V1.0
V05_T0003,板衬线,Slab Serif,,V05,字体与排印 / 字体分类,衬线粗厚如板、强几何感的工业字体。,板衬线 的字形结构、衬线与气质特征。,选用该类字体定调时引用。,字体;排印,,,平面;字体,互联网研究整理,published,V1.0
V05_T0004,手写体,Script Typeface,,V05,字体与排印 / 字体分类,模仿手写连笔的装饰性字体。,手写体 的字形结构、衬线与气质特征。,选用该类字体定调时引用。,字体;排印,,,平面;字体,互联网研究整理,published,V1.0
V05_T0005,哥特黑体,Blackletter Gothic,,V05,字体与排印 / 字体分类,中世纪尖笔书写、密集棱角的装饰字体。,哥特黑体 的字形结构、衬线与气质特征。,选用该类字体定调时引用。,字体;排印,,,平面;字体,互联网研究整理,published,V1.0
V05_T0006,等宽字体,Monospace Typeface,,V05,字体与排印 / 字体分类,每字符等宽、用于代码与终端的字体。,等宽字体 的字形结构、衬线与气质特征。,选用该类字体定调时引用。,字体;排印,,,平面;字体,互联网研究整理,published,V1.0
V05_T0007,展示体,Display Typeface,,V05,字体与排印 / 字体分类,为大字号标题设计的夸张字体。,展示体 的字形结构、衬线与气质特征。,选用该类字体定调时引用。,字体;排印,,,平面;字体,互联网研究整理,published,V1.0
V05_T0008,圆体,Rounded Typeface,,V05,字体与排印 / 字体分类,笔画端部圆角、亲和圆润的字体。,圆体 的字形结构、衬线与气质特征。,选用该类字体定调时引用。,字体;排印,,,平面;字体,互联网研究整理,published,V1.0
V05_T0009,宋体,Song Serif Chinese,,V05,字体与排印 / 字体分类,横细竖粗、带衬线的中文传统印刷体。,宋体 的字形结构、衬线与气质特征。,选用该类字体定调时引用。,字体;排印,,,平面;字体,互联网研究整理,published,V1.0
V05_T0010,黑体,Hei Sans Chinese,,V05,字体与排印 / 字体分类,笔画均匀、无衬线的中文现代字体。,黑体 的字形结构、衬线与气质特征。,选用该类字体定调时引用。,字体;排印,,,平面;字体,互联网研究整理,published,V1.0
V05_T0011,楷体,Kai Chinese,,V05,字体与排印 / 字体分类,仿手写楷书、端庄正式的中文字体。,楷体 的字形结构、衬线与气质特征。,选用该类字体定调时引用。,字体;排印,,,平面;字体,互联网研究整理,published,V1.0
V05_T0012,书法字体,Calligraphy Type,,V05,字体与排印 / 字体分类,仿毛笔书法、带笔锋韵味的字体。,书法字体 的字形结构、衬线与气质特征。,选用该类字体定调时引用。,字体;排印,,,平面;字体,互联网研究整理,published,V1.0
V05_T0013,像素字体,Pixel Bitmap Font,,V05,字体与排印 / 字体分类,位图点阵风格、复古游戏感的字体。,像素字体 的字形结构、衬线与气质特征。,选用该类字体定调时引用。,字体;排印,,,平面;字体,互联网研究整理,published,V1.0
V05_T0014,可变字体,Variable Font,,V05,字体与排印 / 字体分类,单文件含多轴向可调的新型字体。,可变字体 的字形结构、衬线与气质特征。,选用该类字体定调时引用。,字体;排印,,,平面;字体,互联网研究整理,published,V1.0
V05_T0015,字重层级,Font Weight Hierarchy,,V05,字体与排印 / 排印属性,用粗细对比建立信息主次层级。,字重层级 对文字编排的节奏与可读性影响。,调整该排印属性时引用。,排印;版式,,,平面;排印,互联网研究整理,published,V1.0
V05_T0016,字距调整,Kerning Tracking,,V05,字体与排印 / 排印属性,调整字符间距以改善视觉平衡。,字距调整 对文字编排的节奏与可读性影响。,调整该排印属性时引用。,排印;版式,,,平面;排印,互联网研究整理,published,V1.0
V05_T0017,行距,Leading Line Spacing,,V05,字体与排印 / 排印属性,行与行之间的垂直间距控制。,行距 对文字编排的节奏与可读性影响。,调整该排印属性时引用。,排印;版式,,,平面;排印,互联网研究整理,published,V1.0
V05_T0018,字号层级,Type Scale Hierarchy,,V05,字体与排印 / 排印属性,用字号大小拉开标题到正文层级。,字号层级 对文字编排的节奏与可读性影响。,调整该排印属性时引用。,排印;版式,,,平面;排印,互联网研究整理,published,V1.0
V05_T0019,基线网格,Baseline Grid,,V05,字体与排印 / 排印属性,所有文字对齐的统一基线系统。,基线网格 对文字编排的节奏与可读性影响。,调整该排印属性时引用。,排印;版式,,,平面;排印,互联网研究整理,published,V1.0
V05_T0020,首字下沉,Drop Cap,,V05,字体与排印 / 排印属性,段首首字放大数倍的装饰手法。,首字下沉 对文字编排的节奏与可读性影响。,调整该排印属性时引用。,排印;版式,,,平面;排印,互联网研究整理,published,V1.0
V05_T0021,对齐排版,Text Alignment,,V05,字体与排印 / 排印属性,文本相对边界的排列方式。,对齐排版 对文字编排的节奏与可读性影响。,调整该排印属性时引用。,排印;版式,,,平面;排印,互联网研究整理,published,V1.0
V05_T0022,两端对齐,Justified Text,,V05,字体与排印 / 排印属性,左右两端同时齐整的规整排版。,两端对齐 对文字编排的节奏与可读性影响。,调整该排印属性时引用。,排印;版式,,,平面;排印,互联网研究整理,published,V1.0
V05_T0023,竖排,Vertical Typesetting,,V05,字体与排印 / 排印属性,自上而下、自右向左的竖向排版。,竖排 对文字编排的节奏与可读性影响。,调整该排印属性时引用。,排印;版式,,,平面;排印,互联网研究整理,published,V1.0
V05_T0024,文字环绕,Text Wrap,,V05,字体与排印 / 排印属性,文字沿图形边缘流动环绕。,文字环绕 对文字编排的节奏与可读性影响。,调整该排印属性时引用。,排印;版式,,,平面;排印,互联网研究整理,published,V1.0
V05_T0025,字偶距,Letter Spacing,,V05,字体与排印 / 排印属性,字母之间的水平间距控制。,字偶距 对文字编排的节奏与可读性影响。,调整该排印属性时引用。,排印;版式,,,平面;排印,互联网研究整理,published,V1.0
V05_T0026,网格系统,Grid System Layout,,V05,版式与网格,用栅格对齐元素的版式骨架。,网格系统 的网格结构与版面秩序感。,按该版式/网格编排画面。,版式;网格,,,平面;版式,互联网研究整理,published,V1.0
V05_T0027,瑞士国际主义,Swiss International Style,,V05,版式与网格,网格+无衬线+留白的功能主义版式。,瑞士国际主义 的网格结构与版面秩序感。,按该版式/网格编排画面。,版式;网格,,,平面;版式,互联网研究整理,published,V1.0
V05_T0028,黄金比例版式,Golden Ratio Layout,,V05,版式与网格,按1:1.618比例分割的版面。,黄金比例版式 的网格结构与版面秩序感。,按该版式/网格编排画面。,版式;网格,,,平面;版式,互联网研究整理,published,V1.0
V05_T0029,对齐,Alignment Ordered,,V05,版式与网格,元素沿统一参考线整齐排列。,对齐 的网格结构与版面秩序感。,按该版式/网格编排画面。,版式;网格,,,平面;版式,互联网研究整理,published,V1.0
V05_T0030,留白,White Space Negative,,V05,版式与网格,刻意留出的呼吸空隙。,留白 的网格结构与版面秩序感。,按该版式/网格编排画面。,版式;网格,,,平面;版式,互联网研究整理,published,V1.0
V05_T0031,分栏,Multi-column Layout,,V05,版式与网格,文字纵向分多栏排布。,分栏 的网格结构与版面秩序感。,按该版式/网格编排画面。,版式;网格,,,平面;版式,互联网研究整理,published,V1.0
V05_T0032,对称布局,Symmetrical Layout,,V05,版式与网格,左右镜像的庄重版式。,对称布局 的网格结构与版面秩序感。,按该版式/网格编排画面。,版式;网格,,,平面;版式,互联网研究整理,published,V1.0
V05_T0033,非对称布局,Asymmetrical Dynamic Layout,,V05,版式与网格,不平衡但富有张力的动态版式。,非对称布局 的网格结构与版面秩序感。,按该版式/网格编排画面。,版式;网格,,,平面;版式,互联网研究整理,published,V1.0
V05_T0034,模块化版式,Modular Grid,,V05,版式与网格,按等大模块拼接的版式。,模块化版式 的网格结构与版面秩序感。,按该版式/网格编排画面。,版式;网格,,,平面;版式,互联网研究整理,published,V1.0
V05_T0035,杂志版式,Editorial Magazine Layout,,V05,版式与网格,图文混排、节奏丰富的杂志版式。,杂志版式 的网格结构与版面秩序感。,按该版式/网格编排画面。,版式;网格,,,平面;版式,互联网研究整理,published,V1.0
V05_T0036,拼贴版式,Collage Layout,,V05,版式与网格,多元素层叠撕贴的拼贴感版式。,拼贴版式 的网格结构与版面秩序感。,按该版式/网格编排画面。,版式;网格,,,平面;版式,互联网研究整理,published,V1.0
V05_T0037,满版出血,Full Bleed Layout,,V05,版式与网格,图像铺满到页面裁切边缘。,满版出血 的网格结构与版面秩序感。,按该版式/网格编排画面。,版式;网格,,,平面;版式,互联网研究整理,published,V1.0
V05_T0038,网格破坏,Broken Grid,,V05,版式与网格,刻意打破网格的自由版式。,网格破坏 的网格结构与版面秩序感。,按该版式/网格编排画面。,版式;网格,,,平面;版式,互联网研究整理,published,V1.0
V05_T0039,黄金螺旋版式,Golden Spiral Layout,,V05,版式与网格,沿黄金螺旋引导视线的版式。,黄金螺旋版式 的网格结构与版面秩序感。,按该版式/网格编排画面。,版式;网格,,,平面;版式,互联网研究整理,published,V1.0
V05_T0040,字标logo,Wordmark Logo,,V05,品牌视觉,纯文字设计的标志。,字标logo 的品牌识别风格与视觉系统特征。,构建品牌视觉时引用。,品牌;VI,,,平面;品牌,互联网研究整理,published,V1.0
V05_T0041,图形标志,Abstract Logomark,,V05,品牌视觉,抽象图形符号的标志。,图形标志 的品牌识别风格与视觉系统特征。,构建品牌视觉时引用。,品牌;VI,,,平面;品牌,互联网研究整理,published,V1.0
V05_T0042,徽章logo,Emblem Badge Logo,,V05,品牌视觉,文字嵌于图形内的徽记标志。,徽章logo 的品牌识别风格与视觉系统特征。,构建品牌视觉时引用。,品牌;VI,,,平面;品牌,互联网研究整理,published,V1.0
V05_T0043,组合标志,Combination Mark,,V05,品牌视觉,文字与图形组合的标志。,组合标志 的品牌识别风格与视觉系统特征。,构建品牌视觉时引用。,品牌;VI,,,平面;品牌,互联网研究整理,published,V1.0
V05_T0044,字母标,Lettermark Monogram,,V05,品牌视觉,首字母缩写设计的标志。,字母标 的品牌识别风格与视觉系统特征。,构建品牌视觉时引用。,品牌;VI,,,平面;品牌,互联网研究整理,published,V1.0
V05_T0045,品牌主色,Brand Color Palette,,V05,品牌视觉,品牌固定的核心色彩规范。,品牌主色 的品牌识别风格与视觉系统特征。,构建品牌视觉时引用。,品牌;VI,,,平面;品牌,互联网研究整理,published,V1.0
V05_T0046,VI系统,Visual Identity System,,V05,品牌视觉,统管品牌所有视觉的系统规范。,VI系统 的品牌识别风格与视觉系统特征。,构建品牌视觉时引用。,品牌;VI,,,平面;品牌,互联网研究整理,published,V1.0
V05_T0047,吉祥物,Brand Mascot,,V05,品牌视觉,拟人化形象代言品牌。,吉祥物 的品牌识别风格与视觉系统特征。,构建品牌视觉时引用。,品牌;VI,,,平面;品牌,互联网研究整理,published,V1.0
V05_T0048,辅助图形,Brand Graphic Pattern,,V05,品牌视觉,品牌延展用的辅助纹样。,辅助图形 的品牌识别风格与视觉系统特征。,构建品牌视觉时引用。,品牌;VI,,,平面;品牌,互联网研究整理,published,V1.0
V05_T0049,品牌字体,Brand Typeface,,V05,品牌视觉,品牌专属或指定的字体。,品牌字体 的品牌识别风格与视觉系统特征。,构建品牌视觉时引用。,品牌;VI,,,平面;品牌,互联网研究整理,published,V1.0
V05_T0050,极简海报,Minimalist Poster,,V05,海报与广告,大量留白、少元素的极简海报。,极简海报 的版面冲击力与诉求表达风格。,设计该类海报/广告时引用。,海报;广告,,,平面;海报,互联网研究整理,published,V1.0
V05_T0051,瑞士海报,Swiss Grid Poster,,V05,海报与广告,网格严谨、字体主导的瑞士风海报。,瑞士海报 的版面冲击力与诉求表达风格。,设计该类海报/广告时引用。,海报;广告,,,平面;海报,互联网研究整理,published,V1.0
V05_T0052,拼贴海报,Collage Poster,,V05,海报与广告,多素材层叠拼贴的海报。,拼贴海报 的版面冲击力与诉求表达风格。,设计该类海报/广告时引用。,海报;广告,,,平面;海报,互联网研究整理,published,V1.0
V05_T0053,大字标题海报,Big Typographic Poster,,V05,海报与广告,巨型字体为视觉主体的海报。,大字标题海报 的版面冲击力与诉求表达风格。,设计该类海报/广告时引用。,海报;广告,,,平面;海报,互联网研究整理,published,V1.0
V05_T0054,主视觉,Hero Key Visual,,V05,海报与广告,广告活动的核心主图。,主视觉 的版面冲击力与诉求表达风格。,设计该类海报/广告时引用。,海报;广告,,,平面;海报,互联网研究整理,published,V1.0
V05_T0055,复古海报,Vintage Retro Poster,,V05,海报与广告,怀旧质感与配色的旧式海报。,复古海报 的版面冲击力与诉求表达风格。,设计该类海报/广告时引用。,海报;广告,,,平面;海报,互联网研究整理,published,V1.0
V05_T0056,电影海报,Movie Poster,,V05,海报与广告,突出影片明星与氛围的宣传海报。,电影海报 的版面冲击力与诉求表达风格。,设计该类海报/广告时引用。,海报;广告,,,平面;海报,互联网研究整理,published,V1.0
V05_T0057,音乐节海报,Music Festival Poster,,V05,海报与广告,强视觉冲击的演出海报。,音乐节海报 的版面冲击力与诉求表达风格。,设计该类海报/广告时引用。,海报;广告,,,平面;海报,互联网研究整理,published,V1.0
V05_T0058,日式海报,Japanese Poster Design,,V05,海报与广告,留白与禅意并存的日式海报。,日式海报 的版面冲击力与诉求表达风格。,设计该类海报/广告时引用。,海报;广告,,,平面;海报,互联网研究整理,published,V1.0
V05_T0059,孟菲斯海报,Memphis Style Poster,,V05,海报与广告,几何撞色、活泼的孟菲斯风海报。,孟菲斯海报 的版面冲击力与诉求表达风格。,设计该类海报/广告时引用。,海报;广告,,,平面;海报,互联网研究整理,published,V1.0
V05_T0060,渐变海报,Gradient Poster,,V05,海报与广告,以渐变色彩为主体的海报。,渐变海报 的版面冲击力与诉求表达风格。,设计该类海报/广告时引用。,海报;广告,,,平面;海报,互联网研究整理,published,V1.0
V05_T0061,故障海报,Glitch Poster,,V05,海报与广告,数字故障错位的破坏感海报。,故障海报 的版面冲击力与诉求表达风格。,设计该类海报/广告时引用。,海报;广告,,,平面;海报,互联网研究整理,published,V1.0
V05_T0062,信息图,Infographic,,V05,信息设计,图文结合可视化解释信息。,信息图 的信息层级、图示与可读性表现。,做信息/数据可视化时引用。,信息设计;可视化,,,平面;信息,互联网研究整理,published,V1.0
V05_T0063,图表,Data Chart,,V05,信息设计,用图形量化展示数据的图。,图表 的信息层级、图示与可读性表现。,做信息/数据可视化时引用。,信息设计;可视化,,,平面;信息,互联网研究整理,published,V1.0
V05_T0064,数据可视化,Data Visualization,,V05,信息设计,把数据转为可视图形的表达。,数据可视化 的信息层级、图示与可读性表现。,做信息/数据可视化时引用。,信息设计;可视化,,,平面;信息,互联网研究整理,published,V1.0
V05_T0065,图标系统,Icon Set,,V05,信息设计,风格统一的一套图标。,图标系统 的信息层级、图示与可读性表现。,做信息/数据可视化时引用。,信息设计;可视化,,,平面;信息,互联网研究整理,published,V1.0
V05_T0066,标识系统,Wayfinding Signage,,V05,信息设计,引导方向的空间标识系统。,标识系统 的信息层级、图示与可读性表现。,做信息/数据可视化时引用。,信息设计;可视化,,,平面;信息,互联网研究整理,published,V1.0
V05_T0067,流程图,Flowchart,,V05,信息设计,用符号与连线表示流程。,流程图 的信息层级、图示与可读性表现。,做信息/数据可视化时引用。,信息设计;可视化,,,平面;信息,互联网研究整理,published,V1.0
V05_T0068,地图设计,Map Design,,V05,信息设计,地理信息可视化的地图。,地图设计 的信息层级、图示与可读性表现。,做信息/数据可视化时引用。,信息设计;可视化,,,平面;信息,互联网研究整理,published,V1.0
V05_T0069,时间线,Timeline Graphic,,V05,信息设计,按时间顺序排列事件的图。,时间线 的信息层级、图示与可读性表现。,做信息/数据可视化时引用。,信息设计;可视化,,,平面;信息,互联网研究整理,published,V1.0
V05_T0070,仪表盘,Dashboard UI,,V05,信息设计,汇总关键指标的可视化面板。,仪表盘 的信息层级、图示与可读性表现。,做信息/数据可视化时引用。,信息设计;可视化,,,平面;信息,互联网研究整理,published,V1.0
V05_T0071,CMYK印刷,CMYK Print,,V05,印刷工艺,青品黄黑四色减色叠加的印刷成色方式。,CMYK印刷 工艺带来的纸面质感与光泽肌理。,表现该印刷工艺质感时引用。,印刷;工艺,,,平面;印刷,互联网研究整理,published,V1.0
V05_T0072,专色印刷,Pantone Spot Color,,V05,印刷工艺,用预设专色油墨精准还原特定色。,专色印刷 工艺带来的纸面质感与光泽肌理。,表现该印刷工艺质感时引用。,印刷;工艺,,,平面;印刷,互联网研究整理,published,V1.0
V05_T0073,烫金,Gold Foil Stamping,,V05,印刷工艺,加压烫覆金属箔的金属光泽工艺。,烫金 工艺带来的纸面质感与光泽肌理。,表现该印刷工艺质感时引用。,印刷;工艺,,,平面;印刷,互联网研究整理,published,V1.0
V05_T0074,UV局部光油,Spot UV Gloss,,V05,印刷工艺,局部涂UV光油的亮泽凸起工艺。,UV局部光油 工艺带来的纸面质感与光泽肌理。,表现该印刷工艺质感时引用。,印刷;工艺,,,平面;印刷,互联网研究整理,published,V1.0
V05_T0075,压凹凸,Emboss Deboss,,V05,印刷工艺,加压做出凹凸立体触感的工艺。,压凹凸 工艺带来的纸面质感与光泽肌理。,表现该印刷工艺质感时引用。,印刷;工艺,,,平面;印刷,互联网研究整理,published,V1.0
V05_T0076,特种纸,Textured Specialty Paper,,V05,印刷工艺,带特殊纹理或质感的印刷用纸。,特种纸 工艺带来的纸面质感与光泽肌理。,表现该印刷工艺质感时引用。,印刷;工艺,,,平面;印刷,互联网研究整理,published,V1.0
V05_T0077,出血,Print Bleed,,V05,印刷工艺,图像超出裁切线避免露白的预留。,出血 工艺带来的纸面质感与光泽肌理。,表现该印刷工艺质感时引用。,印刷;工艺,,,平面;印刷,互联网研究整理,published,V1.0
V05_T0078,Riso孔版,Risograph Print,,V05,印刷工艺,油墨套色的孔版印刷质感。,Riso孔版 工艺带来的纸面质感与光泽肌理。,表现该印刷工艺质感时引用。,印刷;工艺,,,平面;印刷,互联网研究整理,published,V1.0
V05_T0079,丝网印刷,Screen Print,,V05,印刷工艺,丝网漏印的平面印刷工艺。,丝网印刷 工艺带来的纸面质感与光泽肌理。,表现该印刷工艺质感时引用。,印刷;工艺,,,平面;印刷,互联网研究整理,published,V1.0
V05_T0080,击凸,Embossing,,V05,印刷工艺,从背面加压顶出凸起的工艺。,击凸 工艺带来的纸面质感与光泽肌理。,表现该印刷工艺质感时引用。,印刷;工艺,,,平面;印刷,互联网研究整理,published,V1.0
V05_T0081,镂空,Die Cut,,V05,印刷工艺,模切出透空形状的工艺。,镂空 工艺带来的纸面质感与光泽肌理。,表现该印刷工艺质感时引用。,印刷;工艺,,,平面;印刷,互联网研究整理,published,V1.0
V05_T0082,覆膜,Lamination,,V05,印刷工艺,表面覆塑料薄膜的保护工艺。,覆膜 工艺带来的纸面质感与光泽肌理。,表现该印刷工艺质感时引用。,印刷;工艺,,,平面;印刷,互联网研究整理,published,V1.0
V12_T0053,24帧动画,24fps Animation,30帧动画,V12,动画基础 / 帧率,24帧动画，电影标准帧率，流畅且有电影质感。在动画制作中用于控制运动流畅度、视觉风格和观看体验。,流畅自然、电影感。,用于电影级动画项目。,电影动画;流畅,动画;帧率;24fps,,30帧动画;12帧动画,整理,published,V1.0
V12_T0054,30帧动画,30fps Animation,24帧动画,V12,动画基础 / 帧率,30帧动画，电视和网络视频常用帧率，高流畅度。在动画制作中用于控制运动流畅度、视觉风格和观看体验。,高流畅、清晰动作。,用于电视动画、网络视频。,电视动画;流畅,动画;帧率;30fps,,24帧动画;60帧动画,整理,published,V1.0
V12_T0055,60帧动画,60fps Animation,,V12,动画基础 / 帧率,60帧动画，超高流畅度帧率，常用于游戏和高速运动。在动画制作中用于控制运动流畅度、视觉风格和观看体验。,极致流畅、无顿挫。,用于游戏动画、体育场景。,游戏动画;高速,动画;帧率;60fps,,30帧动画;120帧动画,整理,published,V1.0
V12_T0056,12帧动画,12fps Animation,15帧动画,V12,动画基础 / 帧率,12帧动画，经典逐帧动画帧率，有明显顿挫感和手绘质感。在动画制作中用于控制运动流畅度、视觉风格和观看体验。,顿挫感、手绘质感。,用于传统手绘动画。,手绘动画;复古,动画;帧率;12fps,,24帧动画;8帧动画,整理,published,V1.0
V12_T0057,8帧动画,8fps Animation,,V12,动画基础 / 帧率,8帧动画，超低帧率，强烈顿挫感，极度风格化。在动画制作中用于控制运动流畅度、视觉风格和观看体验。,强烈顿挫、实验性。,用于实验动画、像素风格。,实验动画;像素,动画;帧率;8fps,,12帧动画;6帧动画,整理,published,V1.0
V12_T0058,线性曲线,Linear Curve,,V12,动画基础 / 动画曲线,线性曲线，匀速运动曲线，无加减速。在动画制作中用于控制运动流畅度、视觉风格和观看体验。,机械匀速、无惯性。,用于机械运动、特殊效果。,机械动画;曲线,动画;曲线;线性,,贝塞尔曲线;缓入缓出,整理,published,V1.0
V12_T0059,贝塞尔曲线,Bezier Curve,,V12,动画基础 / 动画曲线,贝塞尔曲线，可自由调节控制点的平滑曲线，实现自定义缓动。在动画制作中用于控制运动流畅度、视觉风格和观看体验。,自由可调、平滑过渡。,用于所有需要缓动的动画。,动画曲线;时间控制,动画;曲线;贝塞尔,,线性曲线;弹性曲线,整理,published,V1.0
V12_T0060,弹性曲线,Elastic Curve,,V12,动画基础 / 动画曲线,弹性曲线，超过目标后回弹的曲线，模拟弹簧效果。在动画制作中用于控制运动流畅度、视觉风格和观看体验。,超调回弹、弹性。,用于UI动画、弹性物体。,UI动画;弹性,动画;曲线;弹性,,贝塞尔曲线;反弹曲线,整理,published,V1.0
V12_T0061,反弹曲线,Bounce Curve,,V12,动画基础 / 动画曲线,反弹曲线，到达目标后多次小幅回弹并逐渐衰减的曲线。在动画制作中用于控制运动流畅度、视觉风格和观看体验。,多次回弹、衰减。,用于掉落、碰撞动画。,物理动画;碰撞,动画;曲线;反弹,,弹性曲线;贝塞尔曲线,整理,published,V1.0
V12_T0062,淡入淡出转场,Fade Transition,,V12,动态图形 / 转场类型,淡入淡出转场，前画面淡出、后画面淡入的柔和过渡。在动画制作中用于控制运动流畅度、视觉风格和观看体验。,柔和渐变、平滑衔接。,用于时间流逝、场景切换。,视频剪辑;转场,转场;淡化;MG,,推拉转场;擦除转场,整理,published,V1.0
V12_T0063,推拉转场,Push Transition,,V12,动态图形 / 转场类型,推拉转场，新画面推开旧画面的转场效果。在动画制作中用于控制运动流畅度、视觉风格和观看体验。,推挤位移、方向感强。,用于空间切换、画面替换。,视频剪辑;转场,转场;位移;MG,,淡入淡出;擦除转场,整理,published,V1.0
V12_T0064,擦除转场,Wipe Transition,,V12,动态图形 / 转场类型,擦除转场，新画面从一侧擦过遮住旧画面。在动画制作中用于控制运动流畅度、视觉风格和观看体验。,擦过遮挡、线性推进。,用于快速切换、节奏明快场景。,视频剪辑;转场,转场;擦除;MG,,推拉转场;淡入淡出,整理,published,V1.0
V12_T0065,旋转转场,Rotation Transition,,V12,动态图形 / 转场类型,旋转转场，画面旋转翻转切换到新画面。在动画制作中用于控制运动流畅度、视觉风格和观看体验。,旋转翻转、动感强烈。,用于节奏快、活力场景。,视频剪辑;转场,转场;旋转;MG,,缩放转场;擦除转场,整理,published,V1.0
V12_T0066,缩放转场,Zoom Transition,,V12,动态图形 / 转场类型,缩放转场，画面放大或缩小过渡到新画面。在动画制作中用于控制运动流畅度、视觉风格和观看体验。,放大缩小、聚焦感。,用于强调、焦点变化。,视频剪辑;转场,转场;缩放;MG,,旋转转场;淡入淡出,整理,published,V1.0
V12_T0067,分割转场,Split Transition,,V12,动态图形 / 转场类型,分割转场，画面从中间或多处分割展开新画面。在动画制作中用于控制运动流畅度、视觉风格和观看体验。,分割展开、层次感。,用于揭示、对比场景。,视频剪辑;转场,转场;分割;MG,,擦除转场;推拉转场,整理,published,V1.0
V06_T0211,朱殷,Zhuyin,胭脂朱,V06,色彩体系 / 中国传统色,朱殷是深红偏紫的暗赤色，源自古代军服与武将甲胄之色，色感深沉英武，与胭脂红的鲜艳娇媚迥然不同。,深红偏紫、深沉英武。,用于武将、军旅、深沉英武气质的暗赤配色。,传统色;军旅,,,色彩;中国色;红,zhongguose.com;nipponcolors.com,published,V1.0
V06_T0212,朱砂,Cinnabar,,V06,色彩体系 / 中国传统色,朱砂是硫化汞矿物的赤红色泽，古代印章、丹药与漆器主色，色浓艳带矿物厚重感。,浓艳赤红、矿物厚重、印章主色。,用于印章、丹药与古典漆器的赤红矿物色画面。,传统色;中国,,,色彩;中国色;红,zhongguose.com;nipponcolors.com,published,V1.0
V06_T0213,妃色,Fei Color,,V06,色彩体系 / 中国传统色,妃色是妃嫔服饰的淡粉红色，色暖柔嫩，古代宫廷女子妆容与服饰的常见色。,暖嫩粉红、宫廷女子色。,用于宫廷女子妆容与服饰的淡粉嫩红色画面。,传统色;中国,,,色彩;中国色;粉,zhongguose.com;nipponcolors.com,published,V1.0
V06_T0214,海天霞,Haitianxia,,V06,色彩体系 / 中国传统色,海天霞是海天交接处晚霞的粉橙色，色暖橙带粉调，呈现黄昏海天的浪漫光晕。,暖橙粉调、黄昏海天光晕。,用于黄昏海景与晚霞霞光的暖橙粉色画面。,传统色;中国,,,色彩;中国色;橙,zhongguose.com;nipponcolors.com,published,V1.0
V06_T0215,赭石,Ochre,,V06,色彩体系 / 中国传统色,赭石是含铁矿物颜料的黄褐色，国画山石与树皮主色，色沉稳带土黄。,黄褐土调、国画矿物、沉稳山石。,用于国画山石树皮的赭石黄褐色矿物颜料画面。,传统色;中国,,,色彩;中国色;褐,zhongguose.com;nipponcolors.com,published,V1.0
V06_T0216,秋香,Qiuxiang,,V06,色彩体系 / 中国传统色,秋香是秋天桂花的金黄色，色清雅偏暖黄，传达秋日沉静香气的意境色彩。,秋桂金黄、清雅暖黄、沉静香气。,用于秋景桂花与中式设计的金黄清雅色画面。,传统色;中国,,,色彩;中国色;黄,zhongguose.com;nipponcolors.com,published,V1.0
V06_T0217,缃叶,Xiang Ye,,V06,色彩体系 / 中国传统色,缃叶是浅黄微绿如纸张泛黄的叶片色，色淡黄带青调，呈现古籍书页的色泽。,浅黄青调、古纸泛黄、淡雅书卷。,用于古籍书页与田园场景的浅黄微绿色画面。,传统色;中国,,,色彩;中国色;黄,zhongguose.com;nipponcolors.com,published,V1.0
V06_T0218,松花,Songhua,,V06,色彩体系 / 中国传统色,松花是松树花粉的嫩黄绿色，色清新带春绿，传达春季生机的色彩意境。,嫩黄春绿、清新春季、花粉柔和。,用于春季植物与中式意境的嫩黄绿色嫩调画面。,传统色;中国,,,色彩;中国色;绿,zhongguose.com;nipponcolors.com,published,V1.0
V06_T0219,竹青,Bamboo Green,,V06,色彩体系 / 中国传统色,竹青是竹子的青翠绿色，色清雅高洁、带冷调翠感，喻君子高风亮节。,青翠绿调、清雅高洁、冷翠君子。,用于竹子与君子喻意的青翠冷绿色画面。,传统色;中国,,,色彩;中国色;绿,zhongguose.com;nipponcolors.com,published,V1.0
V06_T0220,松柏绿,Pine Green,,V06,色彩体系 / 中国传统色,松柏绿是松柏常青的深绿色，色浓绿沉稳带冷暗调，象征长寿与坚贞气节。,深浓绿调、常青沉稳、长寿气节。,用于松柏常青意象与长寿主题的深绿沉稳色画面。,传统色;中国,,,色彩;中国色;绿,zhongguose.com;nipponcolors.com,published,V1.0
V06_T0221,碧山,Bishan,,V06,色彩体系 / 中国传统色,碧山是远山的青碧绿色，色青碧带雾感朦胧，山水画意境中常见的远山主色。,青碧雾感、远山朦胧、山水意境。,用于山水远景与水墨青绿山色的青碧朦胧画面。,传统色;中国,,,色彩;中国色;青,zhongguose.com;nipponcolors.com,published,V1.0
V06_T0222,月白,Moonlight White,,V06,色彩体系 / 中国传统色,月白是月光的淡青白色，色冷清素雅偏蓝白，传达月夜清冷的清雅意境。,冷青白调、月夜清冷、素雅淡白。,用于月夜场景与冷调人物的淡青白月色画面。,传统色;中国,,,色彩;中国色;白,zhongguose.com;nipponcolors.com,published,V1.0
V06_T0223,群青,Ultramarine,,V06,色彩体系 / 中国传统色,群青是含青金石矿物的深蓝色，色艳透沉稳、国画与西画传统蓝主色，是稀有天然颜料。,深蓝稳重、矿物色艳、传统稀贵。,用于国画青绿山水与西画圣母衣袍的群青矿物蓝画面。,传统色;中国,,,色彩;中国色;蓝,zhongguose.com;nipponcolors.com,published,V1.0
V06_T0224,靛蓝,Indigo,,V06,色彩体系 / 中国传统色,靛蓝是蓝草植物染料浸提的深蓝色，色沉静深邃带紫调，传统染色工艺的代表蓝。,深蓝紫调、染料沉静、传统蓝染。,用于传统蓝染织物与民族服饰的靛蓝深蓝画面。,传统色;中国,,,色彩;中国色;蓝,zhongguose.com;nipponcolors.com,published,V1.0
V06_T0225,花青,Flower Blue,,V06,色彩体系 / 中国传统色,花青是青花瓷的蓝色，色清雅柔和带灰青调，瓷器主绘与国画花鸟常用色。,蓝灰清雅、青花瓷绘、柔和主色。,用于青花瓷纹饰与国画花鸟的花青灰青蓝画面。,传统色;中国,,,色彩;中国色;蓝,zhongguose.com;nipponcolors.com,published,V1.0
V06_T0226,雪青,Snow Blue,,V06,色彩体系 / 中国传统色,雪青是初雪的淡蓝紫色，色清冷纯净带紫调，传达冬雪初降的清冽静谧。,淡蓝紫调、清冷纯净、初雪静谧。,用于冬雪初降与清冷意境的淡蓝紫色画面。,传统色;中国,,,色彩;中国色;紫,zhongguose.com;nipponcolors.com,published,V1.0
V06_T0227,紫棠,Zitang,,V06,色彩体系 / 中国传统色,紫棠是紫色海棠花的深紫红色，色浓紫带棠调，呈现海棠盛艳的深沉色调。,深紫红调、海棠盛艳、浓紫沉稳。,用于海棠花卉与深沉紫红人物服饰的画面。,传统色;中国,,,色彩;中国色;紫,zhongguose.com;nipponcolors.com,published,V1.0
V06_T0228,丁香淡紫,Lilac Pale,,V06,色彩体系 / 中国传统色,丁香淡紫是丁香花的浅紫色，色清雅花香带柔紫调，传达春日清雅柔和的花色意境。,浅紫柔调、春日花香、清雅柔和。,用于春日丁香花卉与清雅柔和意境的浅紫画面。,传统色;中国,,,色彩;中国色;紫,zhongguose.com;nipponcolors.com,published,V1.0
V06_T0229,黛绿,Dai Green,,V06,色彩体系 / 中国传统色,黛绿是黛色黑青带绿的深色，古代女子画眉的主色，色深沉玄妙带冷绿调。,黑青带绿、深色画眉、玄妙冷调。,用于古代女子眉妆与山水黛色的深沉冷绿画面。,传统色;中国,,,色彩;中国色;黑,zhongguose.com;nipponcolors.com,published,V1.0
V06_T0230,玄青,Xuan Cyan,,V06,色彩体系 / 中国传统色,玄青是深邃的黑青色，色深玄远、墨青难辨，传达玄妙深远的道家色彩意境。,深黑青调、玄妙深远、墨青难辨。,用于道家玄妙主题与深夜玄青意境的深黑青画面。,传统色;中国,,,色彩;中国色;黑,zhongguose.com;nipponcolors.com,published,V1.0
V06_T0231,樱色,Sakura,,V06,色彩体系 / 日本传统色,樱色是樱花的淡粉色，色嫩柔春意，日本文化中代表生命短暂与物哀美学的象征色。,淡粉嫩柔、春樱物哀、日本象征。,用于樱花季与日式物哀主题的淡粉樱花色画面。,传统色;日本,,,色彩;日本色;粉,zhongguose.com;nipponcolors.com,published,V1.0
V06_T0232,梅鼠,Ume Nezumi,,V06,色彩体系 / 日本传统色,梅鼠是梅花色调的灰粉色，色雅致内敛带灰调，传递日式枯淡美学的内敛色调。,灰粉雅致、内敛枯淡、日式色调。,用于日式枯淡美学与内敛服饰的灰粉梅画面。,传统色;日本,,,色彩;日本色;灰,zhongguose.com;nipponcolors.com,published,V1.0
V06_T0233,鸢色,Tobi,,V06,色彩体系 / 日本传统色,鸢色是老鹰羽毛的红褐色，色沉稳大气带棕调，传达猛禽羽毛的厚重色调。,红褐棕调、猛禽羽毛、沉稳大气。,用于猛禽羽毛与厚重棕调场景的红褐色画面。,传统色;日本,,,色彩;日本色;褐,zhongguose.com;nipponcolors.com,published,V1.0
V06_T0234,山吹色,Yamabuki,,V06,色彩体系 / 日本传统色,山吹色是山吹花的金黄色，色明亮灿烂金黄，日本传统色中代表春日山吹盛放。,金黄灿烂、春日山吹、明亮耀眼。,用于春日山吹花与中式日式金黄的明亮画面。,传统色;日本,,,色彩;日本色;黄,zhongguose.com;nipponcolors.com,published,V1.0
V06_T0235,萌黄,Moegi,,V06,色彩体系 / 日本传统色,萌黄是新芽的嫩黄绿色，色生机勃勃带柔绿调，传达新生命与春季萌发的色彩。,嫩黄柔绿、新芽萌发、生机盎然。,用于新芽萌发与春季生机的嫩黄绿色画面。,传统色;日本,,,色彩;日本色;绿,zhongguose.com;nipponcolors.com,published,V1.0
V06_T0236,若竹色,Wakatake,,V06,色彩体系 / 日本传统色,若竹色是嫩竹的青绿色，色清新淡雅带青调，传达初春嫩竹的清新淡雅意境。,青绿淡雅、嫩竹初春、清新若竹。,用于初春嫩竹与清新淡雅意境的青绿嫩色画面。,传统色;日本,,,色彩;日本色;绿,zhongguose.com;nipponcolors.com,published,V1.0
V06_T0237,浅葱色,Asagi,,V06,色彩体系 / 日本传统色,浅葱色是浅葱的淡青绿色，色清爽淡雅带清凉调，是日本传统色中的清新浅蓝绿。,淡青绿调、清爽清凉、浅葱清新。,用于初夏清爽意境与浅青调服饰的淡青绿色画面。,传统色;日本,,,色彩;日本色;青,zhongguose.com;nipponcolors.com,published,V1.0
V06_T0238,瑠璃色,Ruri,,V06,色彩体系 / 日本传统色,瑠璃色是琉璃宝石的深蓝色，色神秘尊贵带透光感，源自佛教七宝之一的色名。,深蓝透光、神秘尊贵、琉璃宝石。,用于琉璃宝石与神秘尊贵场景的深蓝透光画面。,传统色;日本,,,色彩;日本色;蓝,zhongguose.com;nipponcolors.com,published,V1.0
V06_T0239,藤色,Fuji,,V06,色彩体系 / 日本传统色,藤色是紫藤花的淡紫色，色优雅浪漫带柔紫调，是日本传统色中代表初夏藤花盛开的色彩。,淡紫柔调、初夏藤花、优雅浪漫。,用于初夏藤花与优雅紫色意境的淡紫画面。,传统色;日本,,,色彩;日本色;紫,zhongguose.com;nipponcolors.com,published,V1.0
V06_T0260,桔梗色,Kikyo,,V06,色彩体系 / 日本传统色,桔梗色是桔梗花的蓝紫色，色清雅脱俗带冷调，是日本传统色中秋季桔梗盛开的代表色。,蓝紫冷调、清雅脱俗、桔梗秋花。,用于秋季桔梗花与清雅冷调意境的蓝紫色画面。,传统色;日本,,,色彩;日本色;紫,zhongguose.com;nipponcolors.com,published,V1.0
V01_T0189,街头摄影,Street Photography,,V01,摄影题材,街头摄影是在公共街拍中捕捉真实瞬间与偶然巧合的纪实摄影风格，注重决定性瞬间、城市人文与不动声色的观察。,决定性瞬间、纪实抓拍、城市人文。,用于纪实城市人文场景的街头真实抓拍画面。,纪实;城市,,,摄影;街拍,Civitai;Midjourney;网络提示词库,published,V1.0
V01_T0190,长曝光,Long Exposure,,V01,摄影技术,长曝光是使用慢速快门记录移动元素形成光轨或运动模糊的摄影手法，使车流成光绘、星成轨、水成丝绢。,光轨丝滑、运动模糊、慢速流光。,用于夜景车流光轨、星轨与丝绸流水的慢速长曝画面。,夜景;长曝,,,摄影;曝光,Civitai;Midjourney;网络提示词库,published,V1.0
V01_T0191,HDR摄影,HDR Photography,,V01,摄影技术,HDR摄影是高动态范围合成多张不同曝光照片的技术，使明暗同存、保留高光暗部细节，常用于强对比风光建筑。,明暗并存、细节丰满、层次分明。,用于强逆光风光建筑保留明暗细节的HDR合成画面。,风光;HDR,,,摄影;HDR,Civitai;Midjourney;网络提示词库,published,V1.0
V02_T0120,电影感,Cinematic,,V02,电影风格,电影感是综合宽银幕、浅景深、电影布光、青橙调与24帧运动模糊等因素的总体电影质感，传达专业叙事性与影院级观感。,宽幅浅景深、电影布光、叙事质感。,用于要求影院级电影质感与叙事性的电影化场景画面。,电影;电影感,,,电影;质感,Civitai;Midjourney;网络提示词库,published,V1.0
V02_T0121,电影级照明,Cinematic Lighting,,V02,电影布光,电影级照明是好莱坞专业制作级的三点布光与动机光结合的高规格布光，主辅轮廓层次分明配合场景动机营造戏剧立体与高级质感。,三灯协塑、动机合理、戏剧立体。,用于好莱坞级人像特写与电影场景的高级戏剧布光画面。,布光;电影级照明,,,电影;布光,Civitai;Midjourney;网络提示词库,published,V1.0
V03_T0118,新海诚风格,Makoto Shinkai Style,,V03,代表性风格 / 动画导演,新海诚风格是新海诚动画电影的写意光影唯美风格，天空云层细腻、剪影逆光与黄昏色温柔光是其标志。,云层细腻、剪影逆光、黄昏柔光。,用于唯美动画与黄昏柔光场景的新海诚风格画面。,动画;新海诚,,,艺术;动画,Civitai;Midjourney;网络提示词库,published,V1.0
V03_T0119,宫崎骏风格,Hayao Miyazaki Style,,V03,代表性风格 / 动画导演,宫崎骏风格是宫崎骏手绘动画的温暖治愈奇幻风，手绘粗线、自然绿色与少女冒险主题是其视觉核心。,手绘粗线、自然绿调、少女治愈。,用于吉卜力式治愈奇幻场景的宫崎骏手绘风格画面。,动画;吉卜力,,,艺术;吉卜力,Civitai;Midjourney;网络提示词库,published,V1.0
V03_T0120,水墨风,Ink Wash Painting,,V03,绘画媒介,水墨风是中国传统水墨画的晕染写意风格，以墨分五色浓淡干湿表现山水意境，留白与晕染是其标志。,墨分五色、晕染写意、留白意境。,用于国风山水与写意花鸟的水墨晕染留白画面。,国风;水墨,,,艺术;水墨,Civitai;Midjourney;网络提示词库,published,V1.0
V08_T0128,8K分辨率,8K Resolution,,V08,质量修饰词,8K分辨率是7680×4320的超高清分辨率要求，是4K的4倍细节，用于要求极高细节的高端壁纸与商业作品。,7680×4320超清、4倍4K细节。,用于要求极致细节的高清壁纸与商业作品的8K超清画面。,高清;8K,,,提示词;分辨率,Civitai;Midjourney;网络提示词库,published,V1.0
V08_T0129,ArtStation风格,ArtStation Trending,,V08,平台风格,ArtStation风格是ArtStation平台热门的概念艺术风格，专业完成度高、光影戏剧、注重材质与角色设计。,概念艺术感、专业完成度、戏剧光影。,用于概念设计与游戏原画的ArtStation专业质感画面。,概念;ArtStation,,,提示词;平台,Civitai;Midjourney;网络提示词库,published,V1.0
V08_T0131,超细节,Extremely Detailed,,V08,质量修饰词,超细节是要求极致细节刻画的质量提示词，引导模型增强纹理、毛孔、布料与材质微细层次使其纤毫毕现。,纤毫毕现、纹理密集、毛孔细致。,用于要求极致细节与材质纹理的高质量生成画面。,细节;质量,,,提示词;质量,Civitai;Midjourney;网络提示词库,published,V1.0
V08_T0132,Greg Rutkowski风格,Greg Rutkowski Style,,V08,艺术家风格,Greg Rutkowski风格是波兰概念艺术家Greg Rutkowski的奇幻史诗风格，戏剧光影与繁复铠甲场景是其标志，是早期SD训练宠儿。,奇幻史诗、戏剧光影、繁复铠甲。,用于奇幻史诗概念艺术的Greg Rutkowski风格画面。,奇幻;概念,,,提示词;艺术家,Civitai;Midjourney;网络提示词库,published,V1.0
V08_T0133,Artgerm风格,Artgerm Style,,V08,艺术家风格,Artgerm风格是Stanley Lau的精致人物插画风格，肌肤光泽细腻、色彩明快、角色设计感强，适合美女与角色立绘。,光泽肌肤、明快色彩、精致立绘。,用于精致人物立绘与美女插画的Artgerm风格画面。,人物;插画,,,提示词;艺术家,Civitai;Midjourney;网络提示词库,published,V1.0
V14_T0064,DPM++2M Karras,DPM++2M Karras,,V14,采样器,DPM++2M Karras是DPM++2M算法配Karras噪声表的采样器，平衡质量与速度，收敛稳定是SD日常主流首选。,平衡质量速度、收敛稳定、日常主流。,用于大多数SD图像生成的平衡质量速度采样。,采样;DPM++,,,AI;采样器,Civitai;Midjourney;网络提示词库,published,V1.0
V14_T0065,Euler a,Euler Ancestral,,V14,采样器,Euler a是Euler祖先采样器，创意性强随机性高但收敛不稳定，步数少即可出图适合探索与创意发散生成。,创意发散、随机高、低步快出。,用于探索性创意生成与初期发散的Euler a采样。,采样;Euler,,,AI;采样器,Civitai;Midjourney;网络提示词库,published,V1.0
V14_T0066,ControlNet Canny,ControlNet Canny,,V14,控制方式,ControlNet Canny是基于Canny边缘检测的ControlNet控制模式，提取图像边缘精准约束生成结构，用于线稿转绘与造型保持。,边缘精准、结构保持、线稿转绘。,用于以边缘精准约束生成结构的ControlNet Canny控制。,ControlNet;Canny,,,AI;ControlNet,Civitai;Midjourney;网络提示词库,published,V1.0
V14_T0067,ControlNet Depth,ControlNet Depth,,V14,控制方式,ControlNet Depth是基于深度图的ControlNet控制模式，以深度信息约束空间结构与远近层次，用于3D转2D与空间透视保持。,深度保持、空间准确、远近层次。,用于以深度图约束空间结构的ControlNet Depth控制。,ControlNet;深度,,,AI;ControlNet,Civitai;Midjourney;网络提示词库,published,V1.0
V14_T0068,ControlNet OpenPose,ControlNet OpenPose,,V14,控制方式,ControlNet OpenPose是基于骨骼姿态关键点的ControlNet控制模式，以骨架约束人物姿势动作，用于可控人物绘制。,姿态精准、骨骼约束、姿势可控。,用于以骨骼关键点约束人物姿势的ControlNet OpenPose控制。,ControlNet;OpenPose,,,AI;ControlNet,Civitai;Midjourney;网络提示词库,published,V1.0
V15_T0072,Lo-Fi美学,Lo-Fi Aesthetic,,V15,网络美学,Lo-Fi美学是低保真复古的视听美学，颗粒噪点、暖色偏低饱和与磁带劣化质感是其标志，传达温暖怀旧氛围。,颗粒噪点、暖色低饱和、磁带怀旧。,用于插画音乐封面与怀旧氛围的Lo-Fi低保真画面。,美学;Lo-Fi,,,风格;Lo-Fi,Civitai;Midjourney;网络提示词库,published,V1.0
V15_T0073,暗黑学院风,Dark Academia,,V15,网络美学,暗黑学院风是古典学术与哥特美学结合的深沉文艺风，深棕皮革、拉丁字体与烛光书卷是其标志，传达学究暗黑氛围。,深棕皮革、拉丁烛光、学究暗黑。,用于学院图书馆与文艺暗黑场景的暗黑学院风画面。,美学;学院,,,风格;Dark Academia,Civitai;Midjourney;网络提示词库,published,V1.0
V15_T0074,赛璐珞动画,Cel Animation,,V15,视觉风格,赛璐珞动画是传统手绘动画的平涂高饱和风格，色块平整边缘锐利、阴影色阶分明，是90年代日式动画标志质感。,平涂色块、边缘锐利、阴影分明。,用于复刻90年代日式手绘动画的赛璐珞平涂画面。,动画;赛璐珞,,,风格;赛璐珞,Civitai;Midjourney;网络提示词库,published,V1.0
V16_T0001,Sora 模型,Sora,OpenAI Sora,V16,视频生成模型 / 文生视频模型,OpenAI 推出的文生视频大模型，能根据自然语言描述生成长达数十秒、具备物理一致性与镜头连贯性的高保真视频，擅长复杂运镜、多主体交互与光影变化。,画面稳定、物理运动连贯、细节清晰、镜头运动顺滑。,在提示词中指定主体、动作、环境与运镜，强调真实感或电影感以获得最佳效果。,短片;广告;概念演示,Runway Gen-3;Veo,Veo,视频模型;文生视频;Sora,整理,published,V1.0
V16_T0002,Runway Gen-3 Alpha,Runway Gen-3 Alpha,Gen-3,V16,视频生成模型 / 文生视频模型,Runway 的第三代视频生成模型，支持文生视频、图生视频与视频生视频，提供较高一致性与更长时长，配合 Motion Brush 等控制工具实现局部运动编辑。,光影过渡自然、主体一致、风格化能力强。,搭配图生视频与运动笔刷，描述镜头运动和主体动作。,MV;广告;艺术短片,Sora 模型;Motion Brush 笔刷,Pika,视频模型;文生视频;Runway,整理,published,V1.0
V16_T0003,Veo 模型,Google Veo,Veo 2,V16,视频生成模型 / 文生视频模型,Google DeepMind 的视频生成模型，主打高分辨率、电影级运镜与 4K 输出，理解电影语言(如航拍、追焦)并能生成带同步音频的画面。,高解析度、电影级景深与运镜、色彩层次丰富。,用电影镜头语言描述场景与运镜，可获得高质量输出。,电影预演;广告;内容创作,Sora 模型;Imagen Video,Sora 模型,视频模型;文生视频;Veo,整理,published,V1.0
V16_T0004,可灵模型,Kling,可灵AI;Kling AI,V16,视频生成模型 / 文生视频模型,快手推出的视频生成大模型，擅长中文语境理解与人物动作生成，支持长时长、高动态范围的视频输出，在亚洲面孔与写实人像上表现突出。,人物动作流畅、肤色真实、中文场景还原度高。,用中文描述人物动作与场景，强调写实或风格化。,短视频;电商;人物动态,Sora 模型;生数科技 Vidu,生数科技 Vidu,视频模型;文生视频;可灵,整理,published,V1.0
V16_T0005,生数科技 Vidu,Vidu,Vidu AI,V16,视频生成模型 / 文生视频模型,生数科技推出的视频大模型，采用 U-ViT 架构，主打长时长、高一致性与角色一致生成，支持角色参考图保持多镜头同一人物。,角色跨镜头一致、长时序连贯、风格统一。,提供角色参考图并描述动作序列，保持人物一致性。,动画;角色短片;广告,可灵模型;Runway Gen-3 Alpha,可灵模型,视频模型;文生视频;Vidu,整理,published,V1.0
V16_T0006,Pika 模型,Pika,Pika Labs,V16,视频生成模型 / 文生视频模型,Pika Labs 的视频生成模型，定位轻量快速，擅长局部动画与区域重绘，提供膨胀、爆炸、融化等特效区域控制，适合创意短视频与趣味动画。,局部特效生动、区域动画明显、节奏轻快。,用区域选择配合特效关键词触发局部动画。,趣味短视频;创意广告;Meme,Runway Gen-3 Alpha;Motion Brush 笔刷,Runway Gen-3 Alpha,视频模型;文生视频;Pika,整理,published,V1.0
V16_T0007,Stable Video Diffusion,Stable Video Diffusion,SVD,V16,视频生成模型 / 图生视频模型,Stability AI 开源的图生视频模型，基于一张静态图生成短视频，采用帧条件 Latent Diffusion 架构，可本地部署与微调，是开源视频生成的基础模型。,由静图自然过渡到运动、短循环、风格延续原图。,输入一张图，配合运动强度参数控制动幅。,动图生成;原型演示;开源实验,AnimateDiff;Deforum,AnimateDiff,视频模型;图生视频;SVD,整理,published,V1.0
V16_T0008,AnimateDiff,AnimateDiff,Animate Diff,V16,视频生成模型 / 图生视频模型,为 Stable Diffusion 文生图模型添加运动模块的开源框架，把静态 checkpoint 转为可生成短视频的动画模型，支持多种基础模型与 LoRA，社区生态丰富。,静态画风动画化、风格继承原模型、循环自然。,加载运动模块与基础模型，输入提示词生成动画。,动画插画;角色动态;开源创作,Stable Video Diffusion;Deforum,Deforum,视频模型;图生视频;AnimateDiff,整理,published,V1.0
V16_T0009,Deforum,Deforum,Deforum Stable Diffusion,V16,视频生成模型 / 图生视频模型,基于 Stable Diffusion 的逐帧动画生成工具，通过数学函数控制每帧的提示词、缩放与旋转参数，生成几何变换强烈的抽象动画与音乐可视化。,无限缩放、旋转形变、迷幻抽象动画。,设置关键帧参数与动画函数，配合音乐节拍生成。,音乐可视化;抽象动画;VJ素材,AnimateDiff;Stable Video Diffusion,AnimateDiff,视频模型;图生视频;Deforum,整理,published,V1.0
V16_T0010,Motion Brush 笔刷,Motion Brush,运动笔刷,V16,文生视频与图生视频 / 运动控制工具,Runway 提供的局部运动控制工具，在画面上涂抹区域即可指定该区域产生运动(如水流、烟雾、衣摆飘动)，其余区域保持静止，实现精准的局部动画。,被涂抹区域动、其余静止、运动方向可控。,用笔刷圈选要动的物体，调节运动幅度生成。,局部动效;创意广告;动态海报,Runway Gen-3 Alpha,,视频控制;局部运动;Runway,整理,published,V1.0
V16_T0011,Camera Control 运镜控制,Camera Control,相机控制,V16,文生视频与图生视频 / 运动控制工具,通过滑杆或参数直接控制生成视频中的虚拟相机运动(平移、推拉、环绕、俯仰)，无需反复修改提示词即可实时调整镜头语言。,镜头平移推拉环绕顺滑、画面跟随主体。,拖动运镜滑杆调整方向与强度，配合主体提示词。,电影运镜;产品展示;场景漫游,镜头推拉;镜头环绕,,视频控制;运镜;相机控制,整理,published,V1.0
V16_T0012,Image-to-Video 图生视频,Image-to-Video,I2V;图生视频,V16,文生视频与图生视频 / 生成方式,以一张静态图为起始帧(或参考帧)生成运动视频的生成方式，能保持原画的构图、色彩与风格一致，是当前视频生成最稳定可控的输入形式。,首帧与原图一致、后续帧自然延展运动。,上传起始图并描述期望运动，控制运动强度。,静图动起来;广告延展;角色动画,Text-to-Video 文生视频;Video-to-Video 视频生视频,,视频生成;图生视频;生成方式,整理,published,V1.0
V16_T0013,Text-to-Video 文生视频,Text-to-Video,T2V;文生视频,V16,文生视频与图生视频 / 生成方式,以纯文本描述生成视频的生成方式，自由度最高但对模型理解力要求高，需详尽描述主体、动作、环境、镜头与风格才能稳定出片。,由文字描述直接生成动态画面。,结构化描述主体、动作、环境、运镜、风格五要素。,创意短片;概念可视化;分镜预演,Image-to-Video 图生视频;Video-to-Video 视频生视频,,视频生成;文生视频;生成方式,整理,published,V1.0
V16_T0014,Video-to-Video 视频生视频,Video-to-Video,V2V;视频生视频,V16,文生视频与图生视频 / 生成方式,以源视频为运动与结构参考、替换其视觉风格或内容生成新视频的方式，常用于风格迁移、换脸换装与运动一致性保持，深度依赖 ControlNet 等条件控制。,保留源视频运动、整体风格或主体被替换。,提供源视频作运动参考，配提示词指定新风格或内容。,风格迁移;换装换脸;运动重绘,ControlNet 条件控制;Image-to-Video 图生视频,,视频生成;视频生视频;生成方式,整理,published,V1.0
V16_T0015,首尾帧控制,First-Last Frame Control,首尾帧,V16,文生视频与图生视频 / 运动控制工具,指定视频的起始帧与结束帧，由模型补全中间过渡运动的控制方式，能精准控制镜头的起止画面与转场效果，常用于匹配剪辑与运镜衔接。,首尾画面精确、中间过渡自然流畅。,上传首帧和尾帧，描述过渡动作或运镜。,转场衔接;匹配剪辑;镜头过渡,Image-to-Video 图生视频;Camera Control 运镜控制,,视频控制;首尾帧;运镜,整理,published,V1.0
V16_T0016,镜头推拉,Dolly Zoom,推镜头;Dolly In,V16,运镜与镜头控制 / 基础运镜,相机沿光轴向前推进或向后拉出的运镜方式，推进(Dolly In)拉近主体、压缩空间制造压迫感或亲密感，拉出(Dolly Out)揭示环境、释放张力，是视频生成最常用的运镜指令。,推进主体放大、空间压缩；拉出主体缩小、环境展开。,提示词加 dolly in/out 或推进/拉出，配合主体强调。,情绪强化;环境揭示;主体强调,镜头平移;镜头变焦,镜头变焦,运镜;推拉;镜头运动,整理,published,V1.0
V16_T0017,镜头平移,Pan,平摇;Horizontal Pan,V16,运镜与镜头控制 / 基础运镜,相机固定位置、水平左右转动拍摄主体的运镜方式，用于展示全景、跟随横向运动或扫视环境，Pan 左右、Tilt 上下，是展示空间关系的常用镜头语言。,画面水平平移扫过场景、主体跟随。,提示词加 pan left/right 或平移，描述跟随对象。,全景展示;跟随主体;环境扫视,镜头俯仰;镜头推拉,,运镜;平移;镜头运动,整理,published,V1.0
V16_T0018,镜头俯仰,Tilt,俯仰摇;Vertical Tilt,V16,运镜与镜头控制 / 基础运镜,相机固定位置、垂直上下转动的运镜方式，Tilt Up 由下向上揭示高度或强调宏伟，Tilt Down 由上向下俯视展示纵深，常用于建筑、人物与垂直空间的展示。,画面垂直上下移动、揭示高度或纵深。,提示词加 tilt up/down 或俯仰，配合主体高度。,建筑展示;人物打量;高度强调,镜头平移;镜头推拉,,运镜;俯仰;镜头运动,整理,published,V1.0
V16_T0019,镜头环绕,Orbit,环绕拍摄;Arc Shot,V16,运镜与镜头控制 / 基础运镜,相机围绕主体做圆周运动的运镜方式，360 度展示主体全貌、制造动态立体感与戏剧张力，是产品展示与角色强调的经典镜头。,主体居中不动、背景旋转环绕、立体感强。,提示词加 orbit 或环绕，指定围绕主体。,产品展示;角色强调;戏剧效果,镜头推拉;Camera Control 运镜控制,,运镜;环绕;镜头运动,整理,published,V1.0
V16_T0020,镜头变焦,Zoom,光学变焦;Zoom In/Out,V16,运镜与镜头控制 / 基础运镜,通过改变镜头焦距而非移动相机位置实现画面放大缩小的运镜方式，Zoom In 快速放大制造冲击，与 Dolly(移动机身)效果相似但空间透视不变，易与之混淆。,画面瞬间放大或缩小、透视关系不变。,提示词加 zoom in/out，区分于 dolly 的机身移动。,视觉冲击;细节强调;快剪节奏,镜头推拉,镜头推拉,运镜;变焦;镜头运动,整理,published,V1.0
V16_T0021,航拍俯瞰,Aerial Shot,无人机航拍;Drone Shot,V16,运镜与镜头控制 / 基础运镜,从高空俯视或斜视拍摄的运镜方式，现代多用无人机实现，能展示宏大地理环境、建筑全貌与人群规模，制造上帝视角与史诗感，是视频生成的高频运镜。,高空俯视、地景展开、气势恢宏。,提示词加 aerial/drone shot 或航拍，描述俯视场景。,风光大片;建筑全景;史诗场面,镜头平移;镜头环绕,,运镜;航拍;俯瞰,整理,published,V1.0
V16_T0022,手持晃动,Handheld Camera,手持运镜;Shaky Cam,V16,运镜与镜头控制 / 基础运镜,模拟手持相机的轻微晃动与不规则运动，制造真实纪实感、紧张临场感或第一人称沉浸感，常用于纪录片、新闻、恐怖与动作场面。,画面轻微抖动晃动、运动不规则、临场感强。,提示词加 handheld/shaky cam 或手持晃动，强调纪实。,纪实;恐怖;动作场面,镜头平移,,运镜;手持;晃动,整理,published,V1.0
V16_T0023,时序一致性,Temporal Consistency,时间一致性,V16,时序与一致性 / 一致性问题,视频生成中前后帧之间在主体外观、色彩、光影与结构上保持稳定不闪烁、不变形的能力，是衡量视频模型质量的核心指标，直接决定观感是否真实可信。,主体跨帧稳定、无闪烁变形、观感连贯。,选择高一致性模型，简化场景描述减少突变。,长视频;角色动画;专业出片,角色一致性;闪烁伪影,,时序;一致性;质量控制,整理,published,V1.0
V16_T0024,角色一致性,Character Consistency,人物一致性,V16,时序与一致性 / 一致性问题,同一角色在多镜头、多角度、多动作下保持面容、服饰、体型与特征不变的能力，通过角色参考图、Identity LoRA 或一致性模型实现，是叙事视频的基础。,同一人物跨镜头面容服饰一致。,提供角色参考图或训练角色 LoRA，多镜头复用。,叙事短片;系列广告;角色动画,时序一致性;参考图驱动,,时序;一致性;角色,整理,published,V1.0
V16_T0025,闪烁伪影,Flickering,画面闪烁,V16,时序与一致性 / 一致性问题,视频生成常见的时序缺陷，表现为相邻帧间局部区域亮度、色彩或细节突然跳变闪烁，破坏连贯性，多由模型逐帧独立生成、缺乏时序约束造成。,局部忽明忽暗、细节跳变、观感不稳。,降低运动幅度、使用时序平滑或一致性增强工具。,质量控制;后期修复,时序一致性,,时序;伪影;缺陷,整理,published,V1.0
V16_T0026,形态突变,Morphing Artifact,形变伪影,V16,时序与一致性 / 一致性问题,视频中主体或物体的形状、肢体、数量在帧间发生非预期变化(如多余手指、肢体扭曲、物体凭空出现消失)的时序缺陷，是当前视频模型在复杂运动下的主要痛点。,肢体扭曲变形、物体数量突变、结构错乱。,简化动作复杂度、限制运动范围、用图生视频固定首帧。,质量控制;动作设计,时序一致性;闪烁伪影,,时序;伪影;形变,整理,published,V1.0
V16_T0027,参考图驱动,Reference-Driven,参考图控制,V16,时序与一致性 / 一致性方法,以参考图(角色、风格、构图)作为条件输入驱动生成的方法，通过 IP-Adapter、参考图注意力等机制保持主体或风格一致，是提升一致性的主流手段。,生成结果继承参考图的角色或风格特征。,上传参考图作条件，配提示词描述动作与场景。,角色一致;风格统一;产品延展,角色一致性;IP-Adapter,,时序;一致性;参考图,整理,published,V1.0
V16_T0028,关键帧动画,Keyframe Animation,关键帧,V16,关键帧与时长控制 / 关键帧,通过设定关键时刻的状态(关键帧)、由系统自动插值生成中间帧的动画控制方式，在视频生成中用于精确定义起止与转折状态，比纯文本描述更可控。,关键状态精确、中间过渡平滑插值。,为不同帧设置提示词或参数，定义关键状态。,精准动画;运镜设计;状态过渡,首尾帧控制;帧率控制,,关键帧;动画;控制,整理,published,V1.0
V16_T0029,帧率控制,Frame Rate Control,FPS控制,V16,关键帧与时长控制 / 帧率与时长,控制生成视频每秒帧数(FPS)的参数，常见 24fps(电影感)、30fps(标准)、60fps(流畅运动)，帧率越高动作越顺滑但生成成本越高，直接影响观感与算力。,高帧率动作顺滑、低帧率有电影顿挫感。,根据用途选择帧率，电影用24fps、运动用60fps。,电影感;流畅运动;节拍匹配,关键帧动画;时长扩展,,帧率;时长;控制,整理,published,V1.0
V16_T0030,时长扩展,Duration Extension,视频延长;视频扩展,V16,关键帧与时长控制 / 帧率与时长,在已有短视频基础上向后延长生成更多时长的功能，通过以末尾帧为新起始帧继续生成，突破单次生成的时长上限，实现长视频拼接。,视频向后自然延续、动作与风格保持。,生成短片段后用 extend 功能以尾帧续接。,长视频;故事延展;连续叙事,首尾帧控制;帧率控制,,时长;扩展;控制,整理,published,V1.0
V16_T0031,循环视频,Seamless Loop,无缝循环;Loop动画,V16,关键帧与时长控制 / 帧率与时长,首尾衔接形成无缝循环播放的视频，常用于动态壁纸、背景素材与加载动画，要求起始帧与结束帧状态一致，使循环点不可见。,首尾无缝衔接、无限循环播放、无跳变。,选择 loop 模式或确保首尾帧一致，描述循环动作。,动态壁纸;背景素材;加载动画,首尾帧控制,,时长;循环;素材,整理,published,V1.0
V16_T0032,视频插帧,Frame Interpolation,补帧;光流补帧,V16,视频后处理与扩展 / 帧处理,通过算法在原有帧之间生成中间帧以提高帧率、使运动更顺滑的后处理技术，常用光流法(RIFE、Flowframes)实现，能把低帧率视频补到高帧率。,运动更顺滑、卡顿减少、动作连贯。,导出后用补帧工具提升帧率，适合慢动作或流畅需求。,慢动作;流畅提升;后期处理,帧率控制;视频超分,,后处理;插帧;帧处理,整理,published,V1.0
V16_T0033,视频超分,Video Upscaling,视频超分辨率;Video Super-Resolution,V16,视频后处理与扩展 / 帧处理,提升视频分辨率与清晰度的后处理技术，通过 AI 模型(Topaz、Real-ESRGAN)把低分辨率视频放大到高清，同时增强细节与锐度，是出片前的必备环节。,分辨率提升、细节锐化、画质增强。,生成后用超分工具放大，配合锐度调节。,高清出片;细节增强;画质修复,视频插帧;视频修复,,后处理;超分;画质,整理,published,V1.0
V16_T0034,视频修复,Video Inpainting,视频擦除,V16,视频后处理与扩展 / 帧处理,移除或替换视频中指定区域内容并保持时序一致的后处理技术，用于去水印、删物体、换背景，需逐帧或基于光流保持修复区域跨帧稳定。,指定区域被移除或替换、时序稳定无闪烁。,用蒙版圈选要移除的区域，运行修复工具。,去水印;删物体;换背景,视频插帧,,后处理;修复;擦除,整理,published,V1.0
V16_T0035,视频风格迁移,Video Style Transfer,视频风格化,V16,视频后处理与扩展 / 风格处理,把源视频整体转换为另一种艺术风格(油画、动漫、水彩)的后处理技术，需在风格转换的同时保持时序一致避免闪烁，常用 ControlNet 加风格 LoRA 实现。,画面整体转为目标风格、运动与时序保持。,提供源视频与风格参考，用风格迁移工具处理。,艺术化;风格统一;创意视频,Video-to-Video 视频生视频;视频插帧,Video-to-Video 视频生视频,后处理;风格迁移;风格化,整理,published,V1.0
V16_T0036,ControlNet 条件控制,ControlNet,条件控制,V16,视频后处理与扩展 / 风格处理,为扩散模型提供额外条件控制(深度、姿态、边缘、运动)的网络结构，在视频生成中用于注入结构约束以稳定构图与运动，是视频生视频与精确控制的核心工具。,生成结果严格遵循条件约束的结构与运动。,提取源视频的深度或姿态图，作 ControlNet 条件输入。,结构控制;运动约束;视频生视频,Video-to-Video 视频生视频;参考图驱动,,后处理;条件控制;ControlNet,整理,published,V1.0
V17_T0001,多边形建模,Polygon Modeling,Polygonal Modeling,V17,多边形建模 / 建模基础,以三角面和四边面为基本单元拼合三维形体的建模方法，是游戏、影视与实时渲染最主流的建模方式，通过顶点、边、面的推拉挤出塑造形态，兼顾效率与可控性。,由网格面片构成的立体造型、可调形变灵活。,描述模型的结构特征与拓扑要求，多用于写实或风格化建模。,游戏资产;影视模型;实时渲染,四边面拓扑;NURBS 曲面,NURBS 曲面,3D建模;多边形;基础,整理,published,V1.0
V17_T0002,四边面拓扑,Quad Topology,四边网格,V17,多边形建模 / 建模基础,尽量使用四边形面构成网格的拓扑规范，四边面变形均匀、细分平滑、利于骨骼绑定与动画，是角色与有机体建模的金标准，三角面过多会导致变形与细分缺陷。,网格均匀规整、变形平滑无拉扯。,要求 clean topology/quad mesh，用于需绑定的角色模型。,角色建模;绑定动画;细分曲面,多边形建模;布线,,3D建模;拓扑;四边面,整理,published,V1.0
V17_T0003,布线,Edge Flow,网格布线;Edge Loop,V17,多边形建模 / 建模基础,按肌肉走向与运动方向组织网格边线循环的技巧，良好的 edge flow 使模型在表情与关节弯曲时变形自然、避免穿帮，是有机体建模的核心功力体现。,边线循肌肉走向、弯曲处变形自然。,描述布线遵循解剖结构，用于表情与关节动画。,面部表情;关节动画;角色建模,四边面拓扑;环形布线,,3D建模;布线;拓扑,整理,published,V1.0
V17_T0004,挤出建模,Extrude,挤出,V17,多边形建模 / 建模工具,将面或边沿法线方向拉出形成新体积的最基础建模操作，是构建柱体、分支与延展结构的常用手法，从简单形体逐步挤出复杂造型是多边形建模的核心工作流。,面被拉出形成立体延伸、结构逐层堆叠。,用于描述由基础形体延展出的结构生成过程。,机械建模;建筑结构;有机建模,多边形建模;倒角,,3D建模;挤出;工具,整理,published,V1.0
V17_T0005,倒角,Bevel,切角,V17,多边形建模 / 建模工具,将锐利边缘切成斜面或圆角的操作，倒角能在光照下形成高光转折线、增强物体的体积感与真实感，是让硬表面模型脱离生硬感的关键细节，几乎所有真实物体都有倒角。,边缘圆润有高光转折、体积感与真实感增强。,提示词加 bevel/chamfer 或要求边缘有倒角高光。,硬表面建模;产品建模;真实感增强,挤出建模;硬表面建模,,3D建模;倒角;工具,整理,published,V1.0
V17_T0006,细分曲面,Subdivision Surface,Sub-D;细分,V17,多边形建模 / 建模工具,通过递归细分多边形网格生成平滑曲面的建模技术(Catmull-Clark 算法)，以较少控制网格获得高精度光滑模型，是角色、汽车与有机造型的主流建模方式。,低面控制网格被细分为光滑曲面、造型圆润流畅。,提示词加 subdivision surface 或 smooth mesh，获得光滑造型。,角色建模;汽车造型;有机体,四边面拓扑;多边形建模,,3D建模;细分;曲面,整理,published,V1.0
V17_T0007,布尔运算,Boolean Operation,布尔,V17,多边形建模 / 建模工具,通过两个形体的并集、差集、交集运算生成新形体的建模方法，能快速打洞、切割、合并复杂结构，但会产生不规则拓扑需后续清理，常用于机械与硬表面快速成型。,形体被精确切割合并、结构组合复杂。,描述形体间的切割或合并关系，用于复杂结构。,机械建模;硬表面;结构切割,挤出建模;硬表面建模,,3D建模;布尔;工具,整理,published,V1.0
V17_T0008,硬表面建模,Hard Surface Modeling,硬表面,V17,硬表面与曲面 / 硬表面,针对机械、武器、车辆等人造无机物体的建模方法，强调精确的几何切割、均匀倒角、清晰的Panel分割与机械细节，区别于有机体的柔和流动造型。,边缘锐利精确、机械细节丰富、结构理性。,提示词加 hard surface，描述机械结构与panel分割。,机械设计;武器车辆;科幻道具,倒角;Panel 分割,,硬表面;建模;机械,整理,published,V1.0
V17_T0009,Panel 分割,Panel Separation,面板分割;Panel Line,V17,硬表面与曲面 / 硬表面,在硬表面模型上划分结构面板与缝隙线的设计手法，模拟真实机械的钣金拼接与可拆卸结构，增加细节密度与真实感，是机甲、车辆与武器的标志性视觉特征。,表面有规整的缝隙分割线、机械感与细节丰富。,提示词加 panel lines/greeble，描述分割结构。,机甲设计;车辆建模;科幻道具,硬表面建模;机械细节,,硬表面;面板;细节,整理,published,V1.0
V17_T0010,机械细节,Greeble,细节贴附;Nurnies,V17,硬表面与曲面 / 硬表面,在大型机械表面添加的小型结构细节(管道、散热口、螺栓、天线)，用于增加视觉复杂度与尺度感，使巨型机械显得真实可信，源自星战等科幻影视的建模传统。,机械表面密布小结构细节、尺度感与真实感强。,提示词加 greeble/detailed mechanical，增加细节密度。,巨型机械;宇宙飞船;科幻场景,Panel 分割;硬表面建模,,硬表面;细节;机械,整理,published,V1.0
V17_T0011,NURBS 曲面,NURBS Surface,NURBS,V17,硬表面与曲面 / 曲面建模,以非均匀有理 B 样条数学定义的平滑曲面建模方法，由控制点精确控制曲率，生成绝对光滑的连续曲面，是工业设计、汽车与产品造型的标准，区别于多边形逼近。,曲面绝对光滑连续、曲率精确可控。,用于汽车与产品造型，强调光滑精确曲面。,汽车造型;工业设计;产品建模,细分曲面;多边形建模,细分曲面,曲面;NURBS;工业建模,整理,published,V1.0
V17_T0012,放样建模,Loft,放样,V17,硬表面与曲面 / 曲面建模,沿路径在不同截面之间生成过渡曲面的建模方法，能精确控制物体沿走向的形态变化，是船舶、汽车车身与有机长条形物体的常用曲面建模手段。,沿路径截面平滑过渡、形态连贯流畅。,描述沿走向的截面变化，用于流线型造型。,汽车车身;船舶;流线造型,NURBS 曲面;扫掠建模,扫掠建模,曲面;放样;建模,整理,published,V1.0
V17_T0013,扫掠建模,Sweep,扫掠;Sweep Surface,V17,硬表面与曲面 / 曲面建模,将一个截面图形沿一条路径扫掠生成曲面的建模方法，常用于管道、线缆、装饰线条等恒定截面的延展物体，与放样区别在于扫掠截面形状不变。,截面沿路径延伸、形状恒定、走向流畅。,描述管道或线条沿路径延伸的恒定截面。,管道线缆;装饰线条;结构件,放样建模;NURBS 曲面,放样建模,曲面;扫掠;建模,整理,published,V1.0
V17_T0014,数字雕刻,Digital Sculpting,雕刻建模;Sculpting,V17,数字雕刻 / 雕刻基础,以笔刷在超高面数网格上像捏泥巴一样塑造形体的建模方式(ZBrush、Mudbox)，擅长有机体、生物、角色的高细节造型，是写实角色与生物建模的主流工艺，区别于传统拓扑建模。,超高细节的有机造型、表面肌理与起伏丰富。,用于角色与生物，强调高细节有机造型。,角色建模;生物设计;写实雕塑,细分曲面;高模,,雕刻;有机体;高模,整理,published,V1.0
V17_T0015,高模,High-Poly Model,高精度模型,V17,数字雕刻 / 雕刻基础,面数极高、细节丰富的模型，用于雕刻展示与烘焙法线贴图，本身不直接用于实时渲染(面数过高)，其细节会被烘焙到低模的法线与贴图上，是次世代游戏与影视的标准流程。,表面细节极其丰富、雕塑级精度。,高模用于烘焙，描述所需细节层次。,烘焙贴图;影视级模型;展示,数字雕刻;低模,低模,雕刻;高模;LOD,整理,published,V1.0
V17_T0016,低模,Low-Poly Model,低面数模型,V17,数字雕刻 / 雕刻基础,面数精简、用于实时渲染与游戏的模型，通过接收高模烘焙的法线贴图呈现丰富细节，是游戏资产的最终形态，面数直接决定性能开销。,面数精简但通过贴图呈现丰富细节。,低模配烘焙贴图，用于实时渲染与游戏。,游戏资产;实时渲染;VR/AR,高模;法线烘焙,高模,雕刻;低模;游戏,整理,published,V1.0
V17_T0017,法线烘焙,Normal Baking,烘焙法线,V17,数字雕刻 / 雕刻流程,将高模表面凹凸细节转换为法线贴图并应用到低模的工艺，使低面数模型呈现高模的细节视效，是次世代游戏节省性能的核心技术，连接高模与低模。,低模表面呈现高模的凹凸细节、光影立体。,高模烘焙到低模，用于实时呈现高细节。,游戏资产;性能优化;实时渲染,高模;低模,,雕刻;烘焙;法线,整理,published,V1.0
V17_T0018,DynaMesh 雕刻,DynaMesh,动态网格,V17,数字雕刻 / 雕刻流程,ZBrush 的动态重网格化功能，雕刻时自动均匀分布网格面数，允许大胆拉伸合并形体而不破坏拓扑，是概念阶段快速塑形的利器，之后再做拓扑重建。,雕刻时网格自动均匀、可自由塑形。,概念阶段用 DynaMesh 快速探索造型。,概念塑形;有机体探索;原型设计,数字雕刻;ZRemesher 重拓扑,,雕刻;DynaMesh;ZBrush,整理,published,V1.0
V17_T0019,ZRemesher 重拓扑,ZRemesher,自动重拓扑,V17,数字雕刻 / 雕刻流程,ZBrush 的自动重网格化算法，将雕刻产生的不规则高面网格重新生成为均匀的四边面拓扑，便于后续绑定与动画，比手动重拓扑高效，是有机体建模的标准流程环节。,不规则网格转为均匀四边面、利于变形。,雕刻后用 ZRemesher 生成干净拓扑。,角色建模;绑定准备;拓扑优化,数字雕刻;重拓扑,重拓扑,雕刻;重拓扑;ZBrush,整理,published,V1.0
V17_T0020,重拓扑,Retopology,重布线;Retopo,V17,拓扑与UV / 拓扑,在雕刻或扫描的高模表面重建低面数规整拓扑的过程，使模型便于绑定、动画与实时渲染，是连接数字雕刻与生产管线的关键环节，分为手动与自动两类。,高模外包覆均匀低模网格、结构规整。,描述重拓扑需求，用于将高模转为可用资产。,角色生产;扫描模型处理;动画准备,ZRemesher 重拓扑;四边面拓扑,,拓扑;重拓扑;管线,整理,published,V1.0
V17_T0021,拓扑流,Topology Flow,拓扑走向,V17,拓扑与UV / 拓扑,重拓扑时网格边线遵循解剖与运动方向的走向规划，良好的拓扑流保证关节与表情区域变形自然，是高质量角色重拓扑的核心考量。,网格走向遵循肌肉与关节、变形自然。,要求拓扑遵循解剖结构，用于可动角色。,角色绑定;表情动画;关节弯曲,重拓扑;布线,布线,拓扑;走向;角色,整理,published,V1.0
V17_T0022,UV 展开,UV Unwrapping,UV拆分;UV映射,V17,拓扑与UV / UV,将三维模型表面展开平铺到二维 UV 空间的过程，以便绘制贴图，UV 接缝与排布直接影响贴图质量与利用率，是贴图制作前的必备工序。,三维表面展开为二维贴图坐标、纹理贴合。,描述 UV 接缝位置与排布，影响贴图质量。,贴图绘制;纹理映射;模型生产,UV 接缝;UV 岛,,UV;展开;贴图,整理,published,V1.0
V17_T0023,UV 接缝,UV Seam,UV缝合线,V17,拓扑与UV / UV,UV 展开时在模型上切割的边界线，接缝位置应选在隐蔽处(头发下、腋下、裤线)，避免在显眼区域造成贴图接缝穿帮，是 UV 拆分的规划重点。,接缝隐藏、贴图无明显拼接痕迹。,要求接缝放在隐蔽处，避免显眼穿帮。,角色贴图;服装纹理;UV规划,UV 展开;UV 岛,,UV;接缝;贴图,整理,published,V1.0
V17_T0024,UV 岛,UV Island,UV块,V17,拓扑与UV / UV,UV 展开后相互独立的连续面片区域，每个岛内部连续无接缝，岛与岛之间有接缝，合理分岛与排布能最大化贴图利用率并减少接缝。,贴图按岛分区排布、利用率高。,描述 UV 岛的分割与排布策略。,UV规划;贴图利用率;纹理制作,UV 展开;UV 接缝,,UV;岛;贴图,整理,published,V1.0
V17_T0025,参数化建模,Parametric Modeling,参数化设计,V17,数字造型与CAD / CAD建模,以参数与约束驱动几何变化的建模方式，修改参数即可自动更新模型，常见于 CAD 工具(Fusion 360、Rhino、SolidWorks)，精确且可复用，是工业与产品设计的主流。,模型由参数驱动、修改即整体更新。,描述参数化关系，用于精确可调的工业建模。,工业设计;产品建模;可定制设计,NURBS 曲面;程序化建模,程序化建模,CAD;参数化;工业建模,整理,published,V1.0
V17_T0026,程序化建模,Procedural Modeling,程序化生成;Houdini建模,V17,数字造型与CAD / CAD建模,以算法与节点网络自动生成模型的建模方式(Houdini、Geometry Nodes)，通过规则批量生成复杂结构(城市、森林、机械)，可复用且参数可控，擅长大规模与重复结构。,由算法批量生成的复杂结构、规则统一。,描述生成规则与参数，用于批量复杂结构。,场景生成;特效建模;大批量资产,参数化建模;布尔运算,参数化建模,程序化;CAD;生成,整理,published,V1.0
V17_T0027,布料模拟建模,Cloth Simulation,布料解算,V17,数字造型与CAD / 模拟辅助,通过物理模拟计算布料在重力与碰撞下的褶皱与垂坠形态的建模辅助技术，常用于生成自然的衣物、窗帘、旗帜造型，模拟结果可转为静态模型。,布料自然褶皱垂坠、符合物理形态。,描述布料材质与碰撞体，生成自然褶皱。,服装建模;软装陈设;动态布料,程序化建模,,模拟;布料;辅助建模,整理,published,V1.0
V17_T0028,布尔修饰器,Boolean Modifier,布尔修改器,V17,数字造型与CAD / CAD建模,Blender 等软件中以非破坏方式叠加布尔运算的修改器，参数可随时调整不破坏原模型，是参数化与硬表面建模的常用非破坏工作流工具。,形体的切割合并可随时调整、非破坏。,用于可调的布尔切割与合并流程。,硬表面建模;非破坏工作流;结构组合,布尔运算;参数化建模,布尔运算,CAD;布尔;修改器,整理,published,V1.0
V18_T0001,8点栅格,8-Point Grid,8pt栅格;8点网格系统,V18,界面布局 / 栅格与间距,以8的倍数(8/16/24/32px)作为间距与尺寸基准的栅格系统，保证界面元素间距统一、节奏一致、跨平台缩放协调，是现代界面设计的标准间距规范。,元素间距均匀统一、节奏感强、整体规整。,界面提示词加 8pt grid，强调统一间距与节奏。,App设计;网页布局;设计系统,栅格系统;间距系统,栅格系统,栅格;间距;规范,整理,published,V1.0
V18_T0002,栅格系统,Grid System,网格系统;Column Grid,V18,界面布局 / 栅格与间距,以列(Column)、槽(Gutter)、边距(Margin)组织页面内容排版的系统，常见12列栅格，保证内容对齐与响应式适配，是网页与多栏布局的结构骨架。,内容严格对齐栅格、版面有序规整。,描述栅格列数与内容对齐，用于规整多栏布局。,网页设计;响应式布局;内容排版,8点栅格;断点响应式,,栅格;布局;排版,整理,published,V1.0
V18_T0003,间距系统,Spacing System,空间系统;Spacing Scale,V18,界面布局 / 栅格与间距,定义界面元素间所有间距取值的梯度体系(如4/8/12/16/24/32/48px)，统一全产品的空间节奏，避免随意数值导致混乱，是设计系统的核心组成。,元素间距遵循统一梯度、视觉节奏和谐。,使用间距梯度取值，强调全产品节奏统一。,设计系统;界面规范;一致性,8点栅格;设计令牌,,间距;系统;规范,整理,published,V1.0
V18_T0004,断点响应式,Responsive Breakpoint,响应式断点;媒体查询断点,V18,界面布局 / 响应式,在不同屏幕宽度下切换布局方案的临界点(如640/768/1024/1280px)，通过媒体查询为手机、平板、桌面提供适配布局，是响应式设计的核心机制。,布局随屏幕宽度平滑切换、各端适配。,描述断点与各端布局差异，实现响应适配。,响应式网站;多端适配;网页布局,栅格系统;移动优先,,响应式;断点;适配,整理,published,V1.0
V18_T0005,移动优先,Mobile First,移动端优先,V18,界面布局 / 响应式,以移动端为设计起点再向大屏扩展的设计策略，强制聚焦核心功能与极简体验，因移动端限制最大、做好移动端则大屏更易扩展，是现代响应式设计的指导思想。,界面极简聚焦、核心功能突出。,提示词加 mobile first，强调从移动端扩展的设计思路。,App设计;响应式策略;产品规划,断点响应式;触摸友好,,响应式;策略;移动端,整理,published,V1.0
V18_T0006,触摸友好,Touch Friendly,触控友好;拇指操作区,V18,界面布局 / 响应式,为触控操作优化的界面设计，按钮与点击区不小于44pt、间距足够避免误触、核心操作置于拇指易达区域，是移动端可用性的硬性要求。,按钮点击区充足、操作区集中于易达区。,描述触控目标尺寸与易达区布局。,App设计;触屏界面;可用性,移动优先;点击目标,,响应式;触控;可用性,整理,published,V1.0
V18_T0007,导航模式,Navigation Pattern,导航系统,V18,交互模式 / 导航,组织用户在产品中跳转与定位的结构方式，常见底部标签栏、抽屉、标签页、面包屑等，好的导航模式让用户随时知道自己在哪、能去哪。,导航结构清晰、层级一目了然。,描述导航类型(底部栏/抽屉/标签页)与层级。,App导航;网站导航;信息架构,底部标签栏;汉堡菜单,,交互;导航;模式,整理,published,V1.0
V18_T0008,底部标签栏,Bottom Tab Bar,底部导航栏;Tab Bar,V18,交互模式 / 导航,固定在屏幕底部的主导航栏，通常3-5个一级入口，符合拇指操作习惯、始终可见、是iOS与Android App最主流的主导航形式。,屏幕底部一排图标入口、始终可见。,描述底部标签栏的3-5个一级入口。,App主导航;移动端;电商,导航模式;汉堡菜单,,交互;导航;移动端,整理,published,V1.0
V18_T0009,汉堡菜单,Hamburger Menu,抽屉菜单;侧拉菜单,V18,交互模式 / 导航,以三横线图标收起次要导航、点击滑出侧边抽屉的导航形式，节省首屏空间但会隐藏入口降低发现性，适合功能多但首屏紧凑的场景。,左上角三横线图标、点击侧滑抽屉。,描述汉堡菜单收起的次要导航项。,次要导航;紧凑布局;功能型App,底部标签栏;导航模式,,交互;导航;菜单,整理,published,V1.0
V18_T0010,卡片式布局,Card Layout,卡片设计,V18,交互模式 / 内容组织,将信息封装在独立卡片单元中、可灵活排列组合的布局方式，卡片承载图文与操作、跨端响应、易于浏览，是现代内容流与电商的主流布局。,信息分块呈卡片、留白分隔、可灵活排列。,描述卡片式信息分块与排列方式。,内容流;电商商品;仪表盘,栅格系统;列表视图,,交互;布局;卡片,整理,published,V1.0
V18_T0011,空状态,Empty State,空页面;空数据态,V18,交互模式 / 状态设计,列表或内容为空时显示的引导界面，好的空状态用插画与文案解释为何空、引导用户行动(创建、搜索)，避免生硬的空白，是体验细节的关键。,插画加引导文案、提示用户下一步行动。,描述空状态的插画风格与引导动作。,无数据引导;首次使用;搜索无结果,加载状态;错误状态,,交互;状态;体验,整理,published,V1.0
V18_T0012,加载状态,Loading State,骨架屏;加载态,V18,交互模式 / 状态设计,数据加载过程中显示的过渡界面，包括转圈、进度条与骨架屏(Skeleton)，降低等待焦虑、暗示内容结构，是体验流畅度的重要环节。,骨架屏或转圈占位、暗示即将出现的内容。,描述加载过渡形式(骨架屏/进度条)。,数据加载;过渡体验;等待优化,空状态;骨架屏,,交互;状态;加载,整理,published,V1.0
V18_T0013,设计系统,Design System,设计体系,V18,设计系统与组件 / 系统,由设计令牌、组件库、规范文档组成的完整体系，统一全产品的视觉与交互语言，保证团队协作与多产品的一致性，是规模化设计的基础设施。,全产品视觉交互统一、组件可复用。,描述基于设计系统的统一规范。,团队协作;多产品统一;规模化设计,设计令牌;组件库,,系统;组件;规范,整理,published,V1.0
V18_T0014,设计令牌,Design Token,设计变量;Design Tokens,V18,设计系统与组件 / 系统,以键值对定义设计基础变量(颜色、字号、间距、圆角)的机制，令牌与平台无关，可同步到代码与设计工具，是设计系统跨端一致的核心技术。,设计取值由令牌统一、跨端一致可同步。,强调用令牌定义颜色字号间距等基础值。,设计系统;跨端一致;主题切换,设计系统;主题切换,,系统;令牌;变量,整理,published,V1.0
V18_T0015,组件库,Component Library,组件系统;UI Kit,V18,设计系统与组件 / 组件,可复用的界面组件集合(按钮、表单、卡片、弹窗)，统一定义样式、状态与交互，供设计师与开发者直接调用，是设计系统落地的载体。,界面由统一组件拼装、风格一致。,描述基于组件库的界面拼装。,界面搭建;效率提升;一致性,设计系统;原子设计,,系统;组件;复用,整理,published,V1.0
V18_T0016,原子设计,Atomic Design,原子化设计,V18,设计系统与组件 / 组件,由原子(按钮)、分子(搜索框)、有机体(卡片)、模板、页面层层组合构建界面的方法论，保证设计系统从基础到复杂的一致与可复用，是组件库设计的经典框架。,界面由原子到页面层层组合、结构清晰。,描述组件的原子到页面层级组合。,组件库设计;设计系统;结构化,组件库;设计系统,,系统;组件;方法论,整理,published,V1.0
V18_T0017,主题切换,Theme Switching,深色模式;Dark Mode,V18,设计系统与组件 / 系统,通过切换设计令牌实现亮色/深色/品牌主题一键切换的机制，深色模式降低暗光疲劳、护眼省电，是现代产品的标配功能，依赖令牌化设计实现。,界面一键在亮暗主题间切换、风格统一。,描述深色模式或主题切换的视觉表现。,深色模式;品牌定制;无障碍,设计令牌;色彩对比,,系统;主题;深色模式,整理,published,V1.0
V18_T0018,输入框组件,Input Component,输入框;TextField,V18,设计系统与组件 / 组件,用于接收用户文本输入的基础组件，包含标签、提示文字、输入区、状态(默认/聚焦/禁用/错误)，是表单交互的核心，需精心设计各状态反馈。,清晰的输入框带标签与状态反馈。,描述输入框的标签、占位符与状态。,表单;搜索;设置,组件库;表单设计,,组件;表单;输入,整理,published,V1.0
V18_T0019,WCAG 无障碍,WCAG Accessibility,WCAG;无障碍规范,V18,可用性与无障碍 / 无障碍标准,Web 内容无障碍指南，定义界面让残障人士可访问的国际标准，涵盖可感知、可操作、可理解、稳健四原则，是数字无障碍的法律与道德依据。,界面支持屏幕阅读器、键盘操作、高对比度。,提示词强调符合 WCAG 无障碍标准。,无障碍设计;合规;包容性设计,色彩对比;焦点可见,,无障碍;标准;WCAG,整理,published,V1.0
V18_T0020,色彩对比,Color Contrast,对比度;Contrast Ratio,V18,可用性与无障碍 / 无障碍标准,前景色与背景色的亮度对比比值，WCAG 要求正文不低于4.5:1、大文本3:1，对比不足导致弱视用户难辨，是文字可读性与无障碍的硬指标。,文字与背景对比充足、清晰易读。,要求文字对比度达标(正文4.5:1)，强调可读。,可读性;无障碍;正文设计,WCAG 无障碍;焦点可见,,无障碍;对比度;可读性,整理,published,V1.0
V18_T0021,焦点可见,Focus Visible,焦点环;Focus Ring,V18,可用性与无障碍 / 无障碍标准,键盘聚焦时元素显示明显焦点环的视觉反馈，让键盘用户清楚当前操作位置，是不可删除的无障碍必备特征，移除焦点环是常见的无障碍错误。,键盘聚焦元素显示清晰焦点环。,要求保留键盘焦点环，保证可见。,键盘操作;无障碍;表单交互,WCAG 无障碍;色彩对比,,无障碍;焦点;键盘,整理,published,V1.0
V18_T0022,屏幕阅读器友好,Screen Reader Friendly,朗读友好;ARIA标签,V18,可用性与无障碍 / 无障碍标准,通过语义标签与 ARIA 属性让屏幕阅读器正确朗读界面内容的设计，视障用户依赖朗读操作界面，缺少语义或标签会导致他们完全无法使用。,界面元素带语义标签可被朗读。,强调语义标签与 ARIA，保证可朗读。,视障支持;无障碍;语义化,WCAG 无障碍;焦点可见,,无障碍;屏幕阅读器;语义,整理,published,V1.0
V18_T0023,微交互,Microinteraction,微动效,V18,可用性与无障碍 / 反馈体验,单一任务上的细小交互反馈(点赞动画、开关过渡、加载微动效)，增强操作确认感与愉悦度，是提升产品质感与体验细节的关键，常被忽视却影响巨大。,操作有细腻动效反馈、体验愉悦精致。,描述按钮或操作的微动效反馈。,体验细节;情感化设计;操作反馈,加载状态;点击目标,,交互;微交互;体验,整理,published,V1.0
V18_T0024,点击目标,Tap Target,点击区;Hit Area,V18,可用性与无障碍 / 反馈体验,可点击元素的实际响应区域，应不小于44x44pt且与其他元素有足够间距，过小的点击目标导致误触与操作困难，是移动端可用性的基础要求。,点击区充足、操作精准不误触。,要求点击目标≥44pt，强调可操作性。,移动端;可用性;触控,触摸友好;微交互,,交互;可用性;触控,整理,published,V1.0
V18_T0025,线框图,Wireframe,低保真原型;线框稿,V18,原型与状态 / 原型,用简单线条与灰块表达界面结构与布局的低保真设计稿，不含视觉细节，聚焦信息架构与功能排布，是设计早期快速验证思路的工具。,灰白线条方块、无装饰、聚焦结构。,描述低保真结构稿，聚焦布局与功能。,设计早期;结构验证;需求沟通,高保真原型;交互原型,,原型;线框;低保真,整理,published,V1.0
V18_T0026,高保真原型,High-Fidelity Prototype,高保真稿;视觉稿,V18,原型与状态 / 原型,接近最终产品视觉与交互效果的高保真设计稿，含完整色彩、字体、图片与可点击交互，用于用户测试与开发交付，是设计到开发的桥梁。,视觉接近最终产品、可点击交互。,描述接近成品的视觉与交互细节。,用户测试;开发交付;评审,线框图;交互原型,,原型;高保真;交付,整理,published,V1.0
V18_T0027,交互原型,Interactive Prototype,可交互原型;Clickable Prototype,V18,原型与状态 / 原型,可点击跳转、模拟真实操作流程的原型(Figma、Axure)，用于验证交互逻辑与用户旅程，让测试者像用真产品一样体验，是交互验证的核心手段。,界面可点击跳转、模拟真实流程。,描述可点击的交互流程与跳转逻辑。,交互验证;用户测试;流程演示,高保真原型;用户旅程,,原型;交互;测试,整理,published,V1.0
V18_T0028,状态变体,Component State,组件状态;Variant,V18,原型与状态 / 状态,同一组件在不同情境下的视觉表现(默认/悬停/按下/聚焦/禁用/错误)，完整的状态变体是组件库质量的关键，保证交互反馈一致完整。,组件在不同操作下有对应状态变化。,描述组件的各状态变体表现。,组件库;交互反馈;一致性,输入框组件;加载状态,,原型;状态;组件,整理,published,V1.0
V18_T0029,用户旅程,User Journey,用户流程;User Flow,V18,原型与状态 / 状态,用户完成某目标的完整操作路径与触点序列，映射用户从入口到完成的心理与行为，是设计信息架构与优化体验的依据。,用户操作路径清晰、触点连贯。,描述用户完成目标的操作路径与触点。,体验优化;信息架构;流程设计,交互原型;导航模式,,原型;旅程;流程,整理,published,V1.0
V19_T0001,柱状图,Bar Chart,条形图,V19,图表类型 / 比较类,以矩形柱体长度表示数值大小、用于比较不同类别数据的图表，是最基础直观的数据可视化形式，适合离散类别的数量对比，柱体可水平(条形)或垂直排列。,柱体高低分明、数值对比一目了然。,提示词加 bar chart，描述类别与数值对比。,销量对比;排名展示;类别比较,分组柱状图;堆叠柱状图,直方图,图表;柱状图;比较,整理,published,V1.0
V19_T0002,分组柱状图,Grouped Bar Chart,簇状柱状图,V19,图表类型 / 比较类,将多个系列的数据以并列柱体分组对比的柱状图变体，每组内并列多个类别，便于同时比较组间与组内差异，适合多维度对比但组数多时易拥挤。,柱体分组并列、多维度对比清晰。,描述分组并列的多个系列对比。,多维对比;分组比较;报表,柱状图;堆叠柱状图,堆叠柱状图,图表;柱状图;分组,整理,published,V1.0
V19_T0003,堆叠柱状图,Stacked Bar Chart,堆积柱状图,V19,图表类型 / 比较类,将多个系列数据在柱体内堆叠、同时显示总量与构成的柱状图变体，既能看总量又能看内部占比，适合展示整体与组成关系，但中间段难精确比较。,柱体分段堆叠、总量与构成兼具。,描述堆叠分段显示总量与构成。,构成分析;总量对比;占比展示,柱状图;分组柱状图,分组柱状图,图表;柱状图;堆叠,整理,published,V1.0
V19_T0004,直方图,Histogram,频数分布图,V19,图表类型 / 比较类,展示连续数值数据分布的图表，将数据分箱后以相邻柱体表示各区间的频数，柱体间无间隙，用于观察数据分布形态(正态、偏态)，区别于比较类别的柱状图。,相邻柱体无间隙、呈现数据分布形态。,用于数据分布，描述分箱与频数。,分布分析;统计;数据探索,柱状图,柱状图,图表;直方图;分布,整理,published,V1.0
V19_T0005,折线图,Line Chart,走势图;曲线图,V19,图表类型 / 趋势类,以连线连接各数据点、展示数值随时间或顺序变化趋势的图表，是表现时间序列与趋势最有效的形式，能直观反映增长、下降、波动与周期。,连线起伏连贯、趋势走向清晰。,提示词加 line chart，描述时间序列趋势。,趋势分析;时间序列;走势展示,面积图;平滑折线图,,图表;折线图;趋势,整理,published,V1.0
V19_T0006,面积图,Area Chart,区域图,V19,图表类型 / 趋势类,折线下方填充颜色面积的图表，强调数值随时间变化的体量感与累积，堆叠面积图还能展示构成随时间的演变，视觉冲击强于纯折线。,折线下方填色、体量感与累积感强。,描述带填充面积的趋势与累积。,体量趋势;构成演变;累积展示,折线图;堆叠面积图,折线图,图表;面积图;趋势,整理,published,V1.0
V19_T0007,平滑折线图,Smooth Line Chart,曲线图;Spline Chart,V19,图表类型 / 趋势类,以平滑曲线(而非折角)连接数据点的折线图变体，视觉柔和美观，适合强调整体趋势走向而非精确数值点，常用于美观导向的报告与仪表盘。,曲线平滑柔和、趋势流畅美观。,描述平滑曲线表现整体趋势。,美观报告;趋势展示;仪表盘,折线图,折线图,图表;折线图;曲线,整理,published,V1.0
V19_T0008,饼图,Pie Chart,扇形图,V19,图表类型 / 占比类,以圆形扇区面积表示各部分占整体比例的图表，直观展示构成比例，但超过5个扇区或相近比例时难精确比较，适合简单占比展示。,圆形分扇、占比直观。,描述各部分占整体的扇区比例。,占比展示;构成分析;简单比例,环形图;南丁格尔玫瑰图,环形图,图表;饼图;占比,整理,published,V1.0
V19_T0009,环形图,Donut Chart,甜甜圈图,V19,图表类型 / 占比类,中心镂空的饼图变体，环形结构比实心饼图更现代美观，中心可放置总量或关键数值，是占比展示的常用现代形式，区别于实心饼图。,环形镂空、中心可放数值、现代美观。,描述环形占比与中心数值。,占比展示;仪表盘;现代报表,饼图;进度环,饼图,图表;环形图;占比,整理,published,V1.0
V19_T0010,南丁格尔玫瑰图,Nightingale Rose Chart,玫瑰图;极区图,V19,图表类型 / 占比类,以扇区半径(而非角度)表示数值大小的极坐标图表，形似玫瑰花瓣，兼具美观与对比效果，由南丁格尔用于公共卫生统计，适合周期性数据。,花瓣状放射、兼具美观与对比。,描述玫瑰花瓣状的周期性数据。,周期数据;美观展示;方向性数据,饼图;雷达图,饼图,图表;玫瑰图;占比,整理,published,V1.0
V19_T0011,散点图,Scatter Plot,散点图;Scatter Chart,V19,图表类型 / 关系类,以点的位置展示两个变量关系的图表，点的分布形态反映相关性(正相关/负相关/无关)、聚类与离群点，是探索变量关系的核心工具。,点分布呈现相关性与聚类。,描述两变量的散点分布与相关性。,相关性分析;聚类发现;离群点识别,气泡图;散点矩阵,气泡图,图表;散点图;关系,整理,published,V1.0
V19_T0012,气泡图,Bubble Chart,气泡图,V19,图表类型 / 关系类,散点图的变体，以气泡大小表示第三个变量，同时展示三个维度的关系，适合多变量综合分析，但气泡重叠时难精确比较。,点的大小映射第三维度、三变量关系。,描述三变量(位置+大小)的综合关系。,多维分析;综合对比;三变量关系,散点图,散点图,图表;气泡图;关系,整理,published,V1.0
V19_T0013,雷达图,Radar Chart,蛛网图;蜘蛛图,V19,图表类型 / 关系类,以多个轴向中心辐射、展示多维度数值的图表，形似雷达蛛网，用于综合对比多个对象的多元能力，适合性能评估与能力画像。,多轴辐射呈蛛网、多维能力对比。,描述多维度能力的雷达对比。,能力评估;性能对比;多维画像,南丁格尔玫瑰图,,图表;雷达图;多维,整理,published,V1.0
V19_T0014,热力图,Heatmap,热图;热力地图,V19,图表类型 / 分布类,以颜色深浅表示数值密度或强度的矩阵图表，能直观呈现二维数据的分布与热点，广泛用于地理热区、网页点击、相关矩阵等密度可视化。,颜色深浅映射密度、热点分布直观。,描述颜色映射数值密度的热力分布。,密度分布;热点分析;相关矩阵,日历热力图;地理热力图,,图表;热力图;分布,整理,published,V1.0
V19_T0015,日历热力图,Calendar Heatmap,GitHub贡献图,V19,图表类型 / 分布类,以日历网格为坐标、颜色表示每日数值的热力图变体(GitHub 贡献图典型)，直观展示全年活动频率与周期规律，适合时间序列的密度可视化。,日历网格填色、全年活动频率直观。,描述日历网格的活动频率分布。,活动统计;习惯打卡;年度回顾,热力图,热力图,图表;热力图;日历,整理,published,V1.0
V19_T0016,地理热力图,Geographic Heatmap,地图热力;区域热图,V19,图表类型 / 分布类,叠加在地理地图上的热力图，以颜色或色块表示各区域数值密度，广泛用于人口、销售、疫情等地理分布数据，是空间数据可视化的主流形式。,地图区域填色、空间分布直观。,描述地图上区域的数值热力分布。,区域分析;人口分布;销售地图,热力图;分级统计图,分级统计图,图表;热力图;地图,整理,published,V1.0
V19_T0017,树图,Treemap,矩形树图,V19,图表类型 / 分布类,以嵌套矩形面积表示层级数据各部分占比的图表，能在有限空间展示多层级的构成与比例，适合文件系统、市场份额等层级数据。,嵌套矩形分层、层级占比兼具。,描述嵌套矩形的层级占比结构。,层级数据;市场份额;构成分析,旭日图;矩形填充图,,图表;树图;层级,整理,published,V1.0
V19_T0018,旭日图,Sunburst Chart,太阳burst图;多层饼图,V19,图表类型 / 分布类,以同心圆环表示多层级数据构成的图表，形似旭日放射，外圈是内圈的细分，适合展示层级构成，比树图更美观但层级深时难精确比较。,同心圆环分层、旭日放射美观。,描述同心圆环的层级构成。,层级构成;美观展示;分类下钻,树图;饼图,,图表;旭日图;层级,整理,published,V1.0
V19_T0019,信息图,Infographic,信息图表;资讯图,V19,信息图与叙事图表 / 信息图,以图形化方式将复杂信息可视化、配合文字叙事的图文设计形式，融合数据、图标、插图与排版，用于教育、传播与营销，强调易懂与传播性。,图文并茂、信息图形化、易传播。,描述信息图的信息图形化叙事风格。,科普传播;内容营销;教育说明,数据故事;图标统计图,,信息图;叙事;传播,整理,published,V1.0
V19_T0020,数据故事,Data Storytelling,数据叙事,V19,信息图与叙事图表 / 信息图,以数据图表配合叙事线索引导受众理解洞察的表达方式，强调用数据讲出有逻辑、有重点、有结论的故事，是数据可视化从展示到说服的进阶。,图表配叙事线索、引导洞察。,描述以数据驱动的叙事表达。,商业汇报;数据传播;说服决策,信息图;仪表盘,,信息图;叙事;故事,整理,published,V1.0
V19_T0021,图标统计图,Pictogram Chart,象形图;图标图,V19,信息图与叙事图表 / 信息图,以重复的图标数量表示数值的图表，每个图标代表固定单位，直观易懂、趣味性强，常用于面向大众的科普与信息图，适合简单数量的可视化。,重复图标计数、直观趣味。,描述以图标计数表示数值的形式。,科普信息图;大众传播;趣味统计,信息图;柱状图,,信息图;图标;统计,整理,published,V1.0
V19_T0022,流程图,Flowchart,流程图;过程图,V19,信息图与叙事图表 / 叙事图表,以符号与连线表示流程步骤与决策走向的图表，用于梳理业务流程、算法逻辑与决策路径，是流程梳理与沟通的标准工具。,符号节点加连线、流程走向清晰。,描述流程步骤与决策分支。,流程梳理;业务沟通;算法说明,思维导图;信息图,,信息图;流程图;逻辑,整理,published,V1.0
V19_T0023,思维导图,Mind Map,脑图,V19,信息图与叙事图表 / 叙事图表,以中心主题向外辐射分支、层级展开思路的图表，用于头脑风暴、知识整理与思路梳理，强调发散思维与结构化，是个人与团队思考的常用工具。,中心辐射分支、思路层级展开。,描述中心主题辐射的思维结构。,头脑风暴;知识整理;思路梳理,流程图,,信息图;思维导图;结构,整理,published,V1.0
V19_T0024,三维数据图,3D Data Visualization,3D数据图,V19,科学与统计可视化 / 科学可视化,以三维空间呈现数据的可视化方式，包括三维散点、分子结构、流体场等，能展示更多维度与空间结构，但牺牲精确读数能力，多用于科学探索。,三维空间呈现数据、空间结构丰富。,描述三维空间的数据呈现。,科学探索;分子结构;空间数据,体绘制;矢量场图,,科学可视化;三维;数据,整理,published,V1.0
V19_T0025,体绘制,Volume Rendering,体素渲染,V19,科学与统计可视化 / 科学可视化,直接将三维标量数据场(CT、MRI、流体)渲染为图像的技术，无需中间几何重建，能展示物体内部结构，是医学影像与科学计算的核心可视化手段。,三维数据场内部结构可视、层次透视。,描述三维数据场的内部结构渲染。,医学影像;科学计算;内部结构,三维数据图;等值面,,科学可视化;体绘制;医学,整理,published,V1.0
V19_T0026,矢量场图,Vector Field Visualization,流场图,V19,科学与统计可视化 / 科学可视化,以箭头或流线表示空间中矢量(方向与大小)分布的可视化，用于流体、电磁、风场等连续矢量场，是科学计算中理解场结构的工具。,箭头或流线表示方向大小、场结构清晰。,描述矢量场的方向与强度分布。,流体力学;电磁场;气象风场,三维数据图,,科学可视化;矢量场;流场,整理,published,V1.0
V19_T0027,箱线图,Box Plot,箱形图;盒须图,V19,科学与统计可视化 / 统计图,以箱体与须线展示数据分布统计量(中位数、四分位、极值、离群点)的图表，能紧凑展示分布与离群，是统计分析的标准工具。,箱体须线紧凑展示分布与离群点。,描述数据的分布统计与离群点。,统计分析;分布对比;离群检测,小提琴图;直方图,,统计图;箱线图;分布,整理,published,V1.0
V19_T0028,小提琴图,Violin Plot,小提琴图,V19,科学与统计可视化 / 统计图,结合箱线图与密度曲线的图表，以对称密度曲线展示完整分布形态，比箱线图信息更丰富，能看出分布的多峰与偏态，是现代统计分析的进阶形式。,对称密度曲线形似小提琴、分布形态完整。,描述密度形态的完整分布。,统计分析;分布对比;高级可视化,箱线图;直方图,箱线图,统计图;小提琴图;分布,整理,published,V1.0
V19_T0029,色彩编码,Color Encoding,颜色编码,V19,视觉编码 / 编码方式,以颜色属性(色相、明度、饱和度)映射数据值的视觉编码方式，是数据可视化最直观的编码手段，需根据数据类型(分类/顺序/发散)选择对应色板。,颜色映射数值、编码直观醒目。,描述颜色与数值的映射关系与色板。,热力图;分类编码;顺序编码,顺序色板;分类色板,,编码;色彩;映射,整理,published,V1.0
V19_T0030,顺序色板,Sequential Color Scheme,渐变色板,V19,视觉编码 / 色板,由浅到深单一色相渐变的色板，用于有序数值(低到高)的编码，明度变化对应数值大小，是热力图与顺序数据的标准色板，符合感知直觉。,单一色相由浅到深、顺序感知自然。,描述由浅到深的顺序数值色板。,热力图;顺序数据;渐变编码,色彩编码;发散色板,发散色板,编码;色板;顺序,整理,published,V1.0
V19_T0031,发散色板,Diverging Color Scheme,双色渐变,V19,视觉编码 / 色板,以中性色为中心向两端对比色发散的色板，用于有正负或临界值的数据(如涨跌、盈亏)，中心临界点明显，强调偏离方向与程度。,中心中性色向两端对比发散、正负分明。,描述中心向两端发散的正负数据色板。,涨跌数据;盈亏分析;相关性矩阵,顺序色板;色彩编码,顺序色板,编码;色板;发散,整理,published,V1.0
V19_T0032,分类色板,Categorical Color Scheme,定性色板,V19,视觉编码 / 色板,各色相差异明显、无顺序关系的色板，用于无序分类数据的编码，色相区分清晰但不超过8-12色以免混淆，是分类图表的标配。,各色相鲜明区分、分类清晰。,描述区分各类别的鲜明色相。,分类对比;饼图;分组柱状图,色彩编码;顺序色板,,编码;色板;分类,整理,published,V1.0
V19_T0033,图例,Legend,图例说明,V19,图例坐标与标注 / 图例与标注,说明图表中颜色、符号、线型所代表数据含义的说明区域，帮助受众解码视觉编码，好的图例简洁清晰、位置合理，是图表可读性的关键。,符号配文字说明、解码视觉编码。,描述图例的符号与对应说明。,图表解读;编码说明;可读性,坐标轴;数据标签,,标注;图例;可读性,整理,published,V1.0
V19_T0034,坐标轴,Axis,X/Y轴,V19,图例坐标与标注 / 图例与标注,图表中标注数值刻度与分类的参考线(横轴、纵轴)，提供数据定位与量度参照，轴的刻度、范围与标签直接影响图表解读的准确性。,刻度参考线清晰、数据定位准确。,描述坐标轴的刻度范围与标签。,数据定位;量度参照;图表解读,图例;网格线,,标注;坐标轴;参考,整理,published,V1.0
V19_T0035,数据标签,Data Label,数值标签,V19,图例坐标与标注 / 图例与标注,直接在数据元素上标注具体数值的标签，省去读轴估算、提高精确度，但过多会拥挤，常用于关键数据点与精确数值需求场景。,数据上直接标数值、精确易读。,描述直接标注在数据上的数值。,精确数值;关键数据;报告,图例;坐标轴,,标注;标签;数值,整理,published,V1.0
V19_T0036,网格线,Gridline,网格,V19,图例坐标与标注 / 图例与标注,图表背景中辅助读取数值的参考网格线，分主网格与次网格，淡色不抢主体，帮助对齐刻度估算数值，过多或过深会干扰主体。,淡色参考网格、辅助读数不抢主体。,描述辅助读数的淡色网格。,数值估算;对齐参考;可读性,坐标轴,,标注;网格;参考,整理,published,V1.0
V19_T0037,仪表盘,Dashboard,数据看板,V19,图例坐标与标注 / 图例与标注,集中展示多个关键指标与图表的综合监控界面，用于实时掌握业务状态与决策，强调信息密度合理、关键指标突出，是数据可视化的综合应用形态。,多图表指标集中、关键信息突出。,描述多指标图表的综合监控界面。,业务监控;决策支持;数据汇报,数据故事;信息图,,标注;仪表盘;监控,整理,published,V1.0
V20_T0001,社论插画,Editorial Illustration,,V20,编辑与新闻插画 / 社论插画,社论插画是配合报纸杂志社论与专栏的叙事插画，以隐喻视觉传达观点与情绪，依附于文字而非独立表达。,隐喻叙事、概念象征、纸媒构图。,用于报刊社论专栏的观点叙事插画。,编辑插画;社论,概念插画,新闻插画,社论;叙事;隐喻,整理,published,V1.0
V20_T0002,新闻插画,News Illustration,,V20,编辑与新闻插画 / 新闻插画,新闻插画是配合新闻报道再现事件现场的纪实性插画，需忠于事实不虚构，常配合突发或深度报道刊出。,现场纪实、事件还原、新闻配图。,用于新闻报道与突发事件的现场纪实插画。,编辑插画;新闻,社论插画,,新闻;纪实;现场,整理,published,V1.0
V20_T0003,概念插画,Conceptual Illustration,,V20,编辑与新闻插画 / 概念插画,概念插画是把抽象观念具象为单一隐喻图像的插画手法，用一个象征物承载整篇论述，常见杂志封面与评论配图。,单象征物、观念具象、视觉隐喻。,用于以单一象征物表达抽象观念的杂志封面插画。,编辑插画;概念,社论插画,,概念;隐喻;象征,整理,published,V1.0
V20_T0004,信息图插画,Infographic Illustration,,V20,编辑与新闻插画 / 信息图插画,信息图插画是以插画方式可视化数据与流程的混合体裁，兼具信息密度与画面感，常见年报科普与生活方式专栏。,插画+数据、流程可视化、信息密度。,用于以插画方式呈现数据与流程的混合信息图。,编辑插画;信息图,社论插画,,信息图;数据;科普,整理,published,V1.0
V20_T0005,童话绘本,Fairy Tale Picture Book,,V20,绘本与儿童插画 / 童话绘本,童话绘本是以连续画面讲述童话故事的儿童书籍插画门类，画面叙事性强、角色造型可爱、色彩明快温暖适合低幼阅读。,连续叙事、角色可爱、明快温暖。,用于儿童童话故事的连续叙事绘本画面。,绘本;儿童,,,童话;叙事;儿童,整理,published,V1.0
V20_T0006,睡前故事插画,Bedtime Story Illustration,,V20,绘本与儿童插画 / 童话绘本,睡前故事插画是配合短篇睡前读物的舒缓画面，色调偏冷暗、笔触柔和、构图简洁，营造困倦宁静的入眠氛围。,冷暗色调、柔触困倦、宁静入眠。,用于营造入眠氛围的睡前读物柔和画面。,绘本;儿童,,,睡前;柔光;儿童,整理,published,V1.0
V20_T0007,动物角色绘本,Animal Character Picture Book,,V20,绘本与儿童插画 / 动物绘本,动物角色绘本是拟人化动物为主角的儿童绘本，动物造型圆润拟人化穿人服装，传递童趣与寓言式教育主题。,拟人动物、圆润造型、童趣寓言。,用于拟人动物主角的儿童寓言绘本画面。,绘本;动物,,,动物;拟人;寓言,整理,published,V1.0
V20_T0008,无字绘本,Wordless Picture Book,,V20,绘本与儿童插画 / 无字绘本,无字绘本是纯靠画面连续分镜讲故事的绘本门类，无文字也需让幼儿跟随构图与时间顺序理解叙事，画面信息密度高。,分镜叙事、无文连续、画面高密度。,用于纯画面分镜叙事无文字的儿童绘本。,绘本;儿童,,,无字;分镜;叙事,整理,published,V1.0
V20_T0009,矢量插画,Vector Illustration,,V20,矢量与扁平插画 / 矢量插画,矢量插画是用路径与公式描述图形的数字插画技法，无限放大不糊、色块平整边缘锐利，适合标志式图形与印刷输出。,无限缩放、色块平整、边缘锐利。,用于需无限缩放与平整色块的数字/印刷插画。,矢量;印刷,,,矢量;色块;印刷,整理,published,V1.0
V20_T0010,扁平插画,Flat Illustration,,V20,矢量与扁平插画 / 扁平插画,扁平插画是去除三维光影与纹理的纯色块插画风格，色块平涂、无渐变、用色阶暗示空间层次，是当下商业插画主流。,纯色平涂、无光影纹理、色阶空间。,用于去除光影以色块平涂的现代商业插画。,矢量;商业,,,扁平;色块;商业,整理,published,V1.0
V20_T0011,等距插画,Isometric Illustration,,V20,矢量与扁平插画 / 等距插画,等距插画是以30度等距投影呈现立体场景的矢量插画手法，无透视消失点、各方向比例一致，适合做产品功能与流程示意。,30度投影、无消失点、立体示意。,用于产品功能与流程的等距立体示意插画。,矢量;示意,,,等距;投影;示意,整理,published,V1.0
V20_T0012,渐变插画,Gradient Illustration,,V20,矢量与扁平插画 / 渐变插画,渐变插画是以双色或多色线性/径向渐变填充色块的现代扁平变体，比纯扁平更有空气感与光感，是当下科技品牌常用风。,双色渐变、空气光感、科技现代。,用于带渐变光感的科技品牌现代扁平插画。,矢量;商业,,,渐变;扁平;科技,整理,published,V1.0
V20_T0013,角色立绘,Character Illustration,,V20,角色插画 / 角色立绘,角色立绘是单角色全身或多角度的独立插画，重点是造型完整、姿态个性与道具特征，常作 IP 形象与卡牌游戏的视觉资产。,全身造型、姿态个性、独立资产。,用于单角色全身立绘作 IP 与卡牌视觉资产。,角色插画;IP,,,角色;立绘;IP,整理,published,V1.0
V20_T0014,表情包插画,Sticker Illustration,,V20,角色插画 / 表情包插画,表情包插画是社交平台用的小尺寸角色表情卡组，一套内角色造型一致、表情夸张情绪化，强调互动性与即时使用。,小卡组、造型一致、表情夸张。,用于社交媒体的角色表情卡组插画。,角色插画;社交,,,表情包;角色;社交,整理,published,V1.0
V20_T0015,头像插画,Avatar Illustration,,V20,角色插画 / 头像插画,头像插画是社交账号个人形象的小尺寸人物插画，重点在面部表情、风格辨识度与遮挡圆角适配，多为胸像或卡通风。,小尺寸胸像、辨识度高、圆角适配。,用于社交账号个人形象的卡通头像插画。,角色插画;社交,,,头像;角色;社交,整理,published,V1.0
V20_T0016,Q版角色,Chibi Character,,V20,角色插画 / Q版角色,Q版角色是头大身小比例夸张为2-3头身的可爱化角色造型，源自日本「ちび」概念，强调萌感圆润、表情夸张情绪化。,2-3头身、头大身小、萌感夸张。,用于2-3头身比例的萌系可爱角色插画。,角色插画;Q版,,,Q版;萌;比例,整理,published,V1.0
V20_T0017,广告插画,Advertising Illustration,,V20,商业风格插画 / 广告插画,广告插画是配合品牌广告campaign的视觉插画，需高辨识度、品牌一致性与产品突出，常作户外海报与社媒传播主视觉。,高辨识度、品牌一致、主视觉级。,用于品牌广告campaign高辨识度的主视觉插画。,商业插画;广告,,,广告;品牌;主视觉,整理,published,V1.0
V20_T0018,包装插画,Packaging Illustration,,V20,商业风格插画 / 包装插画,包装插画是直接印在产品包装上的视觉插画，需考虑承印材质、版型模切与货架视觉冲击，常作食品日化与文化衍生包装。,模切适配、高货架冲击、材质再现。,用于产品包装模切版型与货架冲击的插画。,商业插画;包装,,,包装;模切;货架,整理,published,V1.0
V20_T0019,科技插画,Tech Illustration,,V20,商业风格插画 / 科技插画,科技插画是面向科技公司品牌的现代插画风格，常用渐变色、几何抽象与发光元素，传达未来感AI感与产品智能属性。,渐变几何、发光未来、智能科技。,用于科技公司品牌的渐变未来感插画。,商业插画;科技,,,科技;渐变;未来,整理,published,V1.0
V20_T0020,书籍封面插画,Book Cover Illustration,,V20,商业风格插画 / 书籍封面插画,书籍封面插画是占据书籍封面主体的插画，需呼应内容、吸引读者并与书脊封底字版一体化设计，是出版物视觉门面。,呼应内容、吸引读者、字版一体。,用于书籍封面主体与字版一体化的门面插画。,商业插画;书籍,,,封面;书籍;出版,整理,published,V1.0
V20_T0021,社论漫画式插画,Political Cartoon Style,,V20,编辑与新闻插画 / 政治漫画,政治漫画式插画以夸张变形与讽刺符号评论政治人物与事件，线条粗黑、造型 caricature，依附时事而非纯新闻再现。,夸张变形、讽刺符号、粗黑线条。,用于以变形讽刺评论时事政治的社论漫画式插画。,编辑插画;政治,社论插画,新闻插画,政治;讽刺;漫画,整理,published,V1.0
V20_T0022,生活方式插画,Lifestyle Illustration,,V20,编辑与新闻插画 / 生活方式,生活方式插画呈现日常家居饮食旅行的柔和场景，色调温柔、构图亲切，常见杂志生活方式专栏与品牌内容营销。,温柔日常、亲切构图、生活方式专栏。,用于杂志生活方式专栏与品牌内容营销的柔和场景。,编辑插画;生活方式,,,生活方式;柔和;专栏,整理,published,V1.0
V20_T0023,科普插画,Popular Science Illustration,,V20,绘本与儿童插画 / 科普绘本,科普插画以儿童可读画面讲解科学原理与自然现象，造型简化但比例可信、配文字说明，常见少儿百科与博物杂志。,简化可信、配文说明、少儿百科。,用于儿童科普读物与博物杂志的简化科普画面。,绘本;科普,,,科普;儿童;博物,整理,published,V1.0
V20_T0024,立体翻翻书,Lift-the-Flap Book,,V20,绘本与儿童插画 / 立体书,立体翻翻书带可翻折立体结构的互动绘本插画，画面设计需考虑翻折机关与多层遮挡，强调触觉互动与惊喜机制。,翻折机关、多层遮挡、触觉互动。,用于带翻折机关与多层遮挡的儿童立体互动绘本。,绘本;互动,,,立体书;互动;机关,整理,published,V1.0
V20_T0025,纸芝居插画,Kamishibai Illustration,,V20,绘本与儿童插画 / 纸芝居,纸芝居插画是日本纸戏剧的连续画面叙事形式，画面顺序讲述故事、表演者抽换画片配讲，是现代绘本与幻灯叙事的鼻祖。,画片顺序、叙事连贯、抽换表演。,用于纸戏剧连续画片叙事与表演的儿童插画。,绘本;纸芝居,,,纸芝居;叙事;表演,整理,published,V1.0
V20_T0026,描边插画,Stroke Outline Illustration,,V20,矢量与扁平插画 / 描边扁平,描边插画在扁平色块外加统一粗细描边的扁平变体，比纯扁平更有造型边界与卡通感，是App引导图与品牌主插画的常用风。,色块加描边、粗细统一、卡通造型。,用于App引导图与品牌主插画的描边扁平风。,矢量;App,,,描边;扁平;App,整理,published,V1.0
V20_T0027,抽象插画,Abstract Illustration,,V20,矢量与扁平插画 / 抽象插画,抽象插画以几何形与色块表达概念情绪而非具象再现，依赖色彩心理与构图节奏，常见科技品牌与企业年报主视觉。,几何抽象、色彩心理、节奏构图。,用于科技品牌年报的几何抽象概念插画。,矢量;抽象,,,抽象;几何;品牌,整理,published,V1.0
V20_T0028,手绘扁平,Hand-drawn Flat,,V20,矢量与扁平插画 / 手绘扁平,手绘扁平是带笔触纹理感的手绘式扁平插画，色块边缘略带抖动不机械，比纯矢量扁平更具温度与人文气息。,手绘笔触、边缘抖动、温度人文。,用于带笔触温度的手绘式扁平插画。,矢量;手绘,,,手绘;扁平;笔触,整理,published,V1.0
V20_T0029,mascot设计,Mascot Design,,V20,角色插画 / 吉祥物,吉祥物设计是为品牌赛事创作拟人化角色形象，需造型简洁可复用、表情系统化、多姿势扩展，常作 IP 长期视觉资产。,简洁可复用、表情系统、多姿势。,用于品牌赛事的拟人化吉祥物长期IP形象。,角色插画;IP,,,吉祥物;IP;拟人,整理,published,V1.0
V20_T0030,Live2D立绘,Live2D Illustration,,V20,角色插画 / Live2D,Live2D立绘是分层绘制后由Live2D驱动微动的角色立绘，需按骨骼分层绘制各部件，赋予角色呼吸眨眼与微表情动态感。,分层绘制、骨骼驱动、呼吸微动。,用于Live2D分层驱动微动的角色立绘插画。,角色插画;Live2D,,,Live2D;立绘;分层,整理,published,V1.0
V20_T0031,魔幻角色,Fantasy Character,,V20,角色插画 / 魔幻角色,魔幻角色是奇幻设定的非现实角色插画，含精灵兽人机甲等造型，重装备细节与世界观设定，常见游戏卡牌与小说封面。,奇幻设定、装备细节、世界观强。,用于奇幻游戏卡牌与小说封面的非现实角色插画。,角色插画;魔幻,,,魔幻;角色;卡牌,整理,published,V1.0
V20_T0032,古风角色,Ancient Style Character,,V20,角色插画 / 古风角色,古风角色是以中国古代服饰发髻为造型的国风人物插画，重衣袂线条与纹样配饰，常见汉服IP网文封面与古风手游。,古代服饰、衣袂线条、纹样配饰。,用于汉服IP与古风手游的中国古代人物插画。,角色插画;古风,,,古风;汉服;国风,整理,published,V1.0
V20_T0033,电影海报插画,Movie Poster Illustration,,V20,商业风格插画 / 电影海报,电影海报插画是用于电影宣传的主视觉插画，需呼应剧情悬念与人物关系，构图中心化为电影感，常见手绘风复古风。,剧情悬念、人物关系、电影构图。,用于电影宣传主视觉与剧情悬念的电影海报插画。,商业插画;电影,,,海报;电影;宣传,整理,published,V1.0
V20_T0034,潮流盲盒插画,Blind Box Illustration,,V20,商业风格插画 / 盲盒插画,盲盒插画是潮玩盲盒 IP 的视觉化角色设计，造型圆润可爱、系列化主题配色、隐藏款配色作彩蛋，重在收藏抽奖惊喜感。,圆润可爱、系列配色、隐藏彩蛋。,用于潮玩盲盒IP的系列化角色视觉设计。,商业插画;潮玩,,,盲盒;潮玩;IP,整理,published,V1.0
V20_T0035,时装插画,Fashion Illustration,,V20,商业风格插画 / 时装插画,时装插画是以艺术化笔触表现服装设计与穿着氛围的插画，重面料质感与人体动态、笔触洒脱，常见时尚杂志与品牌lookbook。,面料质感、人体动态、笔触洒脱。,用于时尚杂志与品牌lookbook的服装设计插画。,商业插画;时尚,,,时装;面料;杂志,整理,published,V1.0
V20_T0036,墙绘插画,Mural Illustration,,V20,商业风格插画 / 墙绘,墙绘插画是直接绘制于实体墙面的大尺度商业插画，需考虑空间尺度、透视适配与远观视觉冲击，常见门店与公共空间。,大尺度墙面、透视适配、远观冲击。,用于门店与公共空间大尺度墙面绘制的商业插画。,商业插画;空间,,,墙绘;大尺度;空间,整理,published,V1.0
V20_T0037,唱片封面插画,Album Cover Illustration,,V20,商业风格插画 / 唱片封面,唱片封面插画是音乐专辑封面的主视觉插画，需呼应音乐风格与歌手形象，构图正方形适配黑胶CD与流媒体缩略图。,音乐风格、正方构图、流媒体缩略。,用于音乐专辑正方形主视觉与流媒体缩略的封面插画。,商业插画;音乐,,,唱片;封面;音乐,整理,published,V1.0
V20_T0038,吉祥物贴纸,Mascot Sticker,,V20,商业风格插画 / 吉祥物周边,吉祥物贴纸是品牌吉祥物衍生的实体周边插画，需多表情姿势与场景适配、印刷模切与背胶工艺，重收集性与品牌识别。,多表情姿势、模切背胶、收集识别。,用于品牌吉祥物衍生的多表情周边贴纸。,商业插画;周边,,,贴纸;周边;吉祥物,整理,published,V1.0
V20_T0039,复古旅行海报,Vintage Travel Poster,,V20,商业风格插画 / 旅行海报,复古旅行海报是20世纪中叶铁路航空旅行宣传的插画风格，色块平涂、构图对称、字母排版突出，传达怀旧旅行黄金时代感。,色块平涂、对称构图、字母突出。,用于复刻20世纪中叶旅行宣传的怀旧海报插画。,商业插画;复古,,,旅行;复古;海报,整理,published,V1.0
V20_T0040,产品说明插画,Product Manual Illustration,,V20,商业风格插画 / 说明插画,产品说明插画是用于说明产品结构与使用步骤的功能性插画，需步骤拆解与爆炸图视角、线条简洁准确，常见说明书与官网。,步骤拆解、爆炸视角、线条准确。,用于说明产品结构与使用步骤的功能性爆炸图插画。,商业插画;说明,,,说明;爆炸图;步骤,整理,published,V1.0
V21_T0001,少年漫画风,Shonen Manga Style,,V21,日漫风格 / 少年漫画,少年漫画风以锐利线条、夸张动作透视与激烈战斗分镜为特征，男性向重视热血友情与逆袭，线条粗黑节奏快。,锐线动作、夸张透视、热血分镜。,用于男性向热血战斗类日漫风格的少年漫画画面。,日漫;少年,少女漫画风,少女漫画风,少年;热血;动作,整理,published,V1.0
V21_T0002,少女漫画风,Shojo Manga Style,,V21,日漫风格 / 少女漫画,少女漫画风以柔和细线、闪亮网点眼睛与浪漫氛围分镜为特征，女性向重视情感与内心独白，线条细腻柔美。,柔细线条、闪眼网点、浪漫内心。,用于女性向浪漫情感类日漫风格的少女漫画画面。,日漫;少女,少年漫画风,,少女;浪漫;柔线,整理,published,V1.0
V21_T0003,热血漫画风,Hot-blooded Manga,,V21,日漫风格 / 热血漫画,热血漫画风聚焦青春奋斗与逆袭胜利的分镜风格，速度线密、表情夸张、动作大开大合，强调燃与决意瞬间。,速度线密、燃感决意、动作大开。,用于青春奋斗逆袭高潮瞬间的热血漫画分镜。,日漫;热血,,,热血;速度线;青春,整理,published,V1.0
V21_T0004,治愈漫画风,Iyashikei Manga,,V21,日漫风格 / 治愈漫画,治愈漫画风以舒缓日常与温柔氛围为特征，节奏缓慢、笔触柔和、留白多，传达平凡生活中的疗愈与暖意。,舒缓日常、柔触留白、疗愈暖意。,用于舒缓日常生活的治愈系温柔漫画画面。,日漫;治愈,,,治愈;日常;柔,整理,published,V1.0
V21_T0005,赛璐珞漫画风,Cel Manga Style,,V21,日漫风格 / 赛璐珞,赛璐珞漫画风指90年代日漫制作上色的赛璐珞手绘动画感漫画风，色块平整边缘锐利、阴影色阶分明，怀旧质感强。,平涂色块、锐利阴影、90年代怀旧。,用于复刻90年代手绘赛璐珞动画感的漫画画面。,日漫;赛璐珞,,,赛璐珞;怀旧;平涂,整理,published,V1.0
V21_T0006,彩色漫画风,Color Manga,,V21,日漫风格 / 彩色漫画,彩色漫画风指全彩印刷的日漫风格，比传统黑白多色阶层次与光感，常见少年Jump+与网漫平台，色块鲜亮节奏明快。,全彩印刷、鲜亮层次、网漫适用。,用于全彩网漫与Jump+风格的彩色日漫画面。,日漫;彩色,,,彩漫;网漫;全彩,整理,published,V1.0
V21_T0007,美漫英雄风,Superhero Comic,,V21,美漫风格 / 英雄漫画,美漫英雄风以厚实肌肉造型、戏剧光影与强对比高饱和为特征，分镜重视动作张力与对峙构图，漫威DC主流量产风。,肌肉厚实、戏剧光影、强对比张力。,用于漫威DC式英雄对峙与动作张力的美漫画面。,美漫;英雄,独立漫画风,,英雄;肌肉;张力,整理,published,V1.0
V21_T0008,独立漫画风,Indie Comic,,V21,美漫风格 / 独立漫画,独立漫画风是脱离主流出版体系的作者漫画风格，造型与叙事自由、笔触个人化、题材偏小众文艺，重作者表达而非量产。,造型自由、笔触个人、文艺小众。,用于作者向自由表达的独立文艺美漫画面。,美漫;独立,,,独立;作者;文艺,整理,published,V1.0
V21_T0009,地下漫画风,Underground Comic,,V21,美漫风格 / 地下漫画,地下漫画风是60-80年代美国反主流文化的地下漫画遗产，题材成人讽刺、造型粗野怪诞、印刷廉价错版，反建制姿态强。,粗野怪诞、讽刺成人、廉价错印。,用于反主流文化讽刺地下美漫的粗野怪诞画面。,美漫;地下,,,地下;讽刺;怪诞,整理,published,V1.0
V21_T0010,美漫上彩,American Comic Coloring,,V21,美漫风格 / 美漫上彩,美漫上彩是主流美漫的标准上彩法，以 cel-shading 平涂三种色阶（亮/中/暗）+ 高光与反射，强化肌肉与质感的塑料光感。,三色阶平涂、塑料高光、肌肉质感。,用于主流美漫三色阶cel-shading塑料光感的上彩。,美漫;上彩,,,上彩;cel-shading;色阶,整理,published,V1.0
V21_T0011,Graphic Novel风,Graphic Novel,,V21,美漫风格 / 图像小说,图像小说风是长篇完整叙事的成人化美漫画种，画面文学性强、构图电影感、题材严肃，注重一体化阅读体验而非连载分镜。,文学构图、电影分镜、严肃叙事。,用于长篇严肃叙事文学性强的图像小说画面。,美漫;图像小说,,,图像小说;文学;长篇,整理,published,V1.0
V21_T0012,条漫风,Webtoon Strip,,V21,韩漫与其他风格 / 条漫,条漫风是韩国Webtoon开创的竖向连续滚动阅读的漫画形式，分格沿竖轴流动、无翻页、适配手机竖屏，节奏由下拉控制。,竖向滚动、无翻页、手机竖屏。,用于竖向连续滚动适配手机竖屏的Webtoon条漫。,韩漫;条漫,,,条漫;Webtoon;竖屏,整理,published,V1.0
V21_T0013,韩漫上彩,Webtoon Coloring,,V21,韩漫与其他风格 / 韩漫上彩,韩漫上彩是Webtoon主流的全彩柔和上彩法，肤色皮肤透润、光线柔和过渡、背景照片化处理，比日漫更写实更生活化。,全彩柔润、写实照片背景、生活化。,用于Webtoon全彩柔润写实上彩的韩漫画面。,韩漫;上彩,,,韩漫;全彩;写实,整理,published,V1.0
V21_T0014,国漫风,Chinese Webcomic,,V21,韩漫与其他风格 / 国漫,国漫风是中国本土网络漫画的总称风格，融合日漫与韩漫上彩、题材含修仙古风都市言情，条漫与页漫并行，画风多元。,多元融合、修仙古风、题材混搭。,用于中国本土网络漫画修仙古风都市多元画风。,韩漫;国漫,,,国漫;修仙;多元,整理,published,V1.0
V21_T0015,法漫风,Bande Dessinée,,V21,韩漫与其他风格 / 法漫,法漫风是法语区Bande Dessinée的精装漫画传统，48页一册大8开精装、画风写实细腻、色彩油画感强，注重艺术品质而非连载。,精装大8开、写实细腻、油画色彩。,用于法语区精装写实油画感Bande Dessinée漫画。,法漫;BD,,,法漫;BD;精装,整理,published,V1.0
V21_T0016,页漫分格,Panel Layout,,V21,分格与版面 / 分格,页漫分格是传统翻页漫画的页面格子排布规律，按阅读顺序Z形或回字形排格、格间留白带（gutter）控制节奏与视线。,Z形排格、gutter留白、节奏控制。,用于传统翻页漫画按阅读顺序排布的页漫分格。,分格;页漫,,,分格;版面;节奏,整理,published,V1.0
V21_T0017,跨页大格,Splash Page,,V21,分格与版面 / 跨页大格,跨页大格是占整页或整对开页用于关键瞬间的特殊分格，无框或留白多，常作章节首尾与高潮冲击瞬间，视觉冲击强。,整对开页、无框留白、高潮冲击。,用于章节首尾与高潮瞬间的整页跨页大格冲击。,分格;跨页,,,跨页;splash;冲击,整理,published,V1.0
V21_T0018,网点纸,Screentone,,V21,网点与线条 / 网点,网点纸是传统日漫制作阴影与渐变的贴纸式网点纹理，以点密度与排列方式模拟灰阶与材质，是黑白漫画质感的核心载体。,贴纸网点、密度灰阶、纸质质感。,用于传统日漫贴网点纸模拟阴影与灰阶质感。,网点;日漫,,,网点;screentone;灰阶,整理,published,V1.0
V21_T0019,渐变网点,Gradient Screentone,,V21,网点与线条 / 渐变网点,渐变网点是从密到疏渐变排列的网点纸，用于制造光晕、天空与金属高光的柔和过渡，是日漫表现光感与空气感的关键。,密疏渐变、光晕过渡、空气光感。,用于日漫光晕天空金属高光的渐变网点过渡。,网点;渐变,,,渐变;网点;光晕,整理,published,V1.0
V21_T0020,墨线稿,Inking,,V21,网点与线条 / 墨线,墨线稿是漫画上线网点前的铅笔稿描墨工序，以不同粗细墨线区分前后景与材质、表达重量与运动，决定漫画骨架质感。,粗细分层、材质墨线、重量运动。,用于漫画描墨分层与材质区分的墨线稿。,线条;墨线,,,墨线;inking;描墨,整理,published,V1.0
V21_T0021,分镜脚本,Storyboard Script,,V21,连环叙事与分镜表现 / 分镜,分镜脚本是漫画与动画的前期脚本，以格为单位标注画面内容、机位、台词与动作，是文字到画面的关键转译文档。,格为脚本、机位标注、文字到画面。,用于漫画连环画前期分镜脚本的格内画面规划。,分镜;脚本,,,分镜;脚本;规划,整理,published,V1.0
V21_T0022,量感线,Weight Line,,V21,连环叙事与分镜表现 / 表现线,量感线是表达物体重量与冲击的密集短排线，集中于受力点与切面背光处，让漫画造型有体积与重力感而非飘浮。,密集短排、受力集中、体积重力。,用于漫画造型受力点与体积重量感的短排量感线。,分镜;量感线,,,量感线;排线;体积,整理,published,V1.0
V21_T0023,速度线,Speed Line,,V21,连环叙事与分镜表现 / 表现线,速度线是日漫表现高速运动与瞬间冲击的放射或平行排线，集中于主体周围强化运动方向与爆发瞬间，是日漫标志。,放射排线、运动方向、爆发瞬间。,用于日漫高速运动与爆发瞬间的放射速度线表现。,分镜;速度线,,,速度线;运动;日漫,整理,published,V1.0
V21_T0024,集中线,Focus Line,,V21,连环叙事与分镜表现 / 表现线,集中线是从画面四周向主体放射的聚焦排线，牵引视线至焦点并制造戏剧凝视感，常用于美漫与日漫的对峙瞬间。,四周放射、聚焦视线、戏剧凝视。,用于聚焦视线至主体并制造戏剧凝视感的放射集中线。,分镜;集中线,,,集中线;聚焦;戏剧,整理,published,V1.0
V21_T0025,效果线,Effect Line,,V21,连环叙事与分镜表现 / 表现线,效果线是表达风、火、爆炸、冲击等非具象能量的抽象排线，由手绘曲线与放射排线组合，是漫画氛围动作的语言。,抽象排线、风火冲击、氛围动作。,用于漫画风火爆炸冲击的能量抽象效果线表现。,分镜;效果线,,,效果线;氛围;动作,整理,published,V1.0
V21_T0026,漫符号,Manga Symbol,,V21,连环叙事与分镜表现 / 漫符号,漫符号是日漫约定俗成的情绪与状态图形符号（青筋、汗滴、十字路口、爆青），快速传达情绪比表情更高效是日漫特色。,情绪图形、约定符号、速表情绪。,用于日漫约定情绪符号青筋汗滴爆青的速表画面。,分镜;符号,,,符号;情绪;日漫,整理,published,V1.0
V21_T0027,无框格,Borderless Panel,,V21,分格与版面 / 无框格,无框格是去除边框让画面融入页面留白的分格手法，弱化格界增强画面延展感，常作情绪独白与记忆闪回瞬间。,无框延展、融入留白、情绪独白。,用于情绪独白与记忆闪回瞬间的无框分格延展画面。,分格;无框,,,无框;留白;情绪,整理,published,V1.0
V21_T0028,叠格,Overlapping Panel,,V21,分格与版面 / 叠格,叠格是后格压在前格之上的分格手法，制造时间交错与焦点关系，常作反应镜头叠在主动作格之上呈现内外情绪。,格压叠、时间交错、内外叠呼。,用于反应镜头叠于主动作格之上的叠格表现。,分格;叠格,,,叠格;时间;反应,整理,published,V1.0
V21_T0029,斜切格,Diagonal Panel,,V21,分格与版面 / 斜切格,斜切格是斜切边框打破横竖网格的分格手法，制造不安与动态张力，常作动作爆发与精神错乱瞬间的版面打破。,斜切破网、动态张力、爆发错乱。,用于动作爆发与精神错乱瞬间的斜切破格版面。,分格;斜切,,,斜切;张力;爆发,整理,published,V1.0
V21_T0030,出血格,Bleed Panel,,V21,分格与版面 / 出血格,出血格是画面延伸到页面裁切边之外的满版分格，无页边距、视觉无界冲击，常作章末与高潮瞬间拉满阅读沉浸感。,满版无界、裁切出血、沉浸冲击。,用于章末高潮瞬间的满版出血格拉满沉浸冲击。,分格;出血,,,出血;满版;沉浸,整理,published,V1.0
V21_T0031,手绘网点,Hand-drawn Tone,,V21,网点与线条 / 手绘网点,手绘网点是以钢笔排线手绘模拟网点灰阶的纯手工技法，比贴网点更松更随意、有人文笔迹感，常见独立漫画与素描风。,手工排线、笔迹人文、松散随意。,用于以钢笔手绘排线模拟灰阶的人文感网点。,网点;手绘,,,手绘;排线;人文,整理,published,V1.0
V21_T0032,刮网,Tone Scraping,,V21,网点与线条 / 刮网,刮网是用刀刮去已贴网点制造高光与亮部的技法，让暗部网层显出形状白与渐变光斑，是日漫高光与体积光的关键手法。,刮白高光、渐变光斑、网层显形。,用于刮去已贴网点制造高光与体积光的日漫技法。,网点;刮网,,,刮网;高光;光斑,整理,published,V1.0
V21_T0033,重叠网点,Layered Tone,,V21,网点与线条 / 重叠网点,重叠网点是以两层或多层不同角度网点叠加产生的新灰阶与材质纹理，常用于制造金属反光与复杂材质而非单层平网。,多层叠网、新阶新纹、金属反光。,用于多层网点叠加制造复杂材质与反光的技法。,网点;重叠,,,重叠;材质;金属,整理,published,V1.0
V21_T0034,素描线稿,Pencil Sketch,,V21,网点与线条 / 素描线稿,素描线稿是保留铅笔素描感的漫画线稿风格，未上墨线仅有铅痕、笔触松散有未完成感，常作独立漫画与概念速写风。,铅笔素描、未上墨线、松散未完成。,用于保留铅笔素描感的独立漫画素描线稿风格。,线条;素描,,,素描;铅笔;概念,整理,published,V1.0
V21_T0035,抖笔线,Wobbly Line,,V21,网点与线条 / 抖笔线,抖笔线是刻意抖动手绘产生的不平整线条，传达手作温度与神经性紧张感，常见独立漫画、童书与情绪化叙事画面。,手作温度、神经紧张、抖动不平。,用于刻意手抖传达温度与紧张感的抖笔线条。,线条;抖笔,,,抖笔;手作;紧张,整理,published,V1.0
V21_T0036,四格漫画,4-koma Manga,,V21,韩漫与其他风格 / 四格,四格漫画是以四格竖排讲一个完整起承转合小笑话的日漫形式，节奏固定、造型一致、爆点在末格反转，是经典短漫形式。,四格竖排、起承转合、末格反转。,用于四格竖排讲起承转合小笑话的经典短漫形式。,四格;短漫,,,四格;短漫;反转,整理,published,V1.0
V21_T0037,连环画风,Chinese Lianhuanhua,,V21,韩漫与其他风格 / 连环画,连环画风是中国20世纪中叶小人书的传统叙事连环画风格，线描单色、图配文、64开小开本、题材含历史故事与革命题材。,线描单色、图配文、64开小人书。,用于复刻中国20世纪中叶小人书连环画线描风格。,连环画;小人书,,,连环画;小人书;复古,整理,published,V1.0
V21_T0038,欧漫风,European Comic,,V21,韩漫与其他风格 / 欧漫,欧漫风是欧洲漫画的写实细腻画风总称，融合法漫的精装写实与意大利漫画的电影分镜，色彩厚重造型精微、注重艺术性。,写实细腻、电影分镜、厚重艺术。,用于欧洲写实细腻厚重艺术感的欧漫风格画面。,欧漫;写实,,,欧漫;写实;电影,整理,published,V1.0
V21_T0039,Q版漫画,Chibi Manga,,V21,韩漫与其他风格 / Q版漫画,Q版漫画是以2-3头身萌系造型讲日常的Q版漫画形式，造型圆润可爱、表情夸张情绪化，常见泡面番与四格衍生短漫。,2-3头身、萌系造型、泡面番适用。,用于2-3头身萌系造型的Q版泡面番短漫。,Q版;短漫,,,Q版;萌;泡面番,整理,published,V1.0
V21_T0040,像素漫画,Pixel Comic,,V21,韩漫与其他风格 / 像素漫画,像素漫画是以像素艺术风格绘制的漫画形式，画面由像素点构成、调色板受限、复古8-16位机感强，常见复古游戏题材衍生。,像素点构成、调色板限、16位机感。,用于像素艺术风格的复古8-16位机感漫画。,像素;复古漫画,,,像素;复古;16位,整理,published,V1.0
V22_T0001,文字标识,Wordmark,,V22,标志与字标 / 文字标,文字标识是仅以品牌名定制化字体呈现的标识形式，无附属图形、依赖字型笔画与字间距塑造识别度，常见可口可乐Google。,纯字定制、无附属图形、字型识别。,用于仅以品牌定制字型呈现识别的文字标识设计。,标志;字标,字母标识,字母标识,wordmark;字型;识别,整理,published,V1.0
V22_T0002,字母标识,Lettermark,,V22,标志与字标 / 字母标,字母标识以品牌首字母缩写呈现的标识形式，常用于冗长机构名简化（IBM、NASA），需定制字型与识别度统一整体调性。,缩写字型、机构简化、定制统一。,用于品牌首字母缩写定制的字母标识设计。,标志;字标,文字标识,,字母标;缩写;机构,整理,published,V1.0
V22_T0003,图形标志,Brandmark / Pictorial Mark,,V22,标志与字标 / 图形标,图形标志是纯图形无文字的品牌标识，依赖具象或抽象图形传达品牌精神（如苹果被咬苹果、Nike勾），国际通用无语言障碍。,纯图形无线字、国际通用、精神象征。,用于纯图形无文字传达品牌精神的图形标志。,标志;图形标,抽象标志,,图形标;象征;国际,整理,published,V1.0
V22_T0004,抽象标志,Abstract Mark,,V22,标志与字标 / 抽象标,抽象标志是非具象几何形构成的图形标志，借形与色传达品牌理念（Pepsi圆、 Mitsubishi三菱），无具体物但识别度强易注册。,抽象几何、理念传达、易注册。,用于非具象几何形传达理念易注册的抽象标志。,标志;抽象标,图形标志,,抽象标;几何;注册,整理,published,V1.0
V22_T0005,组合标志,Combination Mark,,V22,标志与字标 / 组合标,组合标志是图形与文字标识组合于一体的标志形式，可整体可拆分使用，灵活性最强是商用最主流的标识形式。,图文组合、可拆分用、主流商用。,用于图形与文字可整体可拆分使用的组合标志。,标志;组合标,,,组合标;图文;主流,整理,published,V1.0
V22_T0006,徽章标志,Emblem,,V22,标志与字标 / 徽章标,徽章标志是文字嵌入图形内部的封闭式标识形式，传统感强、官方调性，常见政府机构大学与咖啡品牌Starbucks。,文字嵌图、封闭传统、官方调性。,用于文字嵌入图形的传统官方徽章式标识。,标志;徽章,,,徽章;封闭;传统,整理,published,V1.0
V22_T0007,动态标志,Dynamic Logo,,V22,标志与字标 / 动态标,动态标志是可在不同场景自适应变形的活体标识系统，保留识别核心但形色可变，常见数字品牌与媒体网络频道。,自适应变形、核心不变、数字品牌。,用于不同场景自适应变形的活体动态标志系统。,标志;动态,,,动态;自适应;数字,整理,published,V1.0
V22_T0008,吉祥物标志,Mascot Logo,,V22,标志与字标 / 吉祥标,吉祥物标志以拟人化角色为品牌代言的标识形式，亲和力强适合家庭体育与食品品牌，是品牌人格化的具象表达载体。,拟人代言、亲和人格、家庭体育。,用于拟人化角色代言品牌的吉祥物标志设计。,标志;吉祥标,,,吉祥标;拟人;代言,整理,published,V1.0
V22_T0009,应用图标,App Icon,,V22,图标系统 / 应用图标,应用图标是手机桌面与商店展示的应用程序标识图标，需在小尺寸高辨识、圆角适配各平台规范、隐喻功能用途。,小尺寸高辨、圆角适配、功能隐喻。,用于手机桌面与商店高辨识圆角适配的应用图标。,图标;应用,,,app图标;圆角;高辨,整理,published,V1.0
V22_T0010,系统图标,System Icon,,V22,图标系统 / 系统图标,系统图标是界面操作的功能性小图标（保存返回删除），需统一笔画粗细、网格对齐、含义明确，是设计系统的骨架组成。,笔画统一、网格对齐、含义明确。,用于设计系统统一笔画与网格对齐的功能图标。,图标;系统,,,系统图标;笔画;网格,整理,published,V1.0
V22_T0011,线性图标,Outline Icon,,V22,图标系统 / 线性图标,线性图标以纯线条勾勒无填充的图标形式，轻量简洁适配现代扁平UI，需统一线粗与端点圆角，轻快但对比度弱。,纯线无填、轻量现代、统一线粗。,用于统一线粗与端点圆角的轻量线性图标。,图标;线性,,,线性;outline;轻量,整理,published,V1.0
V22_T0012,填充图标,Solid Icon,,V22,图标系统 / 填充图标,填充图标以纯色块填充为底的图标形式，对比强识别度高，适合小尺寸与深色背景，是 Material Design 主流。,色块填充、对比强、小尺寸识别。,用于色块填充对比强的小尺寸高识别图标。,图标;填充,,,填充;solid;对比,整理,published,V1.0
V22_T0013,双色图标,Duotone Icon,,V22,图标系统 / 双色图标,双色图标以两种颜色（主色+辅色）组合的图标形式，常以主色填外形辅色填内部细节，比单色更立体但仍简洁。,主辅双色、主外辅内、立体简洁。,用于主辅双色组合的立体简洁图标设计。,图标;双色,,,双色;duotone;立体,整理,published,V1.0
V22_T0014,栅格图标,Grid Icon,,V22,栅格与造型规范 / 图标栅格,栅格图标是按等距栅格与笔画规范绘制的图标系统，保证多个图标视觉重量与对齐一致，是 Material 与 iOS 图标规范核心。,等距栅格、笔画规范、视觉一致。,用于按栅格与笔画规范保证视觉一致的图标系统。,图标;栅格,,,栅格;规范;一致,整理,published,V1.0
V22_T0015,像素栅格,Pixel Grid,,V22,栅格与造型规范 / 像素栅格,像素栅格是按像素整数对齐绘制图标以保证小尺寸锐利不糊的栅格法，每一笔落整像素、避免抗锯齿模糊、是App图标必备规范。,像素对齐、整像素落笔、小尺寸锐利。,用于整像素对齐保证小尺寸锐利的App图标栅格。,图标;像素栅格,,,像素栅格;对齐;锐利,整理,published,V1.0
V22_T0016,象形符号,Pictogram,,V22,象形与符号 / 象形符号,象形符号是以简化图形表达实物含义的通用符号（洗手间男女等），无需文字跨语言可读，是公共导视与国际标准核心。,简化图形、跨语言可读、公共导视。,用于跨语言可读的公共导视简化象形符号。,符号;象形,,,象形;公共;导视,整理,published,V1.0
V22_T0017,交通符号,Traffic Symbol,,V22,象形与符号 / 交通符号,交通符号是道路标识的标准化象形符号系统，需高对比全天候可读距离远，受国家交通法规约束定型不可自由发挥。,高对比法规、全天候可读、距离远。,用于道路标识标准化高对比的交通象形符号。,符号;交通,,,交通;法规;标准,整理,published,V1.0
V22_T0018,VI系统,Visual Identity System,,V22,品牌标识应用 / VI系统,VI系统是企业视觉识别的整套规范体系，含标志、字体、色板、辅助图形与应用守则，确保跨媒介跨场景品牌调性统一。,整套规范、跨媒介统一、调性约束。,用于企业跨媒介跨场景统一调性的VI视觉识别系统。,品牌;VI,,,VI;规范;识别,整理,published,V1.0
V22_T0019,品牌色板,Brand Color Palette,,V22,品牌标识应用 / 品牌色,品牌色板是VI中规定品牌主辅与中性色的色板规范，含RGB/CMYK/HEX多色彩空间值与使用比例，约束品牌调色统一性。,主辅中性色、多空间值、使用比例。,用于规定品牌主辅中性色与多空间值的品牌色板规范。,品牌;色板,,,色板;VI;规范,整理,published,V1.0
V22_T0020,辅助图形,Supporting Graphic,,V22,品牌标识应用 / 辅助图形,辅助图形是VI中配合标志使用的延展图形系统，源自标志基因或几何规律扩展，负责填充版面与延展品牌识别到不同媒介。,标志延展、填版延展、基因扩展。,用于配合标志延展识别到不同媒介的辅助图形系统。,品牌;辅助图形,,,辅助图形;延展;VI,整理,published,V1.0
V22_T0021,单色标志,Monochrome Logo,,V22,标志与字标 / 单色标,单色标志是仅以一种颜色可重现的标识形式，强反差适配复印、激光雕刻与单色印刷，是VI中最低保障版本必备。,单色可印、反差强、低保障版。,用于仅以一种颜色复印雕刻重现的单色标志。,标志;单色,,,单色;反差;VI备份,整理,published,V1.0
V22_T0022,反白标志,Reverse Logo,,V22,标志与字标 / 反白标,反白标志是标志在深色背景下的反色版本，需保证识别度与笔画不糊，与彩色版同等重要是VI必备的应用版本。,深底反色、识别保留、笔画不糊。,用于深色背景下反色保留识别的反白标志版本。,标志;反白,,,反白;反色;VI备份,整理,published,V1.0
V22_T0023,水平比例版,Horizontal Lockup,,V22,标志与字标 / 比例版,水平比例版是图形与文字水平排列的标志布局，适合横幅顶部与宽版应用，是组合标志的常规比例版本之一。,图文水平、横幅顶用、宽版适配。,用于图文水平排列适配横幅宽版的水平比例标志。,标志;比例版,,,比例版;水平;宽版,整理,published,V1.0
V22_T0024,垂直比例版,Vertical Lockup,,V22,标志与字标 / 比例版,垂直比例版是图形在上文字在下的纵向排列标志布局，适合正方形空间与窄宽度应用，是组合标志的另一比例版本。,图上文下、纵向窄版、正方适配。,用于图上文下适配窄版正方空间的垂直比例标志。,标志;比例版,,,比例版;垂直;窄版,整理,published,V1.0
V22_T0025,最小尺寸,Minimum Size,,V22,栅格与造型规范 / 最小尺寸,最小尺寸是VI规范中标志可印刷的最小尺寸下限，按像素或毫米规定保证笔画不糊可读，是品质控制的红线。,最小下限、笔画不糊、品质红线。,用于保证标志在小尺寸印刷不糊的最小尺寸规范。,规范;最小尺寸,,,最小尺寸;规范;红线,整理,published,V1.0
V22_T0026,安全空间,Clear Space,,V22,栅格与造型规范 / 安全空间,安全空间是标志四周必须保留的最小空白隔离区，按标志内某元素高度的倍数计算，禁止其他元素入侵保证识别不受扰。,四周隔离、倍数计算、识别保护。,用于保证标志识别不受扰的最小安全隔离空间规范。,规范;安全空间,,,安全空间;隔离;规范,整理,published,V1.0
V22_T0027,品牌字体规范,Brand Typography,,V22,品牌标识应用 / 品牌字体,品牌字体规范是VI规定品牌专用字体与字体层级（标题/副标/正文）的字号字重行距规范，约束跨媒介文字呈现统一性。,专用字族、层级规范、跨媒统一。,用于规定品牌专用字体与字号字重层级的字体规范。,品牌;字体规范,,,字体;规范;VI,整理,published,V1.0
V22_T0028,名片应用,Business Card Application,,V22,品牌标识应用 / 名片,名片应用是VI规范中名片版式的标志摆放、信息层级与材质工艺规定，是最基础也是最高频的品牌物料落地示例。,名片版式、层级清晰、材质工艺。,用于规范名片版式标志摆放与材质工艺的品牌应用。,品牌;名片,,,名片;版式;VI,整理,published,V1.0
V22_T0029,信封信纸,Letterhead Envelope,,V22,品牌标识应用 / 文具,信封信纸是VI中办公用品基础物料的版式规范，规定标志位置、抬头信息与文字排版，是书面商务沟通的品牌承载。,办公文具、抬头信息、书面承载。,用于规范办公信封信纸抬头与标志摆放的VI物料。,品牌;文具,,,信封信纸;文具;VI,整理,published,V1.0
V22_T0030,徽章变体,Badge Variant,,V22,标志与字标 / 徽章变体,徽章变体是标志在限定圆形或盾形容器内的适配版本，常作社群头像与社交衍生应用，保留识别核心但适配异形容器。,圆形盾形、头像适配、异形容器。,用于适配限定圆形盾形容器的徽章变体标志版本。,标志;变体,,,徽章;变体;头像,整理,published,V1.0
V22_T0031,字体图形标志,Letterform Mark,,V22,标志与字标 / 字母字体标,字体图形标志是以单字母经几何变形传达品牌个性的标识形式，介于字母标与抽象标之间，依赖字型造型识别度高。,单字母变形、字型造型、介于字母标与抽象。,用于单字母几何变形传达个性的字母字体标志性。,标志;字母字体标,,,字型;变形;字母,整理,published,V1.0
V22_T0032,图标语义层,Icon Semantic Layer,,V22,图标系统 / 语义层,图标语义层是图标系统按抽象程度分层（核心功能、操作动作、状态指示）的语义组织，便于使用与跨平台一致替换。,分层组织、抽象分级、跨平台替换。,用于按抽象程度分层的图标系统语义层组织。,图标;语义层,,,语义层;分层;系统,整理,published,V1.0
V22_T0033,状态图标,Status Icon,,V22,图标系统 / 状态图标,状态图标指示系统或操作当前状态（在线离线、加载完成错误），需色彩与图形双重编码且状态过渡自然易识别。,双重编码、状态指示、过渡易识。,用于指示系统或操作当前状态的状态图标设计。,图标;状态,,,状态;编码;指示,整理,published,V1.0
V22_T0034,手势图标,Gesture Icon,,V22,图标系统 / 手势图标,手势图标以手部简化图形指示触屏或体感的操作手势，需识别度高、避免手指遮挡歧义，常见移动端与体感交互教程。,手部简化、触屏体感、避免歧义。,用于指示触屏与体感操作手势的简化手部图标。,图标;手势,,,手势;触屏;体感,整理,published,V1.0
V22_T0035,数据统计符号,Statistical Glyph,,V22,象形与符号 / 统计符号,统计符号是数据图表中表达涨跌与对比的符号体系（上下箭头、柱条颜色），颜色与方向双重编码避免色盲歧义是关键。,方向箭头、颜色编码、色盲友好。,用于数据图表方向与涨跌对比的双重编码符号。,符号;统计,,,统计;箭头;色盲,整理,published,V1.0
V22_T0036,ISO符号,ISO Symbol,,V22,象形与符号 / ISO符号,ISO符号是国际标准化组织规定的图形符号体系，含公共信息、安全、防火等类别，国际通用识别度强受法律约束定型。,国际标准、公共安全、法约定型。,用于ISO国际标准化公共安全图形符号体系。,符号;ISO,,,ISO;标准;公共,整理,published,V1.0
V22_T0037,品牌IP形象,Brand IP Character,,V22,品牌标识应用 / IP形象,品牌IP形象是以拟人化角色长期承载品牌人格的视觉资产，需多表情姿势场景扩展与性格设定，是品牌代言的高级形式。,拟人长线、多扩展、性格设定。,用于承载品牌人格的拟人化长期IP形象资产。,品牌;IP,,,IP;拟人;长线,整理,published,V1.0
V22_T0038,品牌动效,Motion Branding,,V22,品牌标识应用 / 品牌动效,品牌动效是品牌在影片与界面中标志的动态演绎，按品牌节奏规定出现停留与离开的动效曲线，是数字品牌识别的延展。,标志动态、节奏曲线、数字延展。,用于规定品牌标志在影片与界面动态演绎的动效规范。,品牌;动效,,,动效;品牌;数字,整理,published,V1.0
V22_T0039,品牌声音,Sonic Branding,,V22,品牌标识应用 / 品牌声音,品牌声音是品牌听觉识别的标志性音效或旋律，与视觉标志共同承载品牌记忆，是跨感官品牌系统的听觉组成。,听觉识别、跨感官、标志性旋律。,用于承载品牌识别的听觉标志性音效或旋律规范。,品牌;声音,,,声音;听觉;识别,整理,published,V1.0
V22_T0040,黑稿标志,Black-only Logo,,V22,标志与字标 / 黑稿标,黑稿标志是仅用纯黑100%呈现的标志版本，用于黑白印刷、传真与同色背景叠加，是VI中最简适配最广的底线版本。,纯黑100%、黑白印刷、最简底线。,用于纯黑可传真黑白印刷同色叠黑稿标志底线版本。,标志;黑稿,,,黑稿;纯黑;底线,整理,published,V1.0
V23_T0001,折叠纸盒,Folding Carton,,V23,包装结构与容器 / 折叠盒,折叠纸盒是以单张纸板经模切折痕粘合成型的轻便包装盒，可平铺运输现场撑开，是日用化妆品食品主流包装形式。,单张模切、平铺运输、现场撑开。,用于单张纸板模切折叠成型的轻便纸盒包装结构。,包装;折叠盒,硬质盒,,折叠;纸板;模切,整理,published,V1.0
V23_T0002,硬质盒,Rigid Box,,V23,包装结构与容器 / 硬质盒,硬质盒是以厚硬纸板粘合成型不可折叠的厚重包装盒，质感高级、易碎品防护好，常作奢侈品电子与礼盒包装。,厚重不可折、高级防护、奢侈品用。,用于厚重不可折叠的奢侈品与礼盒硬质包装盒。,包装;硬质盒,折叠纸盒,,硬盒;厚重;礼盒,整理,published,V1.0
V23_T0003,软管包装,Tube Packaging,,V23,包装结构与容器 / 软管,软管包装是以可挤压塑料或铝管装载膏状内容物的容器，需考虑头部口径与尾部封尾压纹，是日化化妆品药品常用容器。,可挤膏体、头部口径、尾部压纹。,用于可挤压膏状内容物的软管容器包装结构。,包装;软管,,,软管;膏体;日化,整理,published,V1.0
V23_T0004,玻璃瓶,Glass Bottle,,V23,包装结构与容器 / 玻璃瓶,玻璃瓶是以玻璃为材的密封容器，化学稳定可回收、质感高级透光可染色，是酒类香水与高端饮料首选容器。,化学稳定、透光可染、高级可回。,用于玻璃材质可染色透光的高级密封容器包装。,包装;玻璃瓶,,,玻璃;密封;酒类,整理,published,V1.0
V23_T0005,马口铁罐,Tin Can,,V23,包装结构与容器 / 金属罐,马口铁罐以镀锡铁皮制罐身加底盖的金属容器，防潮避光密封强、印刷可精、是茶叶奶粉与复古食品的经典包装。,镀锡铁皮、防潮避光、复古经典。,用于镀锡铁皮防潮避光的茶叶奶粉复古金属罐包装。,包装;金属罐,,,马口铁;罐;复古,整理,published,V1.0
V23_T0006,吸塑泡罩,Blister Pack,,V23,包装结构与容器 / 吸塑泡罩,吸塑泡罩以塑料泡罩加热封纸卡封装产品可见又防拆的包装形式，常作五金小件药品与电池的防盗陈列包装。,泡罩塑卡、可见防拆、陈列防盗。,用于可见又防拆的泡罩加热封纸卡陈列包装结构。,包装;吸塑,,,吸塑;泡罩;防盗,整理,published,V1.0
V23_T0007,UV印刷,UV Printing,,V23,材质与工艺 / UV工艺,UV印刷是以紫外线固化油墨的印刷工艺，干燥快光泽高可在塑料金属玻璃等非吸收材质直接印刷，是包装特殊材质高光印刷主流。,紫外固化、高光快干、非吸收材质。,用于紫外固化高光在非吸收材质印刷的UV印刷工艺。,工艺;UV,,,UV;固化;高光,整理,published,V1.0
V23_T0008,烫金工艺,Hot Foil Stamping,,V23,材质与工艺 / 烫印,烫金工艺以热压金属箔转印到承印物表面的高档装饰工艺，金箔银箔镭射箔可印在纸塑皮革，是奢侈品包装标志装饰。,热压金属箔、高档装饰、多材可印。,用于热压金属箔转印到多材质的高档包装烫金工艺。,工艺;烫金,,,烫金;金属箔;高档,整理,published,V1.0
V23_T0009,击凸工艺,Embossing,,V23,材质与工艺 / 击凸,击凸工艺以模具在纸板表面压出立体凹凸纹理的装饰工艺，无油墨仅靠光影立体感，是高端酒标与礼盒低调奢华装饰。,模具压凹凸、无墨立体、光影装饰。,用于模具压出立体凹凸纹理的高端纸包装击凸工艺。,工艺;击凸,,,击凸;立体;装饰,整理,published,V1.0
V23_T0010,覆膜工艺,Lamination,,V23,材质与工艺 / 覆膜,覆膜工艺以透明薄膜热压覆于印刷品表面增加光泽与防护的工艺，分光膜哑膜镭射膜，是包装盒封面防潮耐磨主流。,薄膜热压、光哑镭射、防潮耐磨。,用于透明薄膜覆于印刷品增光防护的覆膜工艺。,工艺;覆膜,,,覆膜;防潮;光哑,整理,published,V1.0
V23_T0011,模切压痕,Die Cutting,,V23,材质与工艺 / 模切,模切压痕以钢刀钢线在纸板上切出外轮廓并压出折痕的工艺，决定折叠盒形状与折角精准度，是纸包装成型核心工艺。,钢刀切外廓、钢线压折痕、精准成型。,用于钢刀钢线在纸板切外廓压折痕的模切成型工艺。,工艺;模切,,,模切;折痕;成型,整理,published,V1.0
V23_T0012,局部UV,Spot UV,,V23,材质与工艺 / 局部UV,局部UV是在印刷指定区域上UV光油制造高光对比的装饰工艺，与哑面形成质感反差，是高端名片与包装低调亮点的细节。,指定高光、哑面反差、低调亮点。,用于印刷指定区域上UV光油制造高光反差的局部UV工艺。,工艺;局部UV,,,局部UV;反差;细节,整理,published,V1.0
V23_T0013,CMF设计,CMF Design,,V23,产品造型与CMF / CMF,CMF设计是产品色彩材质表面处理的统一规划，三者协同决定产品的视觉触觉与品质感知，是工业设计后期落地关键。,色材治三协、视触感知、落地关键。,用于产品色彩材质表面处理三协统一的CMF规划。,产品;CMF,,,CMF;色材治;规划,整理,published,V1.0
V23_T0014,注塑工艺,Injection Molding,,V23,产品造型与CMF / 注塑,注塑工艺以熔融塑料高压注入金属模具冷却成型的批量生产工艺，是塑料制品成本最低产能最高、需可脱模壁厚均匀。,熔塑注入、冷却脱模、壁厚均匀。,用于熔融塑料注入模具冷却成型的批量注塑工艺规定。,产品;注塑,,,注塑;塑料;量产,整理,published,V1.0
V23_T0015,阳极氧化铝,Anodized Aluminum,,V23,产品造型与CMF / 阳极氧化,阳极氧化铝是以电化学在铝表面生成硬质氧化膜的CMF工艺，硬度高染色可控质感细腻，是苹果产品与高端电子首选 CMF。,电化学膜、染色可控、质感细腻。,用于电化学在铝表面生成染色硬质膜的CMF阳极氧化工艺。,产品;阳极氧化,,,阳极氧化;铝;CMF,整理,published,V1.0
V23_T0016,CNC切削,CNC Machining,,V23,产品造型与CMF / CNC,CNC切削以数控机床从金属坯料切出产品结构的精密加工工艺，精度高质感好、是高端金属机身与原型样机的成型首选。,数控切削、精度高质感好、金属成型。,用于数控机床从金属坯料精密切出结构的CNC工艺。,产品;CNC,,,CNC;切削;金属,整理,published,V1.0
V23_T0017,样机mockup,Mockup,,V23,样机与mockup / 样机,样机mockup是以模型或渲染模拟产品最终落地效果的预览场景，含空白产品图与PSD模板套图，是设计提案视觉化关键。,落地预览、空白套图、提案视觉化。,用于模拟产品最终落地效果的样机mockup预览场景。,样机;mockup,,,mockup;样机;预览,整理,published,V1.0
V23_T0018,场景化mockup,Scene Mockup,,V23,样机与mockup / 场景mockup,场景化mockup 把产品植入真实或虚拟使用环境中的样机形式，比纯白底mockup更传达使用情境与情感氛围，是提案高阶形式。,使用场景、情境情感、提案高阶。,用于产品植入使用场景传达情境的场景化mockup。,样机;场景,,,场景;mockup;提案,整理,published,V1.0
V23_T0019,人因工学,Ergonomics,,V23,人因与功能形态 / 人因,人因工学是按人体测量与运动生理设计产品形态与尺寸的设计原则，确保握持操作长期使用舒适安全，是工业设计根基。,人体测量、握持舒适、长期安全。,用于按人体测量与运动生理设计产品形态的人因工学要素。,人因;工业设计,,,人因;测量;握持,整理,published,V1.0
V23_T0020,握持曲线,Grip Curve,,V23,人因与功能形态 / 握持,握持曲线是产品握把与手部接触的曲面设计，按手部解剖与受力分析优化弧度与材质，是手机鼠标工具手柄舒适度核心。,解剖弧度、受力分布、握持舒适。,用于按手部解剖优化弧度与材质的握持曲线设计。,人因;握持,,,握持;解剖;曲线,整理,published,V1.0
V23_T0021,标签贴纸,Label Sticker,,V23,包装结构与容器 / 标签,标签贴纸是置于容器或产品上传达信息的纸质或薄膜小贴附，含成分条码价格与品牌，是包装信息层最灵活载体。,小贴载信、信息层活、成分条码。,用于容器产品上传达成分条码信息的标签贴纸。,包装;标签,,,标签;贴纸;信息,整理,published,V1.0
V23_T0022,真空包装,Vacuum Packaging,,V23,包装结构与容器 / 真空包装,真空包装是抽尽容器内空气后封口的保鲜包装形式，隔绝氧气延长保质期、贴体紧裹内容物，常见食品奶酪与医疗器械。,抽空保鲜、贴体紧裹、隔氧保质。,用于抽空空气隔氧延长保质期的真空包装结构。,包装;真空,,,真空;保鲜;隔氧,整理,published,V1.0
V23_T0023,气调包装,MAP Packaging,,V23,包装结构与容器 / 气调包装,气调包装以特定比例气体置换容器内空气延长生鲜保鲜期，比真空更温和不挤压外观，常见生鲜肉与即食沙拉包装。,气体调比、生鲜保鲜、不挤压外观。,用于以特定比例气体置换保鲜生鲜的气调包装。,包装;气调,,,气调;MAP;保鲜,整理,published,V1.0
V23_T0024,利乐包,Tetra Pak,,V23,包装结构与容器 / 利乐,利乐包是多层复合材料（纸塑铝箔）无菌灌装的液体包装盒，避光隔氧保鲜期长，是牛奶果汁与常温液体的全球主流包装。,多层复合、无菌灌装、避光隔氧。,用于多层复合材料无菌灌装液体的利乐包结构。,包装;利乐,,,利乐;无菌;液体,整理,published,V1.0
V23_T0025,易拉罐,Aluminum Can,,V23,包装结构与容器 / 易拉罐,易拉罐是以铝合金冲拉罐身加易开盖的金属饮料容器，可回收率高印刷可精，是碳酸饮料啤酒全球主流一次性包装。,铝冲拉伸、易开盖封、印刷可精。,用于铝合金冲拉伸可易开盖饮料易拉罐容器。,包装;易拉罐,,,易拉罐;铝;饮料,整理,published,V1.0
V23_T0026,丝印工艺,Screen Printing,,V23,材质与工艺 / 丝印,丝印工艺以丝网漏版刮印油墨到承印物的印刷工艺，墨层厚覆盖强可曲面印刷，是瓶身曲面与限量包装的常用工艺。,丝网漏版、墨层厚覆盖、曲面可印。,用于丝网漏版刮印油墨到曲面瓶身的丝印工艺。,工艺;丝印,,,丝印;曲面;墨厚,整理,published,V1.0
V23_T0027,磨砂工艺,Frosted Finish,,V23,材质与工艺 / 磨砂,磨砂工艺以喷砂或化学蚀刻使玻璃塑料表面形成细微颗粒失光的工艺，比光泽更柔和防指纹，是化妆品瓶与电子高端点缀。,微颗粒失光、柔和防指纹、高端点缀。,用于喷砂蚀刻使表面朦胧失光的磨砂工艺。,工艺;磨砂,,,磨砂;失光;防指纹,整理,published,V1.0
V23_T0028,拉丝工艺,Brushed Finish,,V23,材质与工艺 / 拉丝,拉丝工艺以砂带在金属表面拉出平行细纹的 CMF 处理，质感技术感强遮划痕，是不锈钢家电与电子金属面板常用质感。,平行细纹、技术感、遮划痕。,用于金属表面拉出平行细纹的拉丝工艺质感处理。,工艺;拉丝,,,拉丝;金属;细纹,整理,published,V1.0
V23_T0029,皮革纹理,Leather Texture,,V23,材质与工艺 / 皮革纹理,皮革纹理以压花或覆膜在纸塑表面复刻真皮纹理的 CMF 工艺，传达高级复古触感，常见精装盒与电子产品的仿皮外壳。,真皮压纹、高级复古、纸塑仿皮。,用于压花覆膜在纸塑表面复刻真皮纹理的工艺。,工艺;皮革纹理,,,皮革纹理;压花;仿皮,整理,published,V1.0
V23_T0030,哑光涂层,Matte Coating,,V23,材质与工艺 / 哑光涂层,哑光涂层以雾面光油在产品表面制造低反射柔光的 CMF 处理，比光泽更内敛高级遮指纹，是高端电子与化妆品主流。,雾面低反、内敛高级、遮指纹。,用于雾面光油制造低反射柔光的哑光涂层处理。,工艺;哑光,,,哑光;雾面;高级,整理,published,V1.0
V23_T0031,塑胶模具,Plastic Mold,,V23,产品造型与CMF / 塑胶模具,塑胶模具是注塑成型的金属母模钢模，决定塑件表面精度与分模线位置，是塑料制品量产的核心资产成本最高。,钢模母模、分模线定、量产核心。,用于决定注塑件表面与分模线的塑胶模具钢模。,产品;模具,,,模具;注塑;分模,整理,published,V1.0
V23_T0032,分模线,Parting Line,,V23,产品造型与CMF / 分模线,分模线是注塑产品两个模具半模接合处在塑件上留下的细线，工业设计需预测其位置藏于视觉不显眼处是品质感关键。,半模接合细线、藏于不显、品质关键。,用于决定并藏匿注塑半模接合分模线的产品设计。,产品;分模线,,,分模线;注塑;品质,整理,published,V1.0
V23_T0033,产品语义,Product Semantics,,V23,人因与功能形态 / 产品语义,产品语义是通过造型语言传达产品功能与操作方式的设计理论，让形态本身提示用户怎么用，是工业设计的高阶素养。,形态提示、操作自明、高阶素养。,用于以造型语言传达产品功能与操作方式的产品语义设计。,人因;产品语义,,,产品语义;造型;自明,整理,published,V1.0
V23_T0034,极简工业风,Minimalist Industrial,,V23,人因与功能形态 / 极简工业,极简工业风是工业设计减少多余装饰突出材质与功能极简风，借鉴德意志制造联盟与包豪斯传统，是北欧美学根基。,无多余装饰、材与功能突出、欧美根基。,用于减少装饰突出材与功能的极简工业风产品造型。,人因;极简,,,极简;包豪斯;工业风,整理,published,V1.0
V23_T0035,情感化设计,Emotional Design,,V23,人因与功能形态 / 情感化,情感化设计是通过造型材质细节唤起用户情感共鸣的设计理论，借本能行为反思三层级建立产品与人的情感联结。,情感共鸣、三层唤起、人产品联结。,用于唤起用户三层情感共鸣的情感化产品设计。,人因;情感化,,,情感化;共鸣;三层,整理,published,V1.0
V23_T0036,系列化包装,Series Packaging,,V23,包装结构与容器 / 系列化,系列化包装是同一品牌多 SKU 在视觉系统下的差异化标识设计，主识别统一辅助图形按口味规格区分，强化货架识别。,视觉系统化、主统一辅分、货架识别。,用于同品牌多SKU统一系统下差异化货架识别的系列化包装。,包装;系列化,,,系列化;SKU;货架,整理,published,V1.0
V23_T0037,礼盒套装,Gift Set Box,,V23,包装结构与容器 / 礼盒,礼盒套装是节庆与赠礼场景的多件组合包装形式，含内托固定件与高端外盒，需考虑陈列抽屉质感与开箱仪式感。,多件组合、内托固定、开箱仪式。,用于节庆赠礼多件组合带内托与开箱仪式的礼盒包装。,包装;礼盒,,,礼盒;组合;仪式,整理,published,V1.0
V23_T0038,电商专用包装,E-commerce Packaging,,V23,包装结构与容器 / 电商包装,电商专用包装针对快递运输设计的加固防摔包装形式，需抗压缓冲防盗拆，是电商品牌降低破损率与开箱体验平衡。,抗压缓冲、防摔防盗、开箱体验。,用于快递运输设计的抗压防摔电商专用包装结构。,包装;电商,,,电商;快递;抗压,整理,published,V1.0
V23_T0039,可持续包装,Sustainable Packaging,,V23,包装结构与容器 / 可持续,可持续包装以可回收可降解可循环材料减少环境负担的包装形式，需平衡环保与功能成本，是品牌 ESG 与未来主流。,可回收降、循环减负、ESG主流。,用于以可回收可降解材料减少环境负担的可持续包装设计。,包装;可持续,,,可持续;ESG;可回收,整理,published,V1.0
V23_T0040,开箱体验,Unboxing Experience,,V23,包装结构与容器 / 开箱体验,开箱体验是产品从拆封到取出的全流程视觉触觉与情感设计，是品牌与用户的第一次物质接触，是品牌记忆关键触点。,拆封取出、触情齐设、品牌记忆。,用于设计拆封到取出的全流程触觉情感开箱体验。,包装;开箱,,,开箱;体验;触点,整理,published,V1.0
V24_T0001,直条纹,Straight Stripe,,V24,几何纹样 / 条纹格纹与回纹,由等距平行直线纵向或横向排列构成的最基础条纹纹样，节奏规整、视觉稳定，常作面料与包装底纹。,呈均匀一致的竖向或横向线列，间距相等，传递秩序与速度感，弱化主体物轮廓。,用于生成规整连续的背景肌理或服饰图案；配合间距与宽度参数控制密度，避免与主体争焦。,面料印花底纹;包装几何背板;界面的分隔线条,,,条纹;几何纹;排列;底纹,整理,published,V1.0
V24_T0002,棋盘格,Checkerboard,,V24,几何纹样 / 条纹格纹与回纹,由两色正方形交错排列而成的规则网格纹样，黑白对比强烈，呈现棋盘式对称结构。,呈等大色块交替铺贴，强对比产生闪烁感与几何张力，易夺视觉焦点。,用于营造复古或竞技感的平铺底纹；宜限定区域并降低饱和度防止晕眼。,赛事视觉底纹;复古海报背景;品牌几何标识,,,格纹;几何纹;对比;重复,整理,published,V1.0
V24_T0003,回纹,Key Fret Pattern,,V24,几何纹样 / 条纹格纹与回纹,由螺旋折线首尾相连形成的方回形几何带状纹样，源于青铜器与漆器边饰，象征绵延与吉祥。,呈连续方折回环的线性带，硬朗规整，赋予器物边饰以厚重古典感与秩序感。,用于中式器物描边或边框装饰生成；线性粗细须与载体尺度匹配避免断裂。,中式器物边饰;礼品包装描边;古典纹样底框,,,回纹;几何纹;中式;边饰,整理,published,V1.0
V24_T0004,云雷纹,Cloud-Thunder Meander,,V24,几何纹样 / 条纹格纹与回纹,由螺旋方折连续卷曲构成的早期几何纹样，见于商周青铜器，与回纹同源而更具神秘仪式感。,呈方折螺旋带状排列，线条硬挺而连续，赋予古器表面庄严神秘的仪式氛围。,用于青铜器或仿古器面纹生成；宜保持线条方折特征避免圆润化失真。,仿古器面纹;博物馆视觉;新中式装饰带,,,云雷纹;几何纹;青铜;仿古,整理,published,V1.0
V24_T0005,宝相花,Baoxiang Flower,,V24,植物与缠枝纹样 / 宝相与缠枝纹,以莲花牡丹等花纹综合变形而成的对称团花纹样，盛唐流行于织物与石窟，象征富贵圆满。,呈正面放射对称的多层花瓣团花，结构繁复而庄严，传递端庄华丽的装饰气势。,用于生成唐风或新中式居中团花主纹；对称层数与花瓣数须明确以免变形散乱。,唐风织物主纹;陶瓷釉面团花;新中式Logo主形,,,宝相花;缠枝;团花;唐风,整理,published,V1.0
V24_T0006,缠枝牡丹,Scrolling Peony,,V24,植物与缠枝纹样 / 宝相与缠枝纹,以连续波状枝蔓串联牡丹花朵呈缠绕延伸的植物纹样，宋元瓷器与织物常见，寓意富贵连绵。,呈枝蔓波状延伸、花朵起伏布列，节奏流动而饱满，营造繁茂延展的装饰韵律。,用于生成连续缠绕的花卉装饰带；枝蔓走势与花位需设定主轴避免构图混乱。,青花瓷面纹;织物边饰;屏风浮雕装饰,,,缠枝;牡丹;瓷器;纹饰,整理,published,V1.0
V24_T0007,卷草纹,Scrolling Foliage,,V24,植物与缠枝纹样 / 宝相与缠枝纹,以柔曲叶状藤蔓首尾相连卷绕延伸的植物纹样，轻盈流畅，常见于边饰与建筑彩画。,呈S形藤蔓循环勾连，叶端卷曲，线条灵动轻快，赋予边饰以活泼延伸感。,用于生成边框或分隔的轻盈植物卷草；卷曲幅度须与边框宽度协调统一。,书页边饰;建筑彩画;金属镂空边框,,,卷草;缠枝;边饰;植物纹,整理,published,V1.0
V24_T0008,缠枝莲,Scrolling Lotus,,V24,植物与缠枝纹样 / 宝相与缠枝纹,以连续枝蔓串联莲花与莲叶呈波状缠绕的植物纹样，元明青花瓷主纹，寓意清净连绵。,呈蔓茎起伏、莲花间隔布列，节奏清晰而秀雅，营造端庄绵延的装饰主轴。,用于生成青花或缠枝主纹带；莲花与叶位间距须等距以保持连续节奏。,青花瓷器主纹;织物装饰带;新中式建筑彩绘,,,缠枝莲;青花;瓷器;植物纹,整理,published,V1.0
V24_T0009,佩斯利纹,Paisley Pattern,,V24,民族与地域图案 / 佩斯利与中东纹样,以水滴形内填繁复花叶与卷尾的经典图案，源于波斯再经印度苏格兰发扬，象征生命之种。,呈腰果形主体内嵌密集花藤卷尾，繁密华丽，散发异域古典的装饰气场。,用于生成异域风平铺或边饰；水滴外形与内填密度需分别控制以免糊成一团。,披毯领带图案;复古服装印花;中东风格装饰板,,,佩斯利;中东;腰果形;印花,整理,published,V1.0
V24_T0010,阿拉伯几何花砖,Arabic Geometric Tile,,V24,民族与地域图案 / 佩斯利与中东纹样,以多边形星形与射线在方形花砖内对称排布的伊斯兰几何图案，见于清真寺穹顶与墙面铺贴。,呈星形与多边形相套的精密放射结构，对称严密，营造神秘数学美的装饰氛围。,用于生成伊斯兰风格的平铺花砖或穹顶星纹；星点数与对称轴须明确以保持纯粹。,清真寺穹顶装饰;中东风格背景;几何异域设计,,,阿拉伯;几何花砖;伊斯兰;对称,整理,published,V1.0
V24_T0011,苏绣纹样,Su Embroidery Motif,,V24,民族与地域图案 / 佩斯利与中东纹样,以江南苏州为代表的精致平针刺绣花鸟人物图案，色彩雅淡，绣面细腻入微。,呈丝线细密铺排的柔和花鸟图景，色彩晕染自然，传递温润雅致的江南韵味。,用于生成仿真花鸟与江南题材的刺绣感画面；线迹方向与色彩过渡须明确。,苏绣画稿设计;江南风格饰品;传统题材服装刺绣,,,苏绣;刺绣;江南;花鸟,整理,published,V1.0
V24_T0012,二方连续,Border Repeat,,V24,连续与重复排列 / 二方与四方连续,以一个纹样单元沿上下或左右单一方向重复延展的带状排列，多作边饰与滚边，节奏稳定。,呈单向等距重复的带状纹，节奏整齐连续，适合长边延伸而不占主画面。,用于生成页眉脚或器物腰部的连续带；单元宽与间距须精确设定保持无缝。,页眉页脚花边;陶瓷腰部装饰带;服饰滚边纹样,,,二方连续;边饰;重复;带状,整理,published,V1.0
V24_T0013,四方连续,All-Over Repeat,,V24,连续与重复排列 / 二方与四方连续,以一个纹样单元沿上下左右四向重复铺满画面的排列，用于面料墙纸等大面积底纹。,呈四向等距无缝铺贴的满地图案，节奏均匀，覆盖全画面而不形成视觉焦点。,用于生成面料墙纸等满铺底纹；单元衔接边须严格对接避免出现接缝错位。,面料印花满地;墙纸满铺底纹;包装背景平贴,,,四方连续;满地;重复;底纹,整理,published,V1.0
V24_T0014,散点排列,Spot Scatter Repeat,,V24,连续与重复排列 / 二方与四方连续,将若干小纹样以不规则间距散布于底面的非对称重复排列，活泼自由，多作面料底纹。,呈随机散布的小纹碎花，分布均衡而无方向感，传递自然天真的散点装饰情调。,用于生成面料童品或自然风的散点底纹；点位的均衡与防聚簇须明确避免堆叠。,童装面料底纹;休闲家纺碎花;包装清新底色,,,散点;碎花;面料;自由排布,整理,published,V1.0
V24_T0015,新艺术藤蔓,Art Nouveau Whip,,V24,装饰风格流派 / 欧洲近代装饰流派 / 新艺术运动,以鞭索状长曲线藤蔓与女性长发交织的运动风格纹样，新艺术运动代表，象征生命律动。,呈长曲藤蔓与发丝缠绕的长S形流动，线条柔韧有力，传递优雅而情绪化的装饰张力。,用于生成新艺术海报与器皿装饰；曲线主导并连贯须避免断折以保整体韵律。,新艺术海报边饰;工艺器皿描金;品牌复古装饰,,,新艺术;鞭索线;藤蔓;曲线,整理,published,V1.0
V24_T0016,装饰艺术几何,Art Deco Geometry,,V24,装饰风格流派 / 欧洲近代装饰流派 / 装饰艺术风,以对称放射多边形与阶梯线构成的几何装饰图案，装饰艺术风格代表，盛行二三十年代都市。,呈对称分区与放射金线的硬朗几何，结构精致而克制，散发摩登奢华的现代气场。,用于生成爵士时代海报与建筑饰面；对称轴与金属色调须明确以突出摩登质感。,Art Deco海报;摩天楼饰面;高端品牌装饰,,,装饰艺术;几何;Art Deco;摩登,整理,published,V1.0
V24_T0017,洛可可花结,Rococo Floral Spray,,V24,装饰风格流派 / 欧洲古典装饰流派 / 洛可可风,以C形S形涡卷牵系不对称小簇花卉的洛可可纹饰，洛可可风格代表，轻盈俏丽富有曲线。,呈非对称花簇配小涡卷的自然散布，柔曲而轻盈，传递宫廷婉约的活泼装饰气息。,用于生成洛可可式不对称花簇装饰；花簇分布与涡卷朝向须打破对称才贴风格。,洛可可家具描金;宫廷风海报装饰;品牌优雅标识,,,洛可可;花结;涡卷;宫廷,整理,published,V1.0
V24_T0018,莨苕叶饰,Acanthus Leaf,,V24,装饰风格流派 / 欧洲古典装饰流派 / 古希腊罗马叶饰,以深裂齿状卷曲叶形布列柱头檐口与边框的经典叶饰，源自古希腊科林斯柱式，欧式装饰母题。,呈齿裂深卷的对称叶形铺排于柱顶与边饰，古典庄重，赋予西式构件以典雅威仪。,用于生成欧式柱头檐口或描金边饰；叶尖卷曲方向与对称须严谨以保古典法式。,古典柱头装饰;欧式家具描金;西式建筑檐口,,,莨苕;叶饰;古典;科林斯,整理,published,V1.0
V24_T0019,浮雕贴花,Applied Relief,,V24,纹饰肌理 / 立体装饰肌理,以模制浮雕花纹贴附于器物或墙面形成凸起装饰的立体纹饰技法，陶瓷与建筑常见。,呈高于表面的凸贴花纹，光影明暗对比强烈，赋予平面以浮雕式的立体装饰感。,用于生成陶瓷或建筑表面的凸贴装饰；凸起高度与光源方向须设定以强化立体感。,陶瓷贴花浮雕;墙面浮雕装饰板;家具描金凸饰,,,浮雕;贴花;立体;凸饰,整理,published,V1.0
V24_T0020,剔刻填彩,Sgraffito,,V24,纹饰肌理 / 立体装饰肌理,在器表叠涂不同色泥后剔刻去上层露出下层色彩的剔地纹饰技法，剔犀漆器与陶艺常用。,呈刀刻剔地后双色对比的线条纹饰，刀痕清晰，营造古朴沉静的肌理装饰质感。,用于生成剔犀或陶艺的剔刻双色纹饰；刀路走向与剔刻深度须统一以保肌理一致。,剔犀漆器纹饰;陶艺剔刻装饰;复古器面纹理,,,剔犀;剔刻;填彩;肌理,整理,published,V1.0
V24_T0021,万字纹,Wan Pattern,,V24,几何纹样 / 条纹格纹与回纹,以中心十字四端直角延伸回转的连续几何纹样，源于佛家吉祥印记，中国传统寓意万福连绵。,呈十字四端直角卷绕的回环阵列，规整对称而绵延不断，传递吉祥延展的几何装饰感。,用于生成中式边饰或满铺几何底纹；端头直角方向须一致以保持视觉规整统一。,中式窗格装饰;传统织物底纹;礼品边饰纹样,,,万字纹;几何纹;中式;回环,整理,published,V1.0
V24_T0022,锁子甲纹,Chainmail Pattern,,V24,几何纹样 / 条纹格纹与回纹,以圆环相套连缀成网的几何纹样，源自铁甲锁子甲的环扣结构，象征连续坚固防御。,呈等大环扣相套的网格阵列，环环相连而均匀致密，散发金属质感的链式装饰骨架。,用于生成武士装甲或金属感底纹；环径与扣搭位置须统一避免错位松散。,盔甲金属底纹;复古硬朗背景;服饰铠甲印花,,,锁子甲;几何纹;环扣;金属,整理,published,V1.0
V24_T0023,冰裂纹,Ice Crackle,,V24,几何纹样 / 条纹格纹与回纹,以不规则多边形裂面拼贴布满画面的几何纹样，源自哥窑冰裂釉面，呈自然碎裂结构。,呈不规则多边形相拼的整面碎片网络，裂线随机而均衡，营造古朴静谧的纹理装饰效果。,用于生成陶瓷冰裂或复古碎块背景；裂线分布与多边形面积须维持随机不重复图案。,哥窑冰裂纹底;陶瓷釉面纹理;新中式装饰背板,,,冰裂纹;几何纹;陶瓷;碎裂,整理,published,V1.0
V24_T0024,忍冬纹,Honeysuckle Motif,,V24,植物与缠枝纹样 / 宝相与缠枝纹,以忍冬叶三裂卷曲连续排列的植物纹样，南北朝随佛教传入，象征顽强绵延的生命。,呈三裂叶状波形连续排布，叶端卷曲，节奏顺滑而舒展，赋予边饰以清雅绵延的装饰韵律。,用于生成佛教或古典边饰；叶裂方向与连续波轴须明确保持节奏一致。,石窟边饰装饰;佛教器物描边;古典织物纹样,,,忍冬纹;缠枝;植物纹;边饰,整理,published,V1.0
V24_T0025,缠枝葡萄,Scrolling Grape,,V24,植物与缠枝纹样 / 宝相与缠枝纹,以连续藤蔓串联葡萄叶果呈波状缠绕的植物纹样，唐镜唐银器典型，寓意丰收绵延。,呈藤蔓起伏、果穗与叶片间隔布列的繁茂纹饰，节奏饱满，营造西来富丽的装饰主轴。,用于生成唐风金属器或织物纹饰；果穗节点位置与叶距须等距保持连续节奏。,唐镜背纹;金属酒具纹饰;织物装饰主纹,,,缠枝葡萄;唐风;缠枝;植物纹,整理,published,V1.0
V24_T0026,唐草纹,Tang Grass Scroll,,V24,植物与缠枝纹样 / 宝相与缠枝纹,以多种植物藤蔓综合变形呈规则波状连续的缠枝纹样，唐代定型，日本沿用称唐草。,呈波状主干匀整起伏、花叶规整布列的连续装饰带，节奏端庄绵长，传递典雅延展感。,用于生成古典连续边饰或器物主带；主干波形与叶位间距须等距严谨以保连续纪律。,日式唐草织物;古典器物边饰;建筑装饰彩绘,,,唐草;缠枝;波状;连续纹,整理,published,V1.0
V24_T0027,西番莲纹,Passionflower Scroll,,V24,植物与缠枝纹样 / 宝相与缠枝纹,以莲花状五爪花与螺旋藤蔓组合的缠枝纹样，明清借自西番莲形，盛行家具瓷器雕饰。,呈五爪放射花配螺旋藤蔓的繁复装饰，结构对称华丽，赋予明清家具以繁丽西式装饰气息。,用于生成明清家具或西式缠枝主纹；花的放射对称与藤蔓走向须明确以免乱形。,明清家具雕花;瓷器缠枝主纹;屏风浮雕装饰,,,西番莲;缠枝;明清;浮雕,整理,published,V1.0
V24_T0028,蓝印花布纹,Blue Calico,,V24,民族与地域图案 / 佩斯利与中东纹样,以镂花纸版刮浆染色而成的白底蓝花或蓝底白花民间棉布图案，江浙传统手工印染典型。,呈靛蓝底留白花或白底蓝印的散点或满地纹样，色彩简洁，传递质朴清新的乡土装饰气息。,用于生成蓝印花布或质朴乡村风面料；纹样轮廓须硬边断口以仿版染手作质感。,民俗蓝印花布;乡风家纺面料;新中式装饰底纹,,,蓝印花布;民俗;印染;江浙,整理,published,V1.0
V24_T0029,扎染图案,Tie-Dye Pattern,,V24,民族与地域图案 / 佩斯利与中东纹样,以线扎布料浸染后松扎形成晕染斑驳的民间图案，云南白族典型，纹边柔和晕散。,呈扎斑染晕渗的不规则色斑分布，边缘柔散过渡，营造自然手工的民俗肌理装饰感。,用于生成手工扎染或波西米亚风面料；扎斑位置与晕染外扩须随机扩散才能保真实手作感。,白族扎染服饰;波西米亚面料;民俗家纺装饰,,,扎染;白族;晕染;民俗,整理,published,V1.0
V24_T0030,和服纹样,Kimono Motif,,V24,民族与地域图案 / 佩斯利与中东纹样,以季节动植物与家纹为主题手工绘制或染织于和服的传统日本图案，讲究留白与意境。,呈对称或留白散布的樱花菊水家纹等动植物纹样，色调雅淡，传递日式写意的装饰格调。,用于生成和服或日式风格人物服饰图案；季节主题与留白比须明确避免塞满破坏意境。,和服染织图案;日式海报装饰;日风品牌包装,,,和服;日本;家纹;染织,整理,published,V1.0
V24_T0031,波状连续,Wave Repeat,,V24,连续与重复排列 / 二方与四方连续,以波状曲线为骨架串联单元沿单一方向重复延伸的连续纹，节奏起伏流畅，常作边饰。,呈连续波线串接单元的稳定带状节奏，起伏均匀，营造动感而连贯的装饰韵律。,用于生成古典波状边饰或动感带纹；波线波长与振幅须等距统一避免节奏紊乱。,器物波状边饰;织物动感滚边;海报分隔花边,,,波状;二方连续;边饰;节奏,整理,published,V1.0
V24_T0032,网状连续,Net Repeat,,V24,连续与重复排列 / 二方与四方连续,以交织网格为骨架使单元沿上下左右延展的四方连续纹，网线交接多成菱格或正方。,呈均线斜交或正交的网格结构，节点规律布花，传递严密规整的满铺装饰秩序感。,用于生成面料或网格底纹满铺；交点形式与节点纹样须统一以保全网一致节奏。,蕾丝面料底纹;网状满铺背景;网格规整花砖,,,网状;四方连续;满铺;交织,整理,published,V1.0
V24_T0033,阶梯连续,Stepped Repeat,,V24,连续与重复排列 / 二方与四方连续,以单元逐级错位或上下偏移重复延伸的排布方式，呈阶梯状节奏，南美安第斯纹典型。,呈单元逐级递进错位的连续带，节奏起伏与进深感强，营造秩序动感的装饰韵律。,用于生成安第斯或几何错位边饰；错位步距与单元大小须固定以保统一递进节奏。,安第斯织物纹;几何错位边饰;复古动感底纹,,,阶梯;连续;错位;几何,整理,published,V1.0
V24_T0034,几何阿拉伯式,Arabesque Geometry,,V24,装饰风格流派 / 中东伊斯兰装饰流派 / 几何与植物交织,以多边形星线与植物藤蔓交织延展的阿拉伯式装饰，伊斯兰艺术典型，象征无穷延展。,呈星形几何与卷草交织铺陈的繁复满地纹，无限延伸的网状节奏，营造神秘华丽的装饰气场。,用于生成伊斯兰式满铺或穹顶装饰；几何骨架与植物缠绕须成体系化避免拼凑失真。,清真寺穹顶装饰;伊斯兰书籍页饰;中东风格海报,,,阿拉伯式;几何;伊斯兰;交织,整理,published,V1.0
V24_T0035,摩尔拱花饰,Moorish Arcade,,V24,装饰风格流派 / 中东伊斯兰装饰流派 / 几何与植物交织,以马蹄拱与蜂巢钟乳拱内填几何星线的摩尔式装饰，西班牙安达卢斯伊斯兰建筑典型。,呈马蹄拱轮廓内密集星线层叠的繁密装饰，结构精致错综，传递异域宫廷的雕饰气场。,用于生成阿尔罕布拉式拱廊或壁饰；拱形与内填星线密度须明确以避免装饰糊化。,阿尔罕布拉式壁饰;摩尔风格建筑;异域室内装饰,,,摩尔;拱饰;伊斯兰;安达卢斯,整理,published,V1.0
V24_T0036,拜占庭金底纹,Byzantine Gold Ground,,V24,装饰风格流派 / 欧洲古典装饰流派 / 拜占庭风,以金箔满底衬托圣像与几何花边的拜占庭装饰风格，东罗马教堂镶嵌画与圣器典型。,呈金色满底上规整几何花边描边的圣像装饰，庄严辉煌，营造神圣神性的装饰氛围。,用于生成拜占庭圣像或金底宗教装饰；金箔色调与几何花边须明确避免饱和失真。,拜占庭圣像画;宗教器物描金;东正教装饰背景,,,拜占庭;金底;镶嵌;宗教,整理,published,V1.0
V24_T0037,哥特玫瑰花窗,Gothic Rose Window,,V24,装饰风格流派 / 欧洲古典装饰流派 / 哥特式,以圆形窗格内对称放射辐条与花叶透雕组合的哥特式窗饰，欧洲大教堂立面典型。,呈圆形骨架对称放射分格、内嵌花叶透雕的窗花，结构繁复庄严，传递哥特神性装饰感。,用于生成哥特大教堂窗或花窗装饰；放射分格数与内嵌透雕花纹须明确对称统一。,哥特教堂花窗;古典装饰背景;建筑纹饰参考,,,哥特;玫瑰花窗;教堂;透雕,整理,published,V1.0
V24_T0038,堆贴沥粉,Stucco Relief,,V24,纹饰肌理 / 立体装饰肌理,以石灰或胶粉浆堆贴于建筑墙面形成的浅浮雕立体装饰技法，伊斯兰与古建常见。,呈墙面浅浮雕连续几何或植物凸饰，光影柔和而详密，营造精致立体的肌理装饰感。,用于生成伊斯兰或古建墙面浅浮雕装饰；凸起高度与纹样轮廓须统一保持肌理一致。,伊斯兰墙面浮雕;古建天花装饰;西式壁面描花,,,堆贴;沥粉;浮雕;肌理,整理,published,V1.0
V24_T0039,掐丝珐琅纹,Cloisonne Motif,,V24,纹饰肌理 / 立体装饰肌理,以金属铜丝掐成花纹隔填釉料烧制的立体纹饰，景泰蓝工艺典型，色彩鲜明边界硬朗。,呈金属丝勾边内填鲜艳釉色的几何花卉纹饰，色块端正边界清晰，营造华贵立体的装饰肌理。,用于生成景泰蓝器面纹饰；铜丝轮廓与釉色分区须明确以保硬边填色的工艺质感。,景泰蓝器面装饰;传统礼器纹饰;复古工艺品牌,,,掐丝;珐琅;景泰蓝;立体,整理,published,V1.0
V25_T0001,写意山水,Xieyi Landscape,,V25,水墨写意 / 写意山水,以简练笔墨概括山石云水意趣的中国画体裁，重气韵抒情而非形似，宋代文人山水定型。,呈墨色浓淡皴擦出的山石云水意境，笔简意足，传递疏淡旷远的文人抒情氛围。,用于生成中式意境山水；须明确浓淡墨层次与留白比例，避免刻画过实失写意。,文人山水画;中式意境背景;宣纸品牌视觉,,,写意;山水;文人画;水墨,整理,published,V1.0
V25_T0002,留白云水,Reserved Cloud-Water,,V25,水墨写意 / 写意山水,以纸白留空表现云雾江河而不着一墨的水墨技法，计白当黑，烘托虚实相生意境。,呈大面积留白被山石墨色半围合的云水虚形，虚实相生，营造空灵虚远的意境氛围。,用于生成留白云水的山水意境；留白位置与墨色围合轮廓须明确避免空洞失衡。,云水意境山水;新中式留白设计;禅意品牌背景,,,留白;云水;意境;计白当黑,整理,published,V1.0
V25_T0003,斧劈皴,Axe-Cut Texture,,V25,水墨写意 / 写意山水,以侧锋阔笔顿挫斜扫呈斧劈状刀痕的山石皴法，李唐马夏初创，表现北方硬石峭壁。,呈侧锋斜扫的硬挺刀痕皴面，棱角分明而力度外露，凸显北方山石的峻峭坚硬质感。,用于生成北方硬石或峭壁肌理；侧锋方向与皴笔疏密须统一避免线条糊化失硬。,北方硬石山水;宋代院体山石;水墨肌理参考,,,斧劈皴;皴法;山石;水墨,整理,published,V1.0
V25_T0004,披麻皴,Hemp-Rope Texture,,V25,水墨写意 / 写意山水,以中锋柔线呈麻丝披散斜交堆叠的山石皴法，董巨江南山水典型，表现南方土山缓坡。,呈柔缓麻丝斜交堆叠的土山皴面，线条温润绵长，传递江南土坡的柔和圆润质感。,用于生成江南土山或缓坡肌理；线条走向须平缓一致避免硬折破坏柔和气质。,江南土山山水;董巨画风参考;南派水墨肌理,,,披麻皴;皴法;土山;水墨,整理,published,V1.0
V25_T0005,水墨花鸟,Ink Bird-Flower,,V25,水墨写意 / 写意花鸟,以墨色浓淡写意表现花鸟雀禽生动情趣的体裁，墨分五色，徐渭八大写意代表。,呈浓淡墨块概括的花鸟形态，笔简神足，传递淋漓洒脱的文人写意生趣。,用于生成写意花鸟或中式意境小品；墨块浓淡与留白比例须设定以保淋漓而不糊。,水墨花鸟画;新中式装饰画;品牌意境插图,,,水墨;花鸟;写意;徐渭,整理,published,V1.0
V25_T0006,墨竹,Ink Bamboo,,V25,水墨写意 / 写意花鸟,以墨色书法笔意写就的竹枝竹叶体裁，文同苏轼开创，体现文人节操与笔法修养。,呈浓淡书法笔意挥写的竹枝竹叶，叶如撇捺，传递清劲挺拔的文人节操气韵。,用于生成文人墨竹或禅意小品；叶组书法笔势与浓淡须一致避免散乱失章法。,墨竹小品;文人题材装饰;禅意品牌视觉,,,墨竹;写意花鸟;文人画;书法笔意,整理,published,V1.0
V25_T0007,水墨写意人物,Xieyi Figure,,V25,水墨写意 / 水墨人物,以简练墨线与少量浓淡墨块描写人物形神的水墨体裁，梁楷泼墨仙人开端，重神似轻形似。,呈寥寥墨线与浓淡墨块概括的人物形态，神完气足，传递洒脱传神的写意人物气质。,用于生成写意人物或古风小品；用笔简练与神态抓取须设定避免描摹过实失写意。,古风写意人物;禅意人物小品;水墨题材装饰,,,写意人物;水墨;梁楷;泼墨,整理,published,V1.0
V25_T0008,工笔花鸟,Gongbi Bird-Flower,,V25,工笔重彩 / 工笔花鸟,以细笔勾勒多层晕染描写花鸟形貌的工整体裁，宋院体典范，工整细腻而设色明丽典雅。,呈细线勾勒与多层薄染相结合的花鸟形象，精微严谨，传递端庄典雅的院体格调。,用于生成宋院体工笔花鸟；线描精度与晕染层数须明确避免单层糊化失工细质感。,宋院体工笔;新中式装饰画;花卉纹样参考,,,工笔;花鸟;院体;晕染,整理,published,V1.0
V25_T0009,重彩人物,Heavy-Color Figure,,V25,工笔重彩 / 重彩人物,以石色矿物重彩多层堆染描写人物的体裁，敦煌唐绢本典型，色彩浓郁厚重富丽华贵。,呈浓重矿物色层叠晕染的人物形象，色彩饱和厚重，营造庄严富丽的唐风装饰气场。,用于生成唐风或敦煌风格重彩人物；矿物色层叠与白粉提染须明确以保饱和不腻。,敦煌风格人物;唐风装饰画;传统宗教画,,,重彩;人物;敦煌;矿物色,整理,published,V1.0
V25_T0010,工笔界画,Gongbi Jiehua,,V25,工笔重彩 / 工笔器物,以界尺引直线工整描绘楼阁舟船宫室的工笔体裁，张择端清明上河图代表，严守透视。,呈界尺引直线的整齐楼阁舟船与透视严谨的宫室结构，工细规整，传递严守法度的画院格调。,用于生成古建楼阁或街景工笔；界线笔直与透视关系须严谨以保工整不歪扭。,古建楼阁工笔;街市题材长卷;建筑视觉参考,,,界画;工笔;楼阁;透视,整理,published,V1.0
V25_T0011,浮世绘美人画,Ukiyo-e Bijin,,V25,浮世绘与版画 / 浮世绘 / 美人画,以江户女子服饰仪态为主题的浮世绘美人题材，喜多川歌麿代表，线描流畅设色雅致。,呈流畅墨线勾描的江游美人轮廓与精整服饰纹样，气质端丽，传递市井雅致的浮世风采。,用于生成江户美人或日风人物形象；线描的流畅度与服饰纹样密度须明确以贴浮世绘风格。,江户美人画;日风人物设计;复古品牌插画,,,浮世绘;美人画;江户;日风,整理,published,V1.0
V25_T0012,浮世绘风景,Ukiyo-e Landscape,,V25,浮世绘与版画 / 浮世绘 / 风景名所,以名所山水富士为主题的浮世绘风景版画，葛饰北斋富岳三十六景代表，构图版色独特。,呈人工边界取景的名所山水配浓版色平涂，构图奇险，营造江户版画的装饰美学。,用于生成浮世绘风景或名所插画；版色平涂与边界取景须明确避免写实破坏版画感。,名所浮世绘;复古旅游插画;日风海报视觉,,,浮世绘;风景;北斋;名所,整理,published,V1.0
V25_T0013,明清木版画,Ming-Qing Woodblock,,V25,浮世绘与版画 / 明清版画,以梨木板刻墨线多版套色印制的明清传统版画，徽派金陵画谱与笺谱代表，线面分明。,呈墨线硬边套色平涂的传统图样，色彩鲜艳轮廓分明，传递质朴硬朗的版印装饰感。,用于生成画谱笺谱或传统版印插图；套版边界硬朗与墨线刚劲须明确保持版印质感。,明清笺谱图案;传统版印插图;复古纹样设计,,,版画;明清;套色;笺谱,整理,published,V1.0
V25_T0014,杨柳青年画,Yangliuqing New-Year Print,,V25,民间年画与唐卡 / 年画门神,以套版墨线填彩开脸工艺印制的天津杨柳青年画，胖娃娃抱鲤题材典型，色彩喜庆鲜丽。,呈套版墨线配手工晕染开脸的胖娃娃与吉庆题材，色彩浓艳，传递喜庆热闹的民俗氛围。,用于生成杨柳青年画或民俗吉庆图；套线硬边与开脸晕染须分明以保工艺质感。,杨柳青年画;春节吉庆视觉;民俗品牌插画,,,年画;杨柳青;民俗;套版,整理,published,V1.0
V25_T0015,门神年画,Door-God Print,,V25,民间年画与唐卡 / 年画门神,以武将门神贴于门户镇邪祈福的民间年画体裁，朱仙镇杨家埠典型，造型威猛色彩浓烈。,呈对称双将门神饱满造型配浓烈套色，威猛庄重，传递镇邪纳福的民俗守护气场。,用于生成门神或对称守护神像；左右对称与威猛造型须明确以贴民俗年画风格。,门神门画设计;春节民俗视觉;守护神题材,,,门神;年画;对称;民俗,整理,published,V1.0
V25_T0016,唐卡造像,Thangka Icon,,V25,民间年画与唐卡 / 唐卡造像,以严格度量经绘制佛神像的藏传唐卡，矿物色金线描画于布幛，庄严精密富丽辉煌。,呈严格度量比例的佛神像配金线描画与矿物重彩，纹饰繁密，营造庄严神圣的宗教气场。,用于生成藏传唐卡或宗教造像；度量比例与金线描饰须严谨避免随意失仪轨法度。,藏传唐卡绘制;宗教装饰参考;藏文化品牌视觉,,,唐卡;造像;藏传;度量经,整理,published,V1.0
V25_T0017,枯山水,Karesansui,,V25,和风与禅意 / 枯山水,以白砂耙纹代水与置石代山构成的日式枯山水庭园，京都龙安寺典型，禅意留白象征山水。,呈白砂波纹耙痕配奇石点布的极简庭庭，无水而喻水，传递寂静抽象的禅意冥想氛围。,用于生成日式禅意庭院或极简场景；砂纹波形与置石错位须简洁以保禅意不繁冗。,日式枯山水庭园;禅意品牌场景;极简空间视觉,,,枯山水;禅意;庭园;极简,整理,published,V1.0
V25_T0018,茶道器物,Chado Vessel,,V25,和风与禅意 / 茶道器物,以茶碗花器釜杓为核心用于茶道仪式的日式器物群，禅意侘寂美学，造型朴素釉色自然沉稳。,呈手工拙朴的茶碗花器轮廓配自然窑变釉色，造型谦逊，传递侘寂内敛的茶道美学。,用于生成茶道场景或侘寂器物；手作拙朴感与釉色自然须设定避免过于工整失侘寂。,茶道器物设计;侘寂品牌视觉;日式家居装饰,,,茶道;侘寂;器物;日式,整理,published,V1.0
V25_T0019,留白侘寂,Wabi-Sabi Whitespace,,V25,和风与禅意 / 留白侘寂,以大面积留白衬托残缺拙朴之美的日式美学原则，强调不完美无常与时间痕迹的禅意。,呈大面积留白配不对称拙朴器形或自然裂痕，谦逊寂寥，传递残缺即美的禅意氛围。,用于生成日式极简或侘寂空间；留白比例与残缺元素须克制以保侘寂不流于脏乱。,侘寂空间设计;日式品牌视觉;禅意海报构图,,,侘寂;留白;禅意;残缺美,整理,published,V1.0
V25_T0020,三远构图,Three Distances,,V25,传统色与东方构图 / 东方构图法,郭熙提出的高远深远平远三种山水构图法，分别自下仰上看前望后望由近眺远，立体取景。,呈纵深层叠的山水空间配仰视平视俯视多视角，层次丰盈，营造传统山水立体取景意境。,用于生成中式山水构图；三远视角与层叠纵深须明确以立山水立体感避免平面化。,传统山水构图;新中式海报纵深;意境场景设计,,,三远;构图;郭熙;山水,整理,published,V1.0
V25_T0021,泼墨法,Splash-Ink,,V25,水墨写意 / 水墨人物,以淋漓浓淡墨直接泼洒于纸再略作收拾的水墨技法，唐王洽首创，追求天然墨痕的随机意象。,呈浓淡墨渗化淋漓的随机墨块边缘，偶然天成，营造狂逸而抒情的水墨意境氛围。,用于生成泼墨意象或抽象水墨；墨块边缘渗化须自然随机避免刻意整齐失泼墨意趣。,写意泼墨人物;抽象水墨背景;禅意品牌视觉,,,泼墨;水墨技法;唐王洽;写意,整理,published,V1.0
V25_T0022,积墨法,Layered Ink,,V25,水墨写意 / 写意山水,以多次积叠浓淡墨干湿层层加染的山石技法，黄宾虹浑厚华滋典型，求墨色厚重不腻。,呈多层干湿墨积叠的厚重山石肌理，浑厚华滋且层次通透，营造厚重苍润的水墨意境。,用于生成厚重山水或积墨肌理；墨层积叠由淡入浓须分明避免反复叠加腻成死黑。,黄宾虹式山水;厚重山石水墨;积墨肌理参考,,,积墨;黄宾虹;山石;水墨技法,整理,published,V1.0
V25_T0023,破墨法,Broken Ink,,V25,水墨写意 / 写意山水,以浓墨破淡墨或淡破浓趁湿渗化的水墨技法，王维首创，使墨色自然交融界线微妙。,呈浓淡墨趁湿自然渗化交融的微妙边界，层次柔和，营造自然天机的水墨晕染氛围。,用于生成破墨山水或柔和墨晕肌理；浓淡墨渗化时机须明确避免渗失控成糊墨一团。,王维式破墨山水;水墨晕染场景;意境水墨背景,,,破墨;水墨技法;王维;晕染,整理,published,V1.0
V25_T0024,没骨花鸟,Mogu Bird-Flower,,V25,工笔重彩 / 工笔花鸟,以色墨直接点染成形而不勾勒轮廓线的工笔体裁，徐崇嗣恽寿平代表，柔和清丽。,呈无墨线轮廓的色墨晕染花鸟形态，柔净清丽，传递温润自然的没骨雅致格调。,用于生成没骨花鸟或新中式花卉；色块晕染层须清晰避免脏糊以保清丽透润质感。,恽寿平没骨花卉;新中式花鸟装饰;工笔花卉参考,,,没骨;花鸟;恽寿平;工笔,整理,published,V1.0
V25_T0025,白描人物,Baimiao Figure,,V25,工笔重彩 / 重彩人物,以单色墨线流畅勾勒人物形貌不加渲染的工笔体裁，吴道子李公麟代表，重笔法轻设色。,呈流畅墨线独立勾勒的人物轮廓无色染，笔法圆劲飘逸，传递疏体飘逸的道释仙风。,用于生成白描人物或线描古风；线描流畅度与提按笔法须明确避免线条松散失吴带当风。,李公麟白描人物;线描古风插图;传统壁画底稿,,,白描;人物;吴道子;线描,整理,published,V1.0
V25_T0026,敦煌壁画风,Dunhuang Mural Style,,V25,工笔重彩 / 重彩人物,以矿物重彩晕染施绘飞天菩萨的敦煌莫高窟壁画风格，北魏至唐鼎盛，色彩绚丽厚重。,呈矿物重彩飘曳衣袂的飞天菩萨与流转纹饰，色彩典雅深厚，营造庄严绚烂的宗教气场。,用于生成敦煌飞天或宗教装饰；矿物色层晕染与飘曳线条须明确避免失厚重与韵律。,敦煌飞天题材;宗教装饰画;新中式品牌视觉,,,敦煌;壁画;飞天;重彩,整理,published,V1.0
V25_T0027,苏州桃花坞年画,Taohuawu New-Year Print,,V25,民间年画与唐卡 / 年画门神,以套版木刻墨线填色印制的苏州桃花坞年画，戏文故事与门神题材典型，色彩浓艳雅致。,呈套版墨线配浓艳套色的戏文人物或吉庆题材，线面分明喜庆，传递江南市井民俗的装饰感。,用于生成江南年画或市民风俗题材；套版墨线硬边与套色分版须明确以保版印质感。,桃花坞年画设计;江南民俗视觉;戏文题材插图,,,桃花坞;年画;苏州;套版,整理,published,V1.0
V25_T0028,武强年画,Wuqiang New-Year Print,,V25,民间年画与唐卡 / 年画门神,以大色块对比粗简墨线印制的河北武强年画，民风粗朴题材接地气，色彩饱和硬朗。,呈粗简墨线配大色块饱和对比的吉庆题材，造型朴拙粗豪，传递北方乡土的浓烈民俗气息。,用于生成北方乡土年画或粗朴题材；大色块饱和与轮廓粗朴须明确避免精致破坏乡土风。,武强年画设计;北方乡土民俗视觉;民间题材插图,,,武强;年画;北方;粗朴,整理,published,V1.0
V25_T0029,曼荼罗,Mandala,,V25,民间年画与唐卡 / 唐卡造像,以几何对称方圆坛城组合修观佛境的密宗图像，唐卡之形式母题，结构严密象征宇宙。,呈方圆坛城嵌套同心曼陀罗的对称精密结构，纹饰繁丽，营造神圣庄严的修观语境氛围。,用于生成唐卡坛城或宗教几何装饰；方圆同心对称轴与纹饰密度须严谨保持仪轨纯粹。,唐卡坛城绘制;宗教装饰图案;藏文化品牌视觉,,,曼荼罗;坛城;唐卡;密宗,整理,published,V1.0
V25_T0030,金唐卡,Gold Thangka,,V25,民间年画与唐卡 / 唐卡造像,以金粉描画主尊再施以朱红或墨线开脸的金底唐卡，西藏专门种类，富丽辉煌而又庄严。,呈金粉满底描画主尊配朱墨勾线晕染，金壁辉煌，营造庄严富丽的宗教装饰气场。,用于生成金底唐卡或华丽宗教装饰；金色调与朱墨勾线须明确避免饱和过艳失唐卡法度。,金底唐卡绘制;藏传装饰参考;高端宗教视觉,,,金唐卡;唐卡;金底;藏传,整理,published,V1.0
V25_T0031,狩野派,Kano School,,V25,和风与禅意 / 大和绘传统,日本狩野家族探幽定型的大和绘汉画融合流派，明清院体与日本屏风金碧结合，江户主流。,呈金碧屏风配汉画墨韵的浓丽构图，浓淡墨配金底与彩衣，传递江户正统的装饰画面气场。,用于生成日式屏风或江户古典装饰；金底浓彩与墨韵须明确融合避免风格不统失狩野味。,狩野派屏风画;江户装饰场景;日式品牌古典视觉,,,狩野派;大和绘;屏风;金碧,整理,published,V1.0
V25_T0032,琳派,Rinpa School,,V25,和风与禅意 / 大和绘传统,以光琳宗达为代表的装饰大和绘流派，融高蒔绘与金银箔底配重复图样，江户装饰典型代表。,呈金箔底配大胆重复装饰纹样与高饱和色块，装饰感强，传递华丽内敛的琳派装饰美学。,用于生成琳派屏风或日式华丽装饰；金箔底与重复纹样须明确设定以保持琳派色彩张力。,琳派屏风设计;日式装饰包装;复古华丽品牌,,,琳派;光琳;金箔;装饰,整理,published,V1.0
V25_T0033,禅意水墨,Zen Ink,,V25,和风与禅意 / 留白侘寂,以最简笔墨追求悟道禅意的水墨体裁，南宋梁楷牧溪代表，一笔一形而意境悠远空寂。,呈极简一两笔概括的形态配大面积留白，禅机天成，营造空寂超脱的禅意冥想氛围。,用于生成禅意小品或极简意境画面；用笔减到最少与留白比须克制以保空寂不空乏。,禅意水墨小品;极简禅意品牌;意境装饰画,,,禅意;水墨;梁楷;极简,整理,published,V1.0
V25_T0034,远山黛,Indigo Mountain,,V25,传统色与东方构图 / 传统色名,以青黛螺甸调色晕染画远山的中国传统色名技法，蛾眉远黛意境，淡青冷调深远意远。,呈淡青黛螺调晕染的远处山影朦胧浅淡，意境悠远，营造深邃空远的传统文人气氛。,用于生成远山意境或黛色背景；青黛色调的浅淡与远景层级须明确避免色彩过实失空远。,远山意境山水;黛色背景设计;新中式海报色,,,远山黛;传统色;青黛;晕染,整理,published,V1.0
V25_T0035,朱砂红,Cinnabar Red,,V25,传统色与东方构图 / 传统色名,以朱砂矿物研细制成的中国传统大红色，喜庆庄重又稳重，宫廷庙堂及宗教绘画主色。,呈朱砂矿物大红色的沉稳饱和色面，端厚厚重而不燥，传递庄严喜庆的东方正色气场。,用于生成东方正红或宫廷喜庆题材；朱砂饱和与稳重须平衡避免过艳失传统矿物色质感。,宫廷喜庆题材;东方正红设计;宗教装饰主色,,,朱砂;传统色;正红;矿物,整理,published,V1.0
V25_T0036,石青石绿,Azurite-Malachite,,V25,传统色与东方构图 / 传统色名,以石青石绿两种矿石色叠染山水的重彩传统设色法，李思训李昭道青绿山水的标志用色。,呈矿石青绿层叠染的山石色彩饱和雅正，色相分明，营造华丽典正的青绿山水装饰气场。,用于生成青绿山水或矿物重彩色调；石青蓝色与石绿色叠染比例须明确克服现代饱和。,青绿山水设色;传统矿物色参考;新中式品牌色调,,,石青;石绿;青绿山水;矿物色,整理,published,V1.0
V25_T0037,散点透视,Scatter Perspective,,V25,传统色与东方构图 / 东方构图法,不受单一焦点束缚而以多视角散点取景组织画面的传统中国画透视法，长卷山水典型。,呈多视角视线纵横向延展的连续画面，无固定灭点，营造延绵卷续的传统长卷意境。,用于生成中式长卷或多视角叙事画面；多个视点的衔接与方向须定制避免错位失连续。,长卷山水构图;叙事卷轴设计;新中式横向叙事,,,散点透视;构图;长卷;多视角,整理,published,V1.0
V25_T0038,留白构图,Blank-Leaving Composition,,V25,传统色与东方构图 / 东方构图法,以大面积留白衬托主体计白当黑的传统构图法，疏可走马密不透风，营造虚实相生意境。,呈大空白与小密体强烈对比的疏密节奏，计白当黑传递空灵，营造虚实相生的东方意境氛围。,用于生成东方留白构图或极简意境画面；留白比例与主体的位置错落须克制以保疏密节奏。,留白意境构图;新中式极简设计;东方品牌海报,,,留白;构图;疏密;计白当黑,整理,published,V1.0
V25_T0039,对角构图,Diagonal Composition,,V25,传统色与东方构图 / 东方构图法,以主体沿对角斜向布置形成运动趋向的传统构图法，马夏一角半边山水与日式书法典型。,呈主体斜向对角布置而大边留虚的对角张力，疏密斜倾，营造斜向动感与半边意境构图氛围。,用于生成马夏山水或日式斜角构图；对角主体与对边留虚须明确以避免失对角张力。,马夏一角山水;日式斜角海报;传统对角构图,,,对角构图;马夏;一角;斜角,整理,published,V1.0
V26_T0001,植物整株图,Whole Plant Plate,,V26,植物科学绘图 / 整株与生态,以根茎叶花果完整呈现一株植物全貌的科学绘图，传统本草图谱必含，根须外露展形态全要素。,呈整株植物根茎叶花果完整展开配白底刻度，工整而具科学记录感，传递严谨的植物志气质。,用于生成植物全株或本草图谱风插画；各器官朝向与根须露出须写实以保科学准确性。,本草图谱插画;植物志插图;植物科普品牌,,,植物绘图;整株;本草;植物志,整理,published,V1.0
V26_T0002,解剖花果图,Flower-Fruit Dissection,,V26,植物科学绘图 / 器官解剖,以纵剖横剖形式展开花蕊子房果实结构的科学绘图，植物分类与本草典型，体现内部结构。,呈花果纵剖横剖的放大显微结构图，细节精准，传递严密而具说服力的科学记录氛围。,用于生成花果解剖图或科学分类示意；剖面角度与器官放大比例须明确避免失去分类意义。,植物分类图谱;本草图解;园艺科普插画,,,解剖图;花果;植物;分类,整理,published,V1.0
V26_T0003,雌雄异株图,Dioecious Plate,,V26,植物科学绘图 / 整株与生态,并列呈现雌雄异株两株植物花器以示生殖差异的科学绘图，银杏与桑等雌雄异株典型题材。,呈左右并置的雌雄异体两株植物配各自动花器结构，工整对比，传递性别差异的科学记录感。,用于生成雌雄异株图或生殖对比图；两侧朝向须统一以利工整对比避免视觉混乱。,植物志插图;植物科普插画;园艺分类示意,,,雌雄异株;植物绘图;分类;对比,整理,published,V1.0
V26_T0004,虫瘿图,Gall Illustration,,V26,植物科学绘图 / 整株与生态,聚焦昆虫寄生诱发植物畸形虫瘿呈现的科学绘图，五倍子与栎虫瘿典型，植物病学典型示意。,呈植物局部被寄生后形成的瘤突虫瘿放大形态，结构奇异，营造出微妙而专业的植物病原示意感。,用于生成植物病理或虫瘿题材插图；瘿体突起的不规则须精准避免失真损害科学记录性。,植物病理图谱;园艺科普插图;植物病害参考,,,虫瘿;植物绘图;病理;寄生,整理,published,V1.0
V26_T0005,鸟类解剖图,Bird Anatomy,,V26,解剖与生物插画 / 脊椎动物解剖,呈现鸟类骨骼肌翼等解剖结构的科学绘图，奥杜邦与传统自然史绘画中常见，兼具美学与功能。,呈鸟类整姿配剖露骨骼或肌翼的科学解剖样式，工整细致，传递严谨的自然史博物气质。,用于生成鸟类解剖图或自然史风格插画；解剖部位与外形须分明以兼顾完整性与科学性。,鸟类自然史插画;生物科普视觉;博物馆展陈,,,鸟类;解剖;自然史;奥杜邦,整理,published,V1.0
V26_T0006,鱼解剖图,Fish Anatomy,,V26,解剖与生物插画 / 脊椎动物解剖,呈现鱼类外形配鳃骨脊椎剖视的科学绘图，博物志与近代鱼类志典图典型，鳍刺计数鲜明。,呈鱼整姿侧面配鳃剖视与鳍刺计数的科学图样，工整具度量感，传递严谨的鱼类学记录气质。,用于生成鱼类解剖或鱼类志插画；侧姿统一与鳍刺计数须精准以符合鱼类学科学记录。,鱼类志配图;海洋生物科普;博物馆展陈,,,鱼类;解剖;鱼类志;博物,整理,published,V1.0
V26_T0007,昆虫解剖图,Insect Anatomy,,V26,解剖与生物插画 / 昆虫及其他无脊椎,呈现昆虫口器翅足触角等结构标注的科学绘图，昆虫学图谱与教学图典型，结构标号清晰。,呈昆虫整姿配器官标号放大的工整图样，结构规整具标号，传递严密而教学性的昆虫学气质。,用于生成昆虫解剖或昆虫学图鉴；器官部位标号须清晰避免失序以兼顾科学性和教学性。,昆虫学图谱;生物学教学图;标本馆视觉,,,昆虫;解剖;昆虫学;标号,整理,published,V1.0
V26_T0008,软体解剖图,Mollusk Anatomy,,V26,解剖与生物插画 / 昆虫及其他无脊椎,呈现贝类螺蛸及软体螺体解剖结构的科学绘图，贝壳志与海自然史典型，硬壳软体对照。,呈硬壳外形与剖露软体并置对照的科学图样，工整细致，传递严谨的软体动物学记录气质。,用于生成贝类解剖或海洋软体图鉴；硬壳外形与软体剖面须并置对照避免失衡失信息量。,贝壳志配图;海洋生物科普;自然史视觉,,,软体;解剖;贝壳;无脊椎,整理,published,V1.0
V26_T0009,细胞结构图,Cell Structure,,V26,解剖与生物插画 / 细胞与微观世界,呈现细胞器与细胞核线粒体等微观结构的微观插画，示意放大配标号，现代生物学教学典型。,呈放大细胞器配连线标号的微观示意样式，洁净规整，传递精密而具说服力的微观生物气质。,用于生成细胞结构图或微观生物学示意；器官标号与科学色块须清晰避免装饰化失教学性。,细胞生物学教学;科普插图;医学示意,,,细胞;解剖;微观;示意图,整理,published,V1.0
V26_T0010,矿物质结构,Mineral Structure,,V26,解剖与生物插画 / 细胞与微观世界,呈现矿物晶体几何生长结构的科学草图，地质博物馆与矿物志配图典型，晶系清晰对称。,呈矿物几何晶体立体生长展开配对称的轴线结构，工整严谨，传递精密而客观的矿物学气质。,用于生成矿物晶体结构或地质科普图；晶体几何对称与晶系明确以保持科学记录性。,矿物志配图;地质博物馆视觉;矿物科普,,,矿物;晶体;结构;地质,整理,published,V1.0
V26_T0011,博物志版面,Natural History Plate,,V26,博物志风格 / 博物志版面,以拉丁学名与刻度标尺并置呈现多种物种的博物志页面格式，源自林奈分类时代的图谱典面。,呈多物种并排配学名与测度标尺的整齐版面，古典工整严谨，传递18世纪博物志的学术气质。,用于生成博物志页面或自然史图谱版面；学名排版与测度标尺须严谨以保留传统博物志风格。,博物志版面设计;自然史图谱;复古科学品牌,,,博物志;版面;自然史;林奈,整理,published,V1.0
V26_T0012,林奈分类图,Linnaean Diagram,,V26,博物志风格 / 分类示意,以林奈双名法与分类阶梯并置呈现的分类示意图，植物志与博物志中的分类视觉章程典型。,呈双名法学名配界门纲目科属种分层排布的示意版面，工整而具法度，传递学术专业的分类气质。,用于生成分类图或植物分类示意；分类阶梯与学名格式须明确以免失林奈体系的科学严谨。,植物分类教学;博物志配图;学科科普视觉,,,林奈;分类;双名法;示意图,整理,published,V1.0
V26_T0013,标本留白,Specimen Whitespace,,V26,博物志风格 / 博物志版面,以单只标本居中大片留白配学名说明的传统博物版面构成，伦敦自然博物馆绘图典型。,呈居中标本悬空大片留白配学名文字的极简版式，工整疏朗，传递博物学典藏的庄静气质。,用于生成博物馆风格插画或标本展示版面；留白比例与学名位置须克制以保留典藏学术感。,博物馆标本展示;自然史海报;复古科普插画,,,标本;留白;博物志;版式,整理,published,V1.0
V26_T0014,植物标本压干,Pressed Herbarium,,V26,自然标本与化石 / 植物腊叶标本,以压干装贴于卡纸的腊叶标本为视觉原型的绘图风格，植物志腊叶馆藏典型，扁平干燥姿态。,呈植物扁平压干贴卡的有绉纹教科书风格，姿态肃静干燥，传递典藏腊叶标本的学术气质。,用于生成腊叶标本风插画或植物科普；绉纹与干燥感须设定避免饱满失标本压干质感。,腊叶标本画风;植物科普插画;自然品牌视觉,,,腊叶;标本;压干;植物志,整理,published,V1.0
V26_T0015,羽毛标本图,Feather Specimen,,V26,自然标本与化石 / 动物标本,以鸟羽排列呈现各种羽毛结构与色泽的科学绘图，鸟类志与狩猎图典型，飞羽绒羽一目了然。,呈各类羽毛并排配学名与外形对照的工整图样，结构精致，传递严谨的鸟类学记录气质。,用于生成羽毛图谱或鸟类科普；羽毛朝向与闪烁色须明确以避免失羽毛学结构科学性。,鸟类志羽毛图;复古科普插画;自然博物视觉,,,羽毛;标本;鸟类图;博物志,整理,published,V1.0
V26_T0016,贝壳标本图,Shell Specimen,,V26,自然标本与化石 / 动物标本,以多种贝壳放射排布呈分类陈列的科学绘图，海洋贝壳志与柜藏陈列典型，结构对称华美。,呈多类贝壳放射或并排陈列配白底的工整图样，对称严整，传递贝类学典藏的精致博物气质。,用于生成贝壳图谱或海洋博物插画；放射排布与朝向须匀称以避免杂乱拖延视觉。,贝壳志插画;海洋博物馆视觉;自然科普品牌,,,贝壳;标本;海洋;博物志,整理,published,V1.0
V26_T0017,化石复原绘图,Fossil Reconstruction,,V26,自然标本与化石 / 化石古生物,依据化石残骸推绘古生物完整生活的科学复原图，恐龙与三叶虫典型，融合科学推论与想象。,呈古老生物拟真生活姿态配骨架对照的科学复原图样，生动又严密，传递古生物学的探索气质。,用于生成古生物复原图或博物馆科普；姿态推论须配骨架对照以保科学推理的可信度。,古生物复原图;博物馆科普插画;地史展示视觉,,,化石;复原;古生物;科普,整理,published,V1.0
V26_T0018,古生代海洋图,Paleozoic Sea,,V26,自然标本与化石 / 化石古生物,描绘古生代海洋三叶虫鹦鹉螺笔石等古生物群生态的古生物复原图，地质年代博物馆典型题材。,呈三叶虫奇虾鹦鹉螺等远古海洋生物群生态复原图，色彩古朴神秘，营造古生代深时的复原意境。,用于生成古生代生态图或地质年代复原；各类古生物姿态与海底环境须符合古生态推断。,古生物生态复原;自然博物馆视觉;古生物科普品牌,,,古生代;海洋古生物;复原;三叶虫,整理,published,V1.0
V26_T0019,铜版科学插图,Engraved Science Plate,,V26,古典科学版画 / 古典科学版画,以铜版蚀刻细密交叉线刻制的古典科学插图，狄德罗百科全书典型，黑白调子严谨而典雅。,呈铜版蚀刻的细密交叉影线构成的黑白科学图样，纹路严密而古典，传递18世纪百科全书的学术气质。,用于生成铜版科学图或复古科普；交叉影线密度与黑白节奏须严密保留铜版的古典版画感。,百科全书插图风;复古科学品牌;博物馆海报,,,铜版;蚀刻;版画;科学插图,整理,published,V1.0
V26_T0020,木刻科学插图,Woodcut Science Plate,,V26,古典科学版画 / 古典科学版画,以木版镌刻黑白线面构成的古典科学插图，老普林尼博物志早期印刷本典型，硬边古朴。,呈木版镌刻的硬边黑白线面科学图样，轮廓刀痕古朴，传递早期印刷博物志的古典气质。,用于生成木刻科学图或古典科普；刀痕硬边与黑白线面须明确避免细腻失去版刻质朴感。,古典博物插图;复古科普视觉;早期印刷风格,,,木刻;版画;博物志;早期印刷,整理,published,V1.0
V26_T0021,叶片脉络图,Leaf Venation,,V26,植物科学绘图 / 器官解剖,呈现叶脉羽脉或掌脉分支结构以鉴植物分类的科学绘图，叶脉序图谱典型，脉络走向清晰。,呈叶脉网状或平行分支展开并标主次脉的科学图样，工整细致，传递严谨而具说服力的植物分类气质。,用于生成叶脉图谱或植物分类示意；主脉与支脉层级须分明以保分类科学记录意义。,植物分类教学;园艺科普插图;植物形态参考,,,叶脉;植物绘图;分类;脉络,整理,published,V1.0
V26_T0022,种子解剖图,Seed Dissection,,V26,植物科学绘图 / 器官解剖,呈现种子胚乳子叶种皮纵剖结构的科学绘图，植物繁殖学教学典型，剖面标号清晰。,呈种子纵剖放大配子叶胚乳标号的微观图样，工整严谨，传递严密而客观的植物繁殖学气质。,用于生成种子解剖或植物繁殖教学；剖面放大与器官标号须清晰以保科学准确。,植物繁殖教学;种子科普插图;农学图鉴,,,种子;解剖;植物绘图;繁殖,整理,published,V1.0
V26_T0023,苔藓放大图,Moss Magnified,,V26,植物科学绘图 / 整株与生态,放大呈现苔藓孢蒴假根叶状体的微观植物绘图，苔藓志与微观植物学典型，结构清楚微缩。,呈苔藓孢蒴与假根放大配标号的微观图样，工整精细，传递严谨而具微观感的苔藓学记录气质。,用于生成苔藓图谱或微观植物插画；放大倍率与器官标号须明确以免失微观准确。,苔藓志配图;微观植物科普;园艺参考,,,苔藓;微观;植物绘图;放大,整理,published,V1.0
V26_T0024,菌丝孢子图,Mycelium Spore,,V26,植物科学绘图 / 整株与生态,放大呈现真菌菌丝与孢子囊结构的微观植物绘图，真菌志与植物病理典型，结构微观清楚。,呈菌丝网与孢子囊放大配标号的微观图样，结构奇异细致，传递严谨的真菌学记录气质。,用于生成真菌图谱或菌物科普；菌丝走向与孢子囊结构须分明以保科学准确。,真菌志配图;菌物科普插画;植物病理参考,,,菌丝;孢子;真菌;微观,整理,published,V1.0
V26_T0025,哺乳动物解剖图,Mammal Anatomy,,V26,解剖与生物插画 / 脊椎动物解剖,呈现哺乳动物骨骼肌齿等解剖结构的科学绘图，比较解剖学与自然史绘画典型，结构比对严密。,呈整姿配剖露骨骼肌齿的科学解剖样式，工整对照，传递严谨而具说服力的比较解剖学气质。,用于生成动物解剖图或自然史插画；解剖部位朝向须统一以利比对避免散乱失序。,比较解剖学图;动物科普视觉;博物馆展陈,,,哺乳动物;解剖;比较解剖;自然史,整理,published,V1.0
V26_T0026,海葵珊瑚解剖,Coral Polyp Anatomy,,V26,解剖与生物插画 / 昆虫及其他无脊椎,呈现海葵珊瑚虫触手口盘基盘剖视的科学绘图，海洋无脊椎动物志典型，结构鲜艳微观。,呈珊瑚虫触手与基盘剖露放大配微观标号的图样，结构奇异工整，传递严谨的海洋动物学记录气质。,用于生成海洋无脊椎图鉴或科普；触手与基盘剖面须分明以保动物学科学准确。,海洋无脊椎图鉴;海洋科普视觉;珊瑚博物馆展陈,,,珊瑚;海葵;无脊椎;海洋,整理,published,V1.0
V26_T0027,果蝇染色体图,Drosophila Chromosome,,V26,解剖与生物插画 / 细胞与微观世界,呈现果蝇唾腺染色体巨型条纹模式的科学绘图，遗传学教学典型，染色体带纹清晰可数。,呈巨型染色体横纹模式配标号的微观图样，纹理鲜明工整，传递严密而具学术性的遗传学记录气质。,用于生成染色体图谱或遗传学教学；横纹模式与标号须精准以保遗传学科学准确。,遗传学教学图;生物学科普;基因学示意,,,染色体;果蝇;遗传学;微观,整理,published,V1.0
V26_T0028,DNA双螺旋图,DNA Double Helix,,V26,解剖与生物插画 / 细胞与微观世界,呈现DNA双螺旋结构与碱基配对的科学示意绘图，分子生物学教学典型，结构优雅对称。,呈双螺旋盘绕配碱基配对的对称示意图样，造型优雅工整，传递精密而具说服力的分子生物学气质。,用于生成分子生物学示意或科普；双螺旋的盘绕节律与碱基对位须严谨避免失真。,分子生物学教学;基因科普视觉;生物科技品牌,,,DNA;双螺旋;分子生物;示意,整理,published,V1.0
V26_T0029,鳞翅目彩图,Lepidoptera Plate,,V26,博物志风格 / 分类示意,以多种蝴蝶蛾并排展示鳞翅目分类与色彩图案的彩绘博物志版面，玛丽亚席宾娜经典题材。,呈蝶蛾并排展翅配学名与底白标尺的工整彩图，色彩华丽规整，传递18世纪自然史博物气质。,用于生成蝶蛾博物志或自然史插画；展翅姿态与学名排版须工整以保博物志风格永续。,蝶类博物志;自然史插画;复古科普品牌,,,鳞翅目;博物志;蝶蛾;玛丽亚,整理,published,V1.0
V26_T0030,海藻图谱,Seaweed Plate,,V26,博物志风格 / 博物志版面,以多种海藻按形态布展呈分类陈列的博物志图谱，哈维海藻自然史典图典型，多色淡雅工整。,呈多类海藻放射排布配学名与底白的工整彩图，色素淡雅精致，传递19世纪海藻学的学术气质。,用于生成海藻博物图或海洋科普；放射排布与学名排版须匀整以保传统博物志风格质感。,海藻博物图;海洋科普视觉;自然史品牌,,,海藻;博物志;海洋;自然史,整理,published,V1.0
V26_T0031,鸟卵彩图,Egg Plate,,V26,自然标本与化石 / 动物标本,以多种鸟卵按比例陈列展示分类色泽的科学绘图，奥杜邦鸟类志卵谱典型，对称陈列规整。,呈各类鸟卵放大按比例放射并排配学名标号的工整图样，色泽工整典雅，传递鸟类学的典藏考究气质。,用于生成鸟卵图谱或自然史科普；放大比例与放射排布须匀整以保留典藏学术感。,鸟卵博物图;鸟类科普视觉;自然博物馆展陈,,,鸟卵;标本;博物志;鸟类图,整理,published,V1.0
V26_T0032,矿石陈列图,Mineral Display,,V26,自然标本与化石 / 矿物陈列标本,以多种矿石按类别整齐陈列展示的科学绘图，地质博物馆矿物志典型，晶形色泽工整排列。,呈各类矿石整齐柜藏陈列配学名与标准的工整图样，色调典雅华美，传递矿物学典藏的精严气质。,用于生成矿物陈列图或地质博物馆视觉；柜藏排布与晶形朝向须匀整以保典藏学术感。,矿物志配图;地质博物馆展陈;矿物科普视觉,,,矿物;陈列;博物馆;地质,整理,published,V1.0
V26_T0033,恐龙复原图,Dinosaur Restoration,,V26,自然标本与化石 / 化石古生物,依据恐龙骨架与化石推绘恐龙生态生活的科学复原图，古生物学经典题材，融合推断与想象复原。,呈恐龙拟真生态姿态配骨架对照的科学复原图样，生动而严密，传递古生物学的探索与推论气质。,用于生成恐龙复原或博物馆科普；姿态与骨架对照须严谨以保科学推理可信度。,恐龙生态复原;自然博物馆视觉;古生物科普品牌,,,恐龙;复原;古生物;科普,整理,published,V1.0
V26_T0034,冰河时期生态图,Ice Age Ecology,,V26,自然标本与化石 / 化石古生物,描绘更新世冰河期猛犸披毛犀等古生物群生态的古生物复原图，自然博物馆冰川厅典型题材。,呈猛犸披毛犀等冰河古动物群生态复原图，色彩苍凉辽阔，营造更新世冰原深时的复原意境。,用于生成冰河时期复原或冰川厅科普；古动物群姿态与寒原环境须符合古生态推断。,冰川厅复原场景;古生物科普插画;自然博物馆视觉,,,冰河期;复原;古生物;猛犸,整理,published,V1.0
V26_T0035,石版画科学插图,Lithograph Science Plate,,V26,古典科学版画 / 古典科学版画,以石版平版印刷石版纸绘制的彩色科学插图，19世纪博物志彩色石版画典型，色泽淡雅鲜明。,呈石版平印淡彩配细密黑线的科学图样，色调柔和工整，传递19世纪彩色石版博物画的古典气质。,用于生成石版科学图或复古彩色科普；淡彩与黑线节奏须明确以保石版平印的古典质感。,彩色博物石版画;复古科学品牌;博物馆视觉,,,石版;平版;版画;博物,整理,published,V1.0
V26_T0036,雕版天文图,Engraved Astronomy,,V26,古典科学版画 / 古典科学版画,以铜版雕版刻制的古典天文星宿轨道图，第谷开普勒时代星图典型，圆环星位精密富有装饰性。,呈铜版雕版的同心圆星宿轨道配黄道刻度的精密星图，典雅工整，传递天文学古典版的学术装饰气质。,用于生成古典星图或科学版画；同心圆轨道与星位刻度须严密以保天文学版画古典质感。,古典星图设计;天文学科普视觉;复古星座品牌,,,天文图;雕版;星图;古典,整理,published,V1.0
V26_T0037,地图科学再绘,Cartographic Redraw,,V26,古典科学版画 / 古典科学版画,以古典版画风格重绘的现代地图科学插图，等深线地形图与航海图典型，融合科学制图与古典版画美学。,呈等深线刻度的地形或航海配古代字体地名款式，工整凝古，传递古典制图的科学装饰气质。,用于生成古典版画风地图或地理科普；等深线刻度与地名排版须严谨以保制图科学质感。,复古制图设计;地理科普品牌;装饰地图海报,,,地图;制图;古典版画;等深线,整理,published,V1.0
V26_T0038,显微观察素描,Microscopy Drawing,,V26,解剖与生物插画 / 细胞与微观世界,以显微观察放大对象手绘的科学素描，胡克显微图谱经典，放大精确亦兼具艺术性。,呈放大对象配圆框与手绘笔触的科学微观素描，工整严谨，传递古典显微观察的探索科学气质。,用于生成显微图谱或微观科学素描；圆框视图与笔触须明确以保留显微观察的古典科学感。,显微科学图谱;微观科普教学;复古生物科普,,,显微;观察素描;微观;胡克,整理,published,V1.0
V26_T0039,解剖学比例图,Anatomical Proportion,,V26,解剖与生物插画 / 脊椎动物解剖,呈现生物体各部位比例标测的科学比例图，维特鲁威人与达芬奇人体比例典型著例。,呈人体或动物分部位配测度比例标线的图样，工整具度量感，传递古典人文与科学的结合气质。,用于生成比例图或解剖比例示意；分部位比例标线与单位标号须严谨以保度量科学性。,人体比例教学;学术解剖参考;古典人文插画,,,比例图;解剖;维特鲁威;达芬奇,整理,published,V1.0
V04_T0111,人族,Human,人类;普通人类,V04,角色设计 / 种族体型,基础人类角色，体型比例均衡、五官常态，是绝大多数写实与奇幻作品的主体种族，常作为其它种族的对照基准。,标准人体比例、可塑性强、辨识度依赖服饰与妆造区分。,作为通用主体或基准种族使用，通过服装、发型、配色区分阵营与职业。,奇幻;写实;科幻,精灵;矮人,半兽人,种族;人族;基础体型,整理,published,V1.0
V04_T0112,仙族,Immortal Deity,仙人;神仙,V04,角色设计 / 种族体型,东方神话中的长生者，常着飘逸长袍、气质超然，伴随云雾祥光与飘带，体型修长轻盈，多见于仙侠与国风题材。,衣袂飘举、祥云环绕、肤色清透、自带柔光仙气。,用于仙侠国风角色，配合飘带、祥云、莲花等意象强调脱俗气质。,仙侠;国风;神话,妖精;东方仙境,天使,种族;仙族;东方神话,整理,published,V1.0
V04_T0113,妖族,Yokai / Demonkin,妖怪;半妖,V04,角色设计 / 种族体型,由动植物或器物修炼成形的精怪类角色，常保留原型特征（狐耳、蛇尾、角），介于人兽之间，气质亦正亦邪。,人形混合兽类特征、妖异瞳色、斑纹或鳞片点缀。,用于东方妖怪或暗黑奇幻角色，强调兽化特征与神秘感。,妖怪;国风;暗黑奇幻,精怪;狐妖,兽人,种族;妖族;东方神话,整理,published,V1.0
V04_T0114,狐妖,Fox Spirit,九尾狐;狐仙,V04,角色设计 / 种族体型 / 妖族分支,以狐为原型的妖族分支，标志性特征为狐耳与蓬松狐尾（常为九尾），多具魅惑气质与幻化能力，是东方志怪中的经典形象。,狐耳狐尾、媚眼红瞳、妖艳妆容与华丽和风服饰。,用于和风妖怪或魅惑系角色，突出狐耳狐尾与幻惑氛围。,和风;妖怪;志怪,妖族;精怪,兽人,种族;狐妖;妖族分支,整理,published,V1.0
V04_T0115,龙族,Dragonkin,东方龙;蛟龙,V04,角色设计 / 种族体型,兼具人形与龙族特征的角色，常见龙角、龙鳞、竖瞳与长指甲，气质威严或高贵，区别于西方巨龙的独立物种设定。,龙角龙鳞、竖瞳、华贵长袍、威严气场。,用于东方龙族或高贵血脉角色，强调龙角与鳞纹的尊贵感。,国风;奇幻;神话,龙人;巨龙,恶魔,种族;龙族;东方神话,整理,published,V1.0
V04_T0116,机械族,Android / Synthetic,合成人;仿生人,V04,角色设计 / 种族体型,以机械与合成躯体构成的类人种族，关节可见结构件、肤色常为金属或素白，可融合义体与发光管线，常见于近未来科幻。,金属外壳、发光管线、机械关节、冷色调反光。,用于赛博朋克或科幻角色，强调义体结构与科技质感。,科幻;赛博朋克;近未来,机器人;机械臂,机器人,种族;机械族;科幻,整理,published,V1.0
V04_T0117,鱼人,Fishfolk,鲛人;水族,V04,角色设计 / 种族体型,水生类人种族，具鳃、蹼与鳞片，下半身常为鱼尾，适应水下环境，多见于海洋奇幻与神话题材。,鱼尾鳞片、鳃裂、水生荧光、湿润质感。,用于海洋或水下场景角色，强调水生特征与流光质感。,海洋奇幻;神话;水下城市,人鱼;深海怪,人鱼,种族;鱼人;水生,整理,published,V1.0
V04_T0118,元素灵,Elemental Sprite,元素精灵;元素化身,V04,角色设计 / 种族体型,由火水风土等自然元素凝聚而成的半透明灵体角色，形体流动、自带对应元素光效，常作为守护或使者形象。,半透明能量体、元素粒子环绕、流动发光轮廓。,用于魔法或自然主题角色，强调元素光效与非物质质感。,奇幻;魔法;自然,元素生物;精怪,元素生物,种族;元素灵;魔法,整理,published,V1.0
V04_T0119,神灵,God / Deity,神明;至高存在,V04,角色设计 / 种族体型,世界观中的至高存在，形体常超越凡人比例，伴随光环、星辉或具象化神格符号，威严不可逼视，多用于神话史诗框架。,巨大化或漂浮姿态、神光环绕、符号化装饰、庄严氛围。,用于神话史诗或boss级角色，强调神性与压倒性气场。,神话;史诗;宗教美术,仙族;天使,天使,种族;神灵;神话,整理,published,V1.0
V04_T0120,侏儒,Gnome,地灵;小矮妖,V04,角色设计 / 种族体型,矮小聪慧的工匠类种族，体型约为人族一半，大头大眼、擅长机械与炼金，性格机敏，常见于欧式奇幻。,娇小比例、大头大眼、工装与护目镜、精巧工具。,用于奇幻工匠或搞怪辅助角色，强调小巧与机巧感。,奇幻;蒸汽朋克;喜剧,矮人;机械族,矮人,种族;侏儒;工匠,整理,published,V1.0
V04_T0121,元素使,Elementalist,元素法师;御元素者,V04,角色设计 / 职业定位,专司操控单一或多重自然元素的施法职业，周身环绕元素粒子，法术以元素爆发与塑形为主，造型随所主元素变色。,元素粒子环绕、法阵光效、随元素变色的能量外衣。,用于法系输出角色，配合火水风土光效强调元素属性。,奇幻;魔法;RPG,法师;元素灵,法师,职业;元素使;法系,整理,published,V1.0
V04_T0122,吟游诗人,Bard,游吟诗人;歌者,V04,角色设计 / 职业定位,以音乐与诗歌施展辅助与控场能力的流浪职业，常携乐器、衣着潇洒，兼具情报与增益定位，气质浪漫灵动。,飘逸旅人装、乐器随身、音符与光带环绕。,用于辅助或控场型角色，强调浪漫旅人气质与音乐元素。,奇幻;RPG;冒险,游侠;法师,游侠,职业;吟游诗人;辅助,整理,published,V1.0
V04_T0123,召唤师,Summoner,通灵者;契约师,V04,角色设计 / 职业定位,通过契约或法阵召唤异界生物协同作战的职业，周身铭刻符文，依赖召唤物输出与牵制，本体脆弱但战略价值高。,符文法阵、契约光链、召唤门与异界生物虚影。,用于召唤系角色，强调符文法阵与召唤生物的存在感。,奇幻;RPG;战术,法师;死灵法师,死灵法师,职业;召唤师;法系,整理,published,V1.0
V04_T0124,炼金术士,Alchemist,炼金师;药剂师,V04,角色设计 / 职业定位,钻研物质转化与药剂调配的职业，环绕试管、坩埚与神秘符号，可制炸弹、药水与变异药剂，造型常带实验室邋遢感。,试管药剂、蒸汽与气泡、炼金符号、实验袍。,用于发明家或辅助职业，强调瓶罐与化学光效。,奇幻;蒸汽朋克;RPG,侏儒;药水瓶,机械师,职业;炼金术士;工匠,整理,published,V1.0
V04_T0125,圣职者,Cleric / Priest,神官;祭司,V04,角色设计 / 职业定位,侍奉神祇、掌握治愈与神圣魔法的职业，着法袍、持圣徽，气质肃穆虔诚，兼具治疗与神圣伤害定位。,圣光环绕、法袍圣徽、庄严虔诚气场。,用于治疗或神圣系角色，强调圣光与宗教符号。,奇幻;RPG;宗教,牧师;圣骑士,牧师,职业;圣职者;神圣,整理,published,V1.0
V04_T0126,影舞者,Shadowdancer,暗影舞者;魅影,V04,角色设计 / 职业定位,操控阴影进行位移与暗杀的敏捷职业，身形融入暗影、行动如舞，兼具刺客的爆发与幻术的迷惑。,半身没入暗影、残影分身、冷光短刃。,用于潜行暗杀型角色，强调阴影与残影的灵动感。,奇幻;潜行;RPG,刺客;忍者,刺客,职业;影舞者;敏捷,整理,published,V1.0
V04_T0127,重装兵,Heavy Gunner,重机枪手;火力手,V04,角色设计 / 职业定位,以重型枪械与护甲为核心的火力职业，体型壮硕、移动缓慢但压制力极强，常见于军事与科幻题材。,厚重护甲、巨型枪械、弹壳火花与硝烟。,用于火力压制型角色，强调重甲与重武器的分量感。,科幻;军事;射击,枪手;护甲套装,枪手,职业;重装兵;火力,整理,published,V1.0
V04_T0128,机甲师,Mech Pilot,机甲操控者;驾驶员的,V04,角色设计 / 职业定位,操控大型机甲作战的驾驶员职业，常着紧身驾驶服、身披神经接驳线，气质冷静专注，与机甲形成人机组合同框。,驾驶服接驳线、头盔HUD、与机甲同框的对比尺度。,用于科幻机甲题材，强调驾驶员与机甲的比例与联动。,科幻;机甲;军事,机甲驾驶员;机甲,机甲驾驶员,职业;机甲师;科幻,整理,published,V1.0
V04_T0129,驯兽师,Beast Tamer,驭兽者;驯龙人,V04,角色设计 / 职业定位,与野兽或怪物建立羁绊并协同作战的职业，常携鞭索与哨铃，身边跟随契约生物，兼具控制与辅助定位。,鞭索哨铃、契约生物随行、野性装饰。,用于召唤或控制系角色，强调人与野兽的羁绊构图。,奇幻;冒险;RPG,召唤师;驯龙人,召唤师,职业;驯兽师;控制,整理,published,V1.0
V04_T0130,傀儡师,Puppeteer,人偶师;操线者,V04,角色设计 / 职业定位,以丝线与人偶作战的操纵类职业，常着戏服、指尖牵线，人偶随指令行动，气质诡谲如舞台幻戏。,牵丝人偶、戏服面具、诡谲舞台光。,用于操纵或暗黑系角色，强调丝线与傀儡的对称构图。,奇幻;暗黑;舞台,魔术师;机械臂,召唤师,职业;傀儡师;操纵,整理,published,V1.0
V04_T0131,时空旅人,Chrononaut,时间旅行者;时空行者,V04,角色设计 / 职业定位,穿梭于时间线与平行维度间的旅者职业，造型融合多时代元素，周身漂浮钟表与裂隙光纹，气质疏离神秘。,时钟齿轮、时空裂隙光、跨时代混搭服饰。,用于科幻或超现实角色，强调时间符号与维度裂缝。,科幻;超现实;冒险,赛博黑客;魔术师,赛博黑客,职业;时空旅人;科幻,整理,published,V1.0
V04_T0132,符文战士,Rune Warrior,符文兵;铭文骑士,V04,角色设计 / 职业定位,将符文铭刻于躯体与武器以获得强化的近战职业，体表浮动发光符文，攻击附带铭文爆闪，兼具战士的刚猛与神秘。,体表发光符文、铭文武器、爆闪冲击。,用于附魔近战角色，强调符文 engraved 与能量爆发。,奇幻;RPG;战斗,战士;圣骑士,圣骑士,职业;符文战士;近战,整理,published,V1.0
V04_T0133,死灵祭司,Necromancer Priest,亡灵祭司;噬魂者,V04,角色设计 / 职业定位,以亡者之力施行诅咒与复生的黑暗神职者，环绕骨灰与怨灵，氛围阴森，介于祭祀与死灵法师之间。,幽绿鬼火、骸骨饰物、阴森雾气。,用于黑暗或亡灵系角色，强调幽光与骸骨意象。,暗黑;奇幻;亡灵,死灵法师;亡灵,死灵法师,职业;死灵祭司;黑暗,整理,published,V1.0
V04_T0134,双剑客,Dual Blades,双刀客;双刃刺客,V04,角色设计 / 职业定位,双手持短剑、以高速连击见长的敏捷近战职业，身法飘逸、攻防转换极快，造型利落带残影。,交叉双刃、高速残影、利落短装。,用于敏捷近战角色，强调速度与刀光残影。,奇幻;动作;RPG,刺客;影舞者,刺客,职业;双剑客;敏捷,整理,published,V1.0
V04_T0135,守望者,Warden,守卫;护界人,V04,角色设计 / 职业定位,守护疆界与秩序的长驻防御职业，披重甲、持塔盾或长戟，气质沉稳坚定，常立于关口与城墙。,厚重城防甲、塔盾长戟、稳固如山姿态。,用于防御坦克型角色，强调守护与坚不可摧的存在感。,奇幻;守卫;RPG,圣骑士;重装兵,圣骑士,职业;守望者;防御,整理,published,V1.0
V04_T0136,海滨港口,Harbor Port,海港;码头,V04,场景与世界观 / 聚落地貌,停泊船只的临海聚落，桅杆如林、吊桥与货箱错落，海雾与咸湿光感笼罩，是冒险故事常见的出发与归来之地。,密集桅杆、湿滑石板、海雾逆光、停泊船影。,用于航海或城镇题材开场，强调桅杆剪影与海雾氛围。,航海;城镇;冒险,废弃工厂;机械都市,水下城市,场景;港口;海滨,整理,published,V1.0
V04_T0137,中世纪集市,Medieval Marketplace,城镇广场;露天市集,V04,场景与世界观 / 聚落地貌,铺着鹅卵石的城镇广场，彩棚摊位、悬挂旌旗与喧嚣人群交织，暖色阳光斜照石墙，充满生活气息与奇幻烟火气。,彩棚旌旗、鹅卵石反光、人群暖光、市井喧闹感。,用于城镇日常或节庆场景，强调彩棚与人文烟火气。,奇幻;城镇;日常,古代遗迹;海滨港口,东方仙境,场景;集市;城镇,整理,published,V1.0
V04_T0138,贫民窟,Slums,棚户区;下城,V04,场景与世界观 / 聚落地貌,拥挤破败的底层聚居区，锈蚀铁皮与晾晒衣物层层叠压，窄巷湿气与昏黄灯光交织，常作为犯罪或底层叙事的舞台。,层叠铁皮屋、窄巷昏灯、晾晒衣物、压抑拥挤。,用于底层或犯罪题材，强调拥挤与昏黄压抑光。,现实;赛博朋克;犯罪,赛博贫民窟;废弃工厂,末世废土,场景;贫民窟;底层,整理,published,V1.0
V04_T0139,赛博贫民窟,Cyber Slums,霓虹棚户;下城寨,V04,场景与世界观 / 聚落地貌,被霓虹与电缆缠绕的底层街区，违章搭建的楼体攀满管线，潮湿反光的地面倒映招牌，贫富落差与科技废土感并存。,霓虹倒影、缠绕电缆、违章楼体、潮湿反光。,用于赛博朋克底层叙事，强调霓虹与管线压迫感。,赛博朋克;科幻;底层,贫民窟;赛博都市,末世废土,场景;赛博贫民窟;科幻,整理,published,V1.0
V04_T0140,神殿,Temple Sanctum,神庙;圣殿,V04,场景与世界观 / 聚落地貌,供奉神祇的庄严建筑，巨柱高拱、烛火长明，壁画与圣徽述说教义，光线自穹顶倾泻，肃穆而神圣。,巨柱高拱、烛火长明、穹顶圣光、庄严对称。,用于宗教或神圣场景，强调对称构图与圣光氛围。,神话;宗教;奇幻,魔法学院;古代遗迹,地下城,场景;神殿;神圣,整理,published,V1.0
V04_T0141,秘密实验室,Secret Laboratory,地下实验室;科研设施,V04,场景与世界观 / 聚落地貌,布满玻璃器皿与发光屏幕的隐秘研究空间，管线与培养舱交错，冷调荧光照亮未知实验，暗藏危险与谜团。,玻璃器皿、发光屏幕、培养舱、冷调荧光。,用于科幻或惊悚场景，强调冷光与实验器材。,科幻;惊悚;实验,太空站;废弃工厂,机械都市,场景;实验室;科幻,整理,published,V1.0
V04_T0142,荒野草原,Wild Prairie,大草原;旷野,V04,场景与世界观 / 聚落地貌,一望无际的长草旷野，风过草浪起伏，远处孤树与兽群点缀地平线，天高云阔、辽阔而寂寥。,起伏草浪、孤树兽群、高远天穹、辽阔寂寥。,用于旅行或史诗开场，强调地平线与风吹草动。,冒险;史诗;自然,雪山;沙漠绿洲,末世废土,场景;草原;自然,整理,published,V1.0
V04_T0143,冰川峡谷,Glacier Canyon,冰峡;冻谷,V04,场景与世界观 / 聚落地貌,被冰川切割的深谷，幽蓝冰壁折射冷光，冰瀑与裂隙纵横，寒气与寂静笼罩，险峻而纯净。,幽蓝冰壁、冰瀑裂隙、冷光折射、纯净险峻。,用于极地或试炼场景，强调冷蓝调与冰晶质感。,极地;奇幻;试炼,雪山;火山熔岩,沙漠绿洲,场景;冰川;极地,整理,published,V1.0
V04_T0144,溶洞暗河,Cave River,地下暗河;钟乳洞,V04,场景与世界观 / 聚落地貌,幽深洞穴中蜿蜒流淌的地下河，钟乳石自顶垂挂、水面倒映粼粼微光，湿润苔壁与空旷回声放大孤寂与神秘感。,垂挂钟乳、水面微光、湿润苔壁、幽深回响。,用于探险或神秘场景，强调幽暗与水光反射。,探险;神秘;地下,地下城;幽暗沼泽,水下城市,场景;溶洞;地下,整理,published,V1.0
V04_T0145,匕首,Dagger,短剑;刺刀,V04,道具与装备 / 近战武器,单手短刃，便于隐藏与速攻，常用于暗杀与贴身防卫，造型从朴素到镶宝各异，是冒险者基础装备。,短小利刃、反光刃口、便于藏匿、轻盈灵动。,用于潜行或速攻角色，强调小巧与致命感。,奇幻;潜行;近战,双剑客;刺客,巨斧,装备;匕首;近战,整理,published,V1.0
V04_T0146,战锤,War Hammer,巨锤;钉锤,V04,道具与装备 / 近战武器,沉重钝器，靠质量与冲击破甲碎骨，挥舞缓慢但破坏力惊人，常见于重装战士与攻城场景。,硕大锤头、破甲裂石、沉重压迫、尘屑飞溅。,用于重装或破甲角色，强调质量与冲击破坏。,奇幻;重装;攻城,守望者;重装兵,巨斧,装备;战锤;钝器,整理,published,V1.0
V04_T0147,长矛,Spear,长枪;投矛,V04,道具与装备 / 近战武器,杆长刃尖的穿刺武器，兼具刺击与投掷，列阵时可形成枪林，是冷兵器时代的标志性长兵。,修长杆身、锋锐矛尖、列阵枪林、穿刺线条。,用于列阵或狩猎角色，强调长度与穿刺。,奇幻;战争;狩猎,骑士;战士,弓箭,装备;长矛;长兵,整理,published,V1.0
V04_T0148,弩,Crossbow,劲弩;十字弓,V04,道具与装备 / 远程武器,机械蓄力的远程武器，上弦后可稳定发射，精度高、穿透强，区别于弓的连续拉射，带齿轮与绞盘结构。,横置弩臂、绞盘齿轮、待发箭槽、冷械质感。,用于远程或狙击角色，强调机械结构与精准。,奇幻;远程;军事,弓箭;枪手,科幻枪,装备;弩;远程,整理,published,V1.0
V04_T0149,护手,Gauntlet,臂甲;手甲,V04,道具与装备 / 护具,覆盖前臂与手部的装甲，兼具防御与抓握，可嵌刃或法阵，是近战与仪式装束的常见部件。,金属甲片、关节铆接、可嵌利刃、刚硬轮廓。,用于近战或仪式角色，强调手部防护与装饰。,奇幻;护具;近战,护甲套装;头盔,盾牌,装备;护手;护具,整理,published,V1.0
V04_T0150,披风,Cape,斗篷;风衣,V04,道具与装备 / 服饰配件,披挂肩背的长幅织物，随风翻飞强化动态与神秘感，亦可作伪装或身份符号，是英雄与反派的共同标配。,翻飞布料、随风动态、垂坠线条、身份符号。,用于英雄或神秘角色，强调飘动与气场。,奇幻;时尚;神秘,立绘;角色配色,头盔,装备;披风;服饰,整理,published,V1.0
V04_T0151,魔法戒指,Magic Ring,法戒;指环,V04,道具与装备 / 魔法器物,镶嵌宝石的戒指，常封印法力或诅咒，戴于指尖即可引动术式，是低调而关键的魔法载体。,镶嵌宝石、符文微光、指尖法力、精致金属。,用于魔法或诅咒题材，强调宝石光与符文。,奇幻;魔法;宝物,魔法道具;权杖,药水瓶,装备;戒指;魔法,整理,published,V1.0
V04_T0152,面具,Mask,面罩;假面,V04,道具与装备 / 服饰配件,遮覆面部的器物，用于隐藏身份、威慑或仪式，材质从木雕到金属各异，自带神秘与戏剧张力。,遮面轮廓、雕纹或眼孔、神秘留白、戏剧感。,用于隐藏或仪式角色，强调面孔缺失的神秘。,奇幻;仪式;神秘,傀儡师;刺客,头盔,装备;面具;神秘,整理,published,V1.0
V04_T0153,权杖,Scepter,王杖;节杖,V04,道具与装备 / 魔法器物,象征权力与法力的长柄器物，顶端镶嵌徽记或宝石，由王侯祭司执掌，兼具威仪与施法媒介。,长柄顶端宝石、威仪垂坠、法力光晕、权位符号。,用于君主或祭司角色，强调权威与法力光。,神话;魔法;王权,法杖;魔法戒指,奇幻长剑,装备;权杖;魔法,整理,published,V1.0
V04_T0154,飞行器,Flying Vehicle,飞行载具;浮空机,V04,道具与装备 / 载具,脱离地面交通的飞行工具，从魔法飞毯到反重力引擎形态各异，强调天空机动与俯瞰大地的自由视角。,悬停机身、反重力光、俯瞰视角、天空轨迹。,用于科幻或奇幻飞行题材，强调升空与机动。,科幻;奇幻;载具,飞船;载具,机甲,装备;飞行器;载具,整理,published,V1.0
V04_T0155,能量护盾,Energy Shield,力场护盾;光盾,V04,道具与装备 / 魔法器物,由能量构成的防御力场，半透明光膜抵挡攻击，受击泛起涟漪，是科幻与魔法共通的保护手段。,半透明光膜、受击涟漪、能量流动、屏障轮廓。,用于防护型角色，强调光膜与受击反馈。,科幻;魔法;防护,盾牌;护甲套装,头盔,装备;护盾;能量,整理,published,V1.0
V04_T0156,飞龙,Wyvern,翼龙;双足飞龙,V04,生物设计 / 飞行生物,以双足与双翼活动的飞行龙类，颈长尾韧、鳞翼薄膜，空中盘旋俯冲，区别于四足巨龙的独立种群。,膜翼伸展、长颈利爪、空中盘旋、鳞片反光。,用于天空或守护题材，强调翼展与俯冲动态。,奇幻;飞行;龙类,巨龙;龙族,机械兽,生物;飞龙;飞行,整理,published,V1.0
V04_T0157,独角兽,Unicorn,麒麟马;灵角兽,V04,生物设计 / 灵兽,额生独角的骏马形灵兽，通体莹白、角泛柔光，象征纯洁与治愈，常出没于静谧幽深的森林。,莹白躯体、额角柔光、飘逸鬃毛、圣洁气息。,用于纯净或治愈题材，强调独角色光与优雅。,奇幻;灵兽;森林,精灵;树精,巨兽,生物;独角兽;灵兽,整理,published,V1.0
V04_T0158,狮鹫,Griffin,鹰头狮;鹫狮,V04,生物设计 / 混合兽,鹰首鹰翼与狮身结合的混合兽，前肢为利爪、后躯雄健，兼具天空与陆地的双域霸主气场。,鹰首利喙、狮身雄健、展翅爪击、王者姿态。,用于守护或王权题材，强调鹰狮混血威严。,奇幻;混合兽;守护,混合兽;飞龙,蝎尾狮,生物;狮鹫;混合兽,整理,published,V1.0
V04_T0159,蝎尾狮,Manticore,人面狮;蝎狮,V04,生物设计 / 混合兽,狮身、人面、蝎尾的凶暴混合兽，尾刺带毒、口吐尖牙，是神话传说里令人畏惧的灾厄使者形象。,人面狮身、毒尾闪烁、尖牙利爪、凶暴气息。,用于灾厄或 boss 题材，强调毒尾与狰狞。,神话;混合兽;boss,混合兽;狮鹫,异形,生物;蝎尾狮;混合兽,整理,published,V1.0
V04_T0160,石巨人,Stone Golem,岩石傀儡;石魔,V04,生物设计 / 构装生物,由岩石躯体拼合而成的构装生物，行动迟缓却坚不可摧，常作为古迹守卫或被法术所驱动。,巨岩躯体、拼合接缝、缓慢压迫、坚不可摧。,用于守卫或遗迹题材，强调岩石质感与体量。,奇幻;构装;守卫,机械兽;不死生物,巨人,生物;石巨人;构装,整理,published,V1.0
V04_T0161,幽灵,Ghost,亡魂;怨灵,V04,生物设计 / 灵体,人形半透明的逝者灵体，飘忽穿透物体、哀怨低语，常缠绕未竟之事，是恐怖与悲情常见意象。,半透明人形、飘忽穿透、幽蓝微光、哀怨氛围。,用于恐怖或悲情题材，强调透明与幽光。,恐怖;灵体;亡灵,亡灵;不死生物,元素灵,生物;幽灵;灵体,整理,published,V1.0
V04_T0162,树精,Treant,树灵;树人,V04,生物设计 / 植物生物,由古老树木觉醒的活体精魂，枝为臂、根为足，树皮披身、苔痕斑驳，守护森林抵御侵扰。,木质躯体、枝臂根足、苔痕斑驳、缓慢威严。,用于森林守护题材，强调木质纹理与生机。,奇幻;森林;守护,独角兽;精灵,石巨人,生物;树精;植物,整理,published,V1.0
V04_T0163,章鱼怪,Kraken,海妖;巨章鱼,V04,生物设计 / 深海生物,盘踞深海的巨型头足类怪物，触手缠绕船舶、吸盘狰狞，是航海传说里令人闻风丧胆的灭顶之灾。,巨腕缠绕、吸盘狰狞、海浪翻涌、深渊压迫。,用于深海或灾难题材，强调触手与海啸。,深海;怪物;航海,深海怪;鱼人,异形,生物;章鱼怪;深海,整理,published,V1.0
V04_T0164,凤凰,Phoenix,不死鸟;火凤,V04,生物设计 / 灵兽,浴火重生的神鸟，羽翼燃焰、灰烬中复苏，象征不朽与希望，光焰与灰烬交织其神圣之形。,燃焰羽翼、灰烬飘散、重生光焰、不朽气场。,用于重生或神圣题材，强调火焰与循环。,神话;灵兽;火,元素灵;神灵,巨兽,生物;凤凰;灵兽,整理,published,V1.0
V04_T0165,线稿,Line Art,线描;草线,V04,概念流程与风格 / 绘制阶段,仅以线条勾勒形体与结构的 preliminary 阶段，无明暗与色彩，用于确立轮廓与透视，是厚涂与赛璐璐的共同起点。,纯净墨线、明确轮廓、无调子、结构清晰。,用于草图或线稿风成品，强调线条与结构。,插画;流程;线稿,草图;设定图,厚涂风格,流程;线稿;结构,整理,published,V1.0
V04_T0166,草图,Sketch,速写;构思稿,V04,概念流程与风格 / 绘制阶段,快速捕捉构思的松散笔触，重神似轻细节，用于探索构图与动态，常带辅助线与涂改痕迹。,松散笔触、辅助线、涂改痕迹、灵动不拘。,用于构思或 speedpaint 风，强调探索感。,插画;流程;构思,线稿;气氛图,设定图,流程;草图;构思,整理,published,V1.0
V04_T0167,气氛图,Mood Painting,氛围图;概念气氛,V04,概念流程与风格 / 绘制阶段,以光影与色彩营造情绪与环境的概念图，弱化个体细节、强化整体氛围，用于定调世界观基调。,朦胧光影、情绪色罩、整体氛围、弱化细节。,用于世界观定调，强调光影氛围而非清晰度。,概念;氛围;世界观,色彩脚本;设定图,线稿,流程;气氛图;氛围,整理,published,V1.0
V04_T0168,薄涂,Glazing,透明叠色;罩染,V04,概念流程与风格 / 绘制技法,以半透明色层逐层叠加塑造体积与色彩的技法，通透润泽、过渡柔和，区别于厚涂的覆盖式笔触。,半透明叠色、柔和过渡、通透润泽、层次渐变。,用于插画或赛璐璐上色，强调通透与过渡。,插画;技法;上色,厚涂风格;赛璐璐,卡通渲染,技法;薄涂;上色,整理,published,V1.0
V04_T0169,水彩风,Watercolor Style,水彩;透明水彩,V04,概念流程与风格 / 艺术风格,模拟颜料溶于水的通透质感，边缘自然洇染、留白透气，自带手工与抒情的轻盈手绘质感。,洇染边缘、通透留白、手工笔触、轻盈抒情。,用于清新或抒情题材，强调水痕与通透。,插画;清新;手绘,吉卜力风;国风,厚涂风格,风格;水彩;手绘,整理,published,V1.0
V04_T0170,废土风,Wasteland Style,后启示录风;核冬天,V04,概念流程与风格 / 艺术风格,描绘文明崩坏后的荒芜美学，锈蚀、沙黄与枯竭色调主导，残破器物与幸存者痕迹交织其间。,锈蚀质感、沙黄枯竭、残破器物、荒芜寂寥。,用于末世或后启示录题材，强调锈色与荒芜。,末世;后启示录;废土,末世废土;蒸汽朋克城,赛博都市,风格;废土;末世,整理,published,V1.0
V04_T0171,蒸汽波,Vaporwave,蒸汽波美学;复古未来,V04,概念流程与风格 / 艺术风格,拼贴 80–90 年代消费符号与霓虹渐变的网络复古美学，粉紫青配色、雕像与棕榈构筑超现实怀旧。,粉紫青渐变、霓虹网格、雕像棕榈、超现实怀旧。,用于复古未来或网络美学，强调霓虹渐变与拼贴。,网络美学;复古;未来,赛博都市;像素风,国风,风格;蒸汽波;网络美学,整理,published,V1.0
V04_T0172,图标字体,Icon Font,图标字;符号字体,V04,UI与图标 / UI元素,将图形符号制作为可缩放字体字符的 UI 方案，矢量清晰、统一风格，便于界面批量调用。,矢量符号、统一线宽、清晰缩放、风格一致。,用于游戏或应用界面，强调统一与可缩放。,UI;图标;界面,技能图标;成就图标,界面框架,UI;图标字体;矢量,整理,published,V1.0
V04_T0173,进度环,Progress Ring,环形进度;冷却环,V04,UI与图标 / UI元素,以圆环弧长表示进程或冷却的指示器，常环绕技能或头像，顺时针填充直观传达剩余时间。,环形弧长、顺时针填充、冷却扫光、环绕头像。,用于技能冷却或加载，强调环形与时间感。,UI;进度;技能,技能冷却;技能图标,血条法力条,UI;进度环;指示器,整理,published,V1.0
V04_T0174,技能冷却,Cooldown Overlay,CD遮罩;冷却遮罩,V04,UI与图标 / UI状态,覆盖在技能图标上的变暗扇形或 radial 遮罩，直观显示技能可再次释放的剩余时间。,变暗遮罩、扇形收缩、径向扫描、禁用灰显。,用于技能系统，强调冷却剩余与可用切换。,UI;技能;状态,进度环;技能图标,对话框,UI;冷却;状态,整理,published,V1.0
V04_T0175,装备栏,Equipment Slot,装备槽;穿戴栏,V04,UI与图标 / UI面板,展示角色装备部位的网格面板，以人形剪影或槽位排布映射头胸手脚，点击即可拖拽换装。,人形槽位、网格排布、部位映射、换装高亮。,用于角色面板，强调部位与拖拽换装。,UI;装备;面板,背包界面;界面框架,技能树,UI;装备栏;面板,整理,published,V1.0
V04_T0176,小地图,Minimap,缩略地图;雷达图,V04,UI与图标 / UI元素,位于界面角落的实时缩略地图，以点线标示自身、队友与敌方的方位，辅助玩家空间导航。,角落缩略、点线方位、自身标记、实时刷新。,用于探索或战斗界面，强调方位与导航。,UI;地图;导航,地图界面;HUD界面,小地图,UI;小地图;导航,整理,published,V1.0
V04_T0177,战斗姿态,Combat Pose,战斗站姿;武斗姿态,V04,角色设计 / 表现 / 姿态细化,角色持械迎敌的动态定格，重心下沉、肩臂张力外显，衣甲与武器随动作牵拉，传达攻击或防御意图。,重心下沉、肩臂张力、衣甲牵拉、攻击蓄势。,用于战斗立绘或宣传图，强调动态张力和武器存在感。,战斗;立绘;动作,动态姿态;立绘,半身像,表现;战斗姿态;动态,整理,published,V1.0
V04_T0178,待机动作,Idle Animation,待机;休闲动作,V04,角色设计 / 表现 / 姿态细化,角色无指令时的循环微动作，如理衣、张望、晃武器，借细微举止注入生命感与性格细节。,循环微动、细节小动作、松弛呼吸感、性格流露。,用于角色展示或 idle 帧，强调生活化细节。,动画;表现;角色,动态姿态;表情设计,战斗姿态,表现;待机;动画,整理,published,V1.0
V04_T0179,角色转身图,Turnaround Sheet,转身表;三视图转身,V04,角色设计 / 表现 / 设定稿,展示角色正面、侧面、背面的标准转身稿，比例统一、无明暗，供三维建模与动画对齐参考。,正侧背统一、比例标尺、无调子、参考对齐。,用于设定集或建模参考，强调多面一致。,设定;建模;流程,角色三视图;设定图,立绘,表现;转身图;设定,整理,published,V1.0
V04_T0180,服装设计稿,Costume Design,服装草图;服饰设定,V04,角色设计 / 表现 / 设定稿,针对角色身份与世界观展开的服饰方案，含配色、材质与结构说明，是立绘与建模的着装依据。,服饰结构线、配色标注、材质示意、身份符号。,用于角色设定，强调服饰与身份呼应。,服装;设定;角色,角色配色;装备拆解,立绘,表现;服装;设定,整理,published,V1.0
V04_T0181,表情包,Expression Sheet,表情表;情绪表,V04,角色设计 / 表现 / 设定稿,以网格罗列角色多种情绪表情的参考稿，从喜悲到狰狞，统一五官比例供动画与漫画调用。,网格多格、五官比例统一、情绪梯度、参考调用。,用于动画或漫画设定，强调表情一致性。,表情;设定;动画,表情设计;角色三视图,立绘,表现;表情;设定,整理,published,V1.0
V04_T0182,手持物特写,Prop Close-up,道具特写;手持细节,V04,角色设计 / 表现 / 设定稿,对角色关键手持物（武器、法器、信物）的放大细节稿，刻画材质纹饰与机关，强化辨识度。,放大细节、材质纹饰、机关刻画、高辨识度。,用于设定或海报，强调道具质感与细节。,道具;设定;细节,装备拆解;魔法道具,立绘,表现;特写;道具,整理,published,V1.0
V04_T0183,竞技场,Arena,角斗场;格斗场,V04,场景与世界观 / 聚落地貌,环形阶梯环绕的开阔决斗场，沙地或石板中央、看台人影攒动，血迹与荣耀交织，是战斗叙事的核心舞台。,环形看台、中央沙场、人影攒动、肃杀庄严。,用于格斗或赛事场景，强调环形聚焦与观众。,战斗;赛事;奇幻,地下城;神殿,废弃工厂,场景;竞技场;战斗,整理,published,V1.0
V04_T0184,灯塔,Lighthouse,灯台;海塔,V04,场景与世界观 / 聚落地貌,矗立崖岸的引航高塔，顶灯旋扫光束刺破夜雾，石材饱经风蚀，是孤寂与希望的象征地标。,旋扫光束、风蚀石材、崖岸孤矗、夜雾穿透。,用于航海或孤寂场景，强调光束与地标感。,航海;孤寂;地标,海滨港口;幽暗沼泽,神殿,场景;灯塔;航海,整理,published,V1.0
V04_T0185,监狱,Prison Dungeon,牢狱;地牢,V04,场景与世界观 / 聚落地貌,幽暗潮湿的禁锢空间，铁栏锈锁、火把摇曳，墙面刻痕与低声叹息记录着囚徒的无望与挣扎。,铁栏锈锁、摇曳火把、潮湿刻痕、压抑禁锢。,用于逃脱或罪案场景，强调禁锢与昏暗。,罪案;逃脱;黑暗,地下城;贫民窟,神殿,场景;监狱;黑暗,整理,published,V1.0
V04_T0186,火山城,Volcano City,熔岩城;火山区,V04,场景与世界观 / 聚落地貌,依傍活火山建造的城池，熔岩河道穿城、黑岩建筑映火光，炽热与敬畏并存的危险聚居地。,熔岩河道、黑岩建筑、火光映照、炽热危险。,用于异域或险地场景，强调熔岩光与黑岩。,奇幻;异域;危险,火山熔岩;机械都市,沙漠绿洲,场景;火山城;熔岩,整理,published,V1.0
V04_T0187,古树森林,Ancient Forest,远古森林;巨木林,V04,场景与世界观 / 聚落地貌,树干参天的原始密林，藤蔓垂落、光柱穿叶，苔地与菌类铺地，静谧中暗藏着古老的生机。,参天巨干、垂落藤蔓、穿叶光柱、苔菌铺地。,用于精灵或冒险场景，强调巨木与光柱。,森林;精灵;冒险,奇幻森林;东方仙境,幽暗沼泽,场景;森林;自然,整理,published,V1.0
V04_T0188,悬崖寺院,Cliff Monastery,悬空寺;崖寺,V04,场景与世界观 / 聚落地貌,镶嵌于绝壁之上的修行之所，栈道悬挑、钟声回谷，云雾缭绕间透出超脱尘世的静修气息。,悬挑栈道、缭绕云雾、崖壁嵌入、静修肃穆。,用于修行或东方题材，强调悬空与云气。,东方;修行;崖壁,东方仙境;神殿,雪山,场景;悬崖寺院;东方,整理,published,V1.0
V04_T0189,地下黑市,Black Market,地下集市;暗市,V04,场景与世界观 / 聚落地貌,藏身巷道或洞穴的隐秘交易场，油灯与禁物交错，三教九流低声密谋，秩序之外的灰色地带。,油灯禁物、低声密谋、巷道幽暗、灰色地带。,用于犯罪或谍战场景，强调隐秘与浑浊光。,犯罪;谍战;隐秘,贫民窟;中世纪集市,赛博贫民窟,场景;黑市;隐秘,整理,published,V1.0
V04_T0190,王城,Royal Capital,王都;都城,V04,场景与世界观 / 聚落地貌,权力中心的宏伟都城，城墙高耸、宫殿镀金，仪仗喧嚣彰显着一国国力的繁华与森严秩序。,高耸城墙、镀金宫殿、仪仗喧嚣、繁华秩序。,用于史诗或政治场景，强调宏伟与权力。,史诗;政治;奇幻,神殿;中世纪集市,机械都市,场景;王城;权力,整理,published,V1.0
V04_T0191,法球,Orb,魔球;法珠,V04,道具与装备 / 魔法器物,悬浮掌心的球形法器，内蕴流转能量与符文，施法时绽放光华，是巫师与元素使的常见媒介。,悬浮光球、能量流转、符文内蕴、施法绽放。,用于法系角色，强调球体光效与能量。,魔法;法器;元素,魔法戒指;权杖,能量护盾,装备;法球;魔法,整理,published,V1.0
V04_T0192,战旗,War Banner,军旗;帅旗,V04,道具与装备 / 服饰配件,绣有氏族专属纹章的征战旗帜，迎风招展凝聚士气，亦是阵营辨识与号令出征的重要象征。,纹章招展、迎风猎猎、士气凝聚、阵营符号。,用于战争或阵营场景，强调旗帜与纹章。,战争;阵营;奇幻,披风;盔甲套装,权杖,装备;战旗;战争,整理,published,V1.0
V04_T0193,鞍具,Saddle,马具;骑乘装,V04,道具与装备 / 服饰配件,用于骑乘生物的固定与操控器具，皮革与金属相嵌、缀以铃饰，兼顾骑乘的稳固与装饰感。,皮革金属嵌、铃饰垂坠、骑乘稳固、装饰点缀。,用于骑乘或旅行角色，强调皮革与铃饰。,骑乘;旅行;奇幻,披风;飞行器,载具,装备;鞍具;骑乘,整理,published,V1.0
V04_T0194,圣物,Relic,遗物;圣骸,V04,道具与装备 / 魔法器物,承载神圣力量或古老记忆的遗存之物，光华内敛却威能深藏，常为 quest 追寻的核心。,光华内敛、古老纹饰、威能深藏、quest 核心。,用于任务或神圣题材，强调遗存与威能。,神圣;任务;古老,魔法戒指;权杖,宝箱,装备;圣物;神圣,整理,published,V1.0
V04_T0195,陷阱,Trap,机关;捕具,V04,道具与装备 / 机关器物,隐蔽布置的机关装置，触发即释放钉刺、绳索或毒雾，用于防御或伏击，常藏于地表之下。,隐蔽机关、触发释放、钉刺毒雾、藏匿地表。,用于潜行或防御场景，强调隐蔽与触发。,潜行;防御;机关,机械臂;弩,能量护盾,装备;陷阱;机关,整理,published,V1.0
V04_T0196,望远镜,Spyglass,单筒镜;瞭望镜,V04,道具与装备 / 器物, handheld 光学器具，黄铜镜筒拉伸观测远方，是航海与侦察的必备工具，带复古机械质感。,黄铜镜筒、拉伸观测、复古机械、远方窥探。,用于航海或侦察角色，强调黄铜与机械。,航海;侦察;工具,飞行器;秘密实验室,弩,装备;望远镜;器物,整理,published,V1.0
V04_T0197,狼群,Wolf Pack,野狼群;狼族,V04,生物设计 / 群居生物,以群体协作狩猎的犬科兽群，头狼引领、梯队扑咬，月光下嗥叫回荡，是野性秩序的象征。,群体扑咬、头狼引领、月下嗥叫、野性秩序。,用于荒野或围剿场景，强调群体与月色。,荒野;群猎;犬科,巨兽;狮鹫,章鱼怪,生物;狼群;群居,整理,published,V1.0
V04_T0198,巨蛛,Giant Spider,妖蛛;蛛怪,V04,生物设计 / 节肢生物,体型惊人的蛛形怪物，多足疾行、吐丝结网，蛰伏暗处伏击猎物，是洞穴与密林的恐惧源头。,多足疾行、吐丝结网、暗处伏击、粘稠恐惧。,用于恐怖或洞穴场景，强调蛛网与多足。,恐怖;洞穴;节肢,昆虫怪;章鱼怪,幽灵,生物;巨蛛;节肢,整理,published,V1.0
V04_T0199,石像鬼,Gargoyle,滴水兽;岩魔,V04,生物设计 / 构装生物,栖于建筑檐角的石雕活体，昼静夜动、振翼巡守，既是檐角装饰也是警觉的护卫性存在，守护建筑安宁。,石雕振翼、昼静夜动、檐角巡守、守护姿态。,用于守护或哥特题材，强调石质与振翼。,守护;哥特;构装,石巨人;机械兽,幽灵,生物;石像鬼;构装,整理,published,V1.0
V04_T0200,火元素,Fire Elemental,炎灵;焰精,V04,生物设计 / 元素生物,由纯粹烈焰凝聚的人形能量体，躯壳流动窜动、所过之处灼痕累累，是元素召唤的常见造物。,流动焰体、窜动火舌、灼痕遍地、能量灼热。,用于元素或魔法场景，强调火焰与灼热。,元素;魔法;火,元素灵;元素生物,凤凰,生物;火元素;元素,整理,published,V1.0
V04_T0201,冰元素,Ice Elemental,霜灵;冰精,V04,生物设计 / 元素生物,由寒霜结晶构成的能量体，周身凝雾结霜、触物成冰，所行之处皆留下凛冽而悠长的静默。,结晶霜体、凝雾结霜、触物成冰、凛冽静默。,用于冰系或极地场景，强调冰晶与寒雾。,元素;极地;冰,元素灵;元素生物,火元素,生物;冰元素;元素,整理,published,V1.0
V04_T0202,树人卫兵,Forest Guardian,林卫;守护树,V04,生物设计 / 植物生物,远比树精雄健的森林守卫，根须如腿、枝干如矛，怒时拔地而起，无情驱逐一切侵林之敌。,根须如腿、枝干如矛、拔地而起、怒驱侵者。,用于守护或史诗场景，强调根须与威慑。,森林;守护;植物,树精;独角兽,石巨人,生物;树人卫兵;植物,整理,published,V1.0
V04_T0203,骸骨战士,Skeleton Warrior,骷髅兵;骨兵,V04,生物设计 / 不死生物,以残骨拼合复生的亡灵兵卒，关节咔响、持兵僵行，是死灵法师随意驱使的廉价炮灰军团。,残骨拼合、关节咔响、持兵僵行、亡灵军团。,用于不死或亡灵题材，强调骸骨与僵行。,不死;亡灵;军队,不死生物;亡灵,石巨人,生物;骸骨战士;不死,整理,published,V1.0
V04_T0204,寄生体,Parasite,寄生怪;附体,V04,生物设计 / 异形生物,侵入宿主躯体操控其行为的诡异生命，触须钻肉、扭曲形貌，是身体恐怖题材的经典意象。,触须钻肉、形貌扭曲、宿主操控、身体恐怖。,用于恐怖或科幻场景，强调寄生与扭曲。,恐怖;科幻;异形,异形;幽灵,章鱼怪,生物;寄生体;异形,整理,published,V1.0
V04_T0205,概念设定图,Concept Art,概念图;设定美术,V04,概念流程与风格 / 绘制阶段,探索世界观视觉方向的关键美术稿，融合构图、光影与细节，用于向团队或甲方传达整体调性。,融合构图光影、整体调性、探索方向、传达视觉。,用于前期概念或提案，强调整体调性。,概念;设定;前期,气氛图;设定图,线稿,流程;概念图;设定,整理,published,V1.0
V04_T0206,厚涂草稿,Impasto Sketch,厚涂稿;油画感草图,V04,概念流程与风格 / 绘制阶段,以厚重笔触铺陈体积与光感的草图变体，保留明显的颜料堆叠质感，介于草图与成品之间。,厚重笔触、颜料堆叠、体积光感、油画质感。,用于插画或概念，强调笔触与质感。,插画;厚涂;草图,厚涂风格;草图,薄涂,流程;厚涂草稿;笔触,整理,published,V1.0
V04_T0207,漫画分格,Comic Panel,漫画格;分镜格,V04,概念流程与风格 / 艺术风格,以边框切割叙事节奏的漫画单元，配合台词气泡与速度线，控制视线流动与情绪的张弛感。,边框切分、台词气泡、速度线、视线流动。,用于漫画或格斗题材，强调分格与节奏。,漫画;叙事;分格,美漫风;赛璐璐,线稿,风格;漫画分格;叙事,整理,published,V1.0
V04_T0208,浮世绘风,Ukiyo-e Style,锦绘风;江户风,V04,概念流程与风格 / 艺术风格,源自日本江户版画的传统平面风，平涂色块、明确轮廓与装饰性构图，自带东方叙事韵味。,平涂色块、明确轮廓、装饰构图、东方韵味。,用于东方或传统题材，强调平涂与装饰。,东方;传统;版画,国风;吉卜力风,浮世绘与版画,风格;浮世绘;东方,整理,published,V1.0
V04_T0209,赛博朋克风,Cyberpunk Style,霓虹废土风;高科技低生活,V04,概念流程与风格 / 艺术风格,描绘高度发达科技与崩坏社会并置的美学，霓虹、雨水与义体交织，冷粉青对比凸显疏离。,霓虹雨水、义体冷光、粉青对比、疏离崩坏。,用于科幻或反乌托邦题材，强调霓虹与义体。,科幻;反乌托邦;霓虹,赛博都市;赛博贫民窟,蒸汽朋克城,风格;赛博朋克;科幻,整理,published,V1.0
V04_T0210,低饱和风,Desaturated Tone,灰调;低彩度,V04,概念流程与风格 / 艺术风格,刻意压低色彩纯度、营造克制或忧郁氛围的画面整体调性，以灰阶主导、偶尔以点缀色提神。,灰阶主导、纯度压低、点缀提神、克制忧郁。,用于文艺或压抑题材，强调灰调与氛围。,文艺;忧郁;调性,暗黑风;废土风,厚涂风格,风格;低饱和;调性,整理,published,V1.0
V08_T0134,Midjourney风格,Midjourney Style,MJ风格;V6风格,V08,平台风格 / 生成平台,Midjourney 默认审美倾向：色彩浓郁、光影戏剧化、构图饱满且带油画质感，即便简单提示词也会自动美化，是最具辨识度的平台风格之一。,浓郁色彩、戏剧光影、饱满构图、自带艺术滤镜。,想要开箱即美的商业插画感时使用，可叠加 --stylize 调节风格强度。,插画;概念图;商业,Niji风格;stylize参数,Stable Diffusion风格,平台;Midjourney;风格,整理,published,V1.0
V08_T0135,Niji风格,Niji Style,二次元模型;动漫MJ,V08,平台风格 / 生成平台,Midjourney 旗下专攻二次元的 Niji 模型审美：线条干净、色彩清透、角色比例贴近日系动漫，擅长表现赛璐璐上色与柔和渐变。,干净线条、清透配色、日系比例、柔和渐变上色。,生成动漫或插画角色时使用，配合 --niji 参数与风格化开关。,动漫;角色;插画,Midjourney风格;动漫风,动漫风,平台;Niji;二次元,整理,published,V1.0
V08_T0136,Stable Diffusion风格,Stable Diffusion Style,SD风格;开源模型风,V08,平台风格 / 生成平台,开源 Stable Diffusion 生态的通用审美：高度依赖提示词与模型权重，风格可塑性极强，从写实到二次元皆可，原生输出较朴素需精修。,可塑性极强、风格随模型变、原生朴素待精修。,需要高度自定义与本地可控流程时使用，配合 LoRA 与负向词。,通用;本地;可定制,Midjourney风格;LoRA触发词,Midjourney风格,平台;StableDiffusion;开源,整理,published,V1.0
V08_T0137,DALL-E风格,DALL-E Style,DallE3;OpenAI绘图,V08,平台风格 / 生成平台,OpenAI DALL·E 系列的审美：对自然语言理解极强、擅长概念组合与图文关系，风格偏干净插画与写实之间，能较好处理文字与场景逻辑。,干净插画感、概念组合力强、图文逻辑清晰。,以自然语言长句描述复杂场景时使用，无需堆砌关键词。,插画;概念;文字,Midjourney风格;主体描述,Stable Diffusion风格,平台;DALL-E;OpenAI,整理,published,V1.0
V08_T0138,Flux风格,Flux Style,FLUX.1;黑森林模型,V08,平台风格 / 生成平台,Black Forest Labs 推出的 Flux 模型审美：写实质感与光影一致性出色、手部与文字表现明显优于早期模型，风格自然克制少有过度美化。,写实光影、细节一致、手部文字准确、克制自然。,追求真实感与结构准确时使用，长自然语言提示词效果佳。,写实;摄影;通用,Stable Diffusion风格;照片级写实,Midjourney风格,平台;Flux;写实,整理,published,V1.0
V08_T0139,即梦风格,Jimeng Style,Dreamina;字节绘图,V08,平台风格 / 生成平台,字节跳动即梦平台的审美：对中文提示词理解友好、擅长东方美学与国风角色，输出偏商业插画与影视概念感，适配中文创作生态。,中文友好、国风见长、商业插画感、影视概念。,面向中文国风或商业场景时使用，直接用中文描述即可。,国风;商业;中文,Midjourney风格;国风,Niji风格,平台;即梦;中文,整理,published,V1.0
V08_T0140,stylize参数,Stylize Parameter,--stylize;--s,V08,参数 / 平台参数,Midjourney 的 --stylize（--s）参数，控制平台默认艺术风格化的强度：数值越低越贴合提示词、越高越偏平台自身审美，取值 0–1000。,低值忠实提示词、高值强艺术化、色彩与构图更夸张。,想更听话就调低、想更艺术就调高，配合 --s 0 到 1000 使用。,MJ;参数;风格,Midjourney风格;chaos参数,chaos参数,参数;stylize;MJ,整理,published,V1.0
V08_T0141,chaos参数,Chaos Parameter,--chaos;--c,V08,参数 / 平台参数,Midjourney 的 --chaos（--c）参数，控制一次四宫格结果之间的差异程度：数值越高，四张图风格与构图差异越大、越具实验性，取值 0–100。,高值四图差异大、构图多变、结果更发散实验。,想要更多样的初稿探索时调高，锁定方向时调低，配合 --c 使用。,MJ;参数;多样性,stylize参数;weird参数,随机种子,参数;chaos;MJ,整理,published,V1.0
V08_T0142,weird参数,Weird Parameter,--weird;--w,V08,参数 / 平台参数,Midjourney 的 --weird（--w）参数，为画面注入非常规、怪奇的美学偏移：数值越高越打破常规审美、出现奇异构图与元素，取值 0–3000。,怪奇偏移、非常规构图、超现实与实验元素。,追求另类独特风格时使用，可与 --stylize 组合平衡。,MJ;参数;实验,chaos参数;超现实风,chaos参数,参数;weird;MJ,整理,published,V1.0
V08_T0143,aspect参数,Aspect Ratio Parameter,--ar;宽高比参数,V08,参数 / 平台参数,Midjourney 的 --ar 参数，设定输出画幅的宽高比例，如 16:9 宽屏、9:16 竖屏、1:1 方图，直接决定构图取向与适用媒介。,决定画幅取向、横竖方比例、影响构图留白。,按用途选比例：海报竖版、壁纸横版，配合 --ar 16:9 等使用。,MJ;参数;构图,尺寸分辨率;宽高比,宽高比,参数;aspect;MJ,整理,published,V1.0
V08_T0144,tile参数,Tile Parameter,--tile;无缝平铺,V08,参数 / 平台参数,Midjourney 的 --tile 参数，生成四方连续可无缝拼接的图案，上下左右边缘自动衔接，适合制作纹理贴图与重复背景。,四方连续、边缘无缝衔接、可重复平铺。,制作纹样、布料或贴图时使用，配合 --tile 生成无缝图案。,MJ;参数;纹样,aspect参数;无缝纹理,aspect参数,参数;tile;纹样,整理,published,V1.0
V08_T0145,质量参数,Quality Parameter,--quality;--q,V08,参数 / 平台参数,Midjourney 的 --quality（--q）参数，控制渲染投入的算力与细节精度：数值越高细节越丰富但耗时更长，取值常见 0.25、0.5、1。,高值细节丰富、低值出图快、影响精度与耗时。,初稿用低值快出、定稿用高值精修，配合 --q 1 使用。,MJ;参数;质量,stylize参数;采样步数,采样步数,参数;quality;MJ,整理,published,V1.0
V08_T0146,图像权重,Image Weight,--iw;参考图权重,V08,参数 / 平台参数,Midjourney 的 --iw 参数，控制垫图（参考图）相对文字提示词的影响权重：数值越高越贴近参考图、越低越听文字，用于平衡图文引导。,高值贴近参考图、低值偏文字、平衡图文引导。,垫图时调节图文占比，想像参考图就调高 --iw。,MJ;参数;垫图,参考图风格迁移;IP-Adapter,权重括号,参数;图像权重;MJ,整理,published,V1.0
V08_T0147,负向权重,No Parameter,--no;排除参数,V08,参数 / 平台参数,Midjourney 的 --no 参数，用于从画面中排除指定元素，等效于轻量负向提示，如 --no text 去除文字，是简洁的负向控制手段。,从画面剔除指定元素、轻量负向、结果更干净。,想去掉某元素时用 --no 加该词，替代冗长负向提示。,MJ;参数;负向,负向语法;文字(负),负向语法,参数;负向;MJ,整理,published,V1.0
V08_T0148,调度器,Scheduler,Scheduler;噪声调度,V08,参数 / 采样器,控制扩散反向过程中噪声移除节奏的调度算法，如 Karras、Exponential、Normal，决定每步去噪的步长分配，影响成图细腻度与收敛速度。,决定去噪步长节奏、影响细腻度与收敛表现。,配合采样器选择，Karras 调度常带来更平滑的细节过渡。,SD;参数;采样,采样步数;Euler,采样步数,参数;调度器;采样,整理,published,V1.0
V08_T0149,Restart采样,Restart Sampler,重启采样;Restart,V08,参数 / 采样器,一种在采样中途重新注入噪声再去噪的采样策略，通过多次重启平衡细节与保真，兼顾结构稳定与纹理丰富，适合高步数精修。,多次重启注噪、细节丰富、结构稳定保真。,追求高保真精修时使用，配合较高采样步数效果更佳。,SD;参数;采样,调度器;DPM++ 2M,Euler,参数;Restart;采样,整理,published,V1.0
V08_T0150,Karras调度,Karras Schedule,Karras;K调度,V08,参数 / 采样器,由 Karras 等人提出的噪声调度方案，在采样后期分配更密的步长，使细节收敛更平滑自然，是 SD 生态中广泛默认的高质量调度选择。,后期步长更密、细节平滑、收敛自然稳定。,多数场景默认选用，配合 DPM++ 系列采样器画质更佳。,SD;参数;采样,调度器;DPM++ SDE,Euler,参数;Karras;采样,整理,published,V1.0
V08_T0151,宫崎骏风格,Hayao Miyazaki Style,吉卜力宫崎骏;宫崎骏动画,V08,艺术家风格 / 动画导演,以宫崎骏为参考的手绘动画审美：柔和水彩背景、饱满自然光、温暖人文氛围与治愈系角色，画面充满田园诗意与飞行想象。,水彩背景、自然暖光、治愈氛围、田园诗意。,生成治愈系或奇幻田园场景时引用，配合水彩与柔光词。,动画;治愈;奇幻,吉卜力风;水彩风,新海诚风格,艺术家;宫崎骏;动画,整理,published,V1.0
V08_T0152,新海诚风格,Makoto Shinkai Style,新海诚;你的名字风,V08,艺术家风格 / 动画导演,以新海诚为参考的动画审美：极致细腻的天空与云彩、强烈逆光与镜头光斑、饱和通透的色彩，营造唯美而略带忧伤的青春氛围。,细腻天空、强逆光光斑、通透饱和、唯美忧伤。,生成唯美天空或青春场景时引用，配合逆光与光斑词。,动画;唯美;青春,宫崎骏风格;戏剧光,宫崎骏风格,艺术家;新海诚;动画,整理,published,V1.0
V08_T0153,Moebius风格,Moebius Style,墨比斯;让吉罗,V08,艺术家风格 / 漫画大师,以法国漫画大师 Moebius 为参考的审美：清晰细密的线条、奇诡的科幻幻想场景、柔和平涂色彩与超现实的辽阔空间感，影响深远。,细密线条、科幻幻想、平涂柔色、超现实空间。,生成科幻幻想或欧漫风格时引用，配合线条与平涂词。,科幻;漫画;超现实,赛博朋克风;线稿,奇幻艺术,艺术家;Moebius;漫画,整理,published,V1.0
V08_T0154,Beeple风格,Beeple Style,Beeple;麦克温克尔曼,V08,艺术家风格 / 数字艺术,以数字艺术家 Beeple 为参考的审美：宏大反乌托邦的科幻场景、冷调金属质感、体量惊人的巨物与戏剧光影，充满末世史诗气息。,宏大反乌托邦、冷金属质感、巨物、戏剧光影。,生成末世科幻或宏大场景时引用，配合体积光与巨物词。,科幻;末世;数字艺术,Beeple风格;废土风,科幻风,艺术家;Beeple;数字艺术,整理,published,V1.0
V08_T0155,负向语法,Negative Prompt Syntax,负向提示写法;negative,V08,提示词结构,在负向提示区列出不希望出现元素的写法规范，如画质缺陷、多余肢体、水印文字等，通过引导模型规避来提升成图纯净度与结构正确性。,剔除缺陷元素、减少畸变水印、提升成图纯净。,把不想要的内容写进负向区，常与质量负向词组合使用。,SD;结构;负向,负向权重;解剖错误(负),正向语法,结构;负向语法;提示词,整理,published,V1.0
V08_T0156,权重递减,Weight Decay Syntax,权重衰减;分级权重,V08,提示词结构,通过多层括号或数值为关键词分配不同强度的写法，越重要的词权重越高，使模型优先响应核心概念，平衡多要素时避免相互稀释。,核心词强响应、次要词弱化、多要素不稀释。,给主体加权、给次要元素降权，配合括号或 :数值 使用。,SD;结构;权重,权重括号;语序优先级,权重括号,结构;权重;提示词,整理,published,V1.0
V08_T0157,提示词模板,Prompt Template,公式模板;结构模板,V08,提示词结构,将提示词按主体、风格、媒介、构图、光照、质量等模块固定排列的可复用框架，帮助新手稳定产出结构完整的提示词，减少遗漏关键维度。,模块化排列、结构完整、可复用、少遗漏维度。,套用固定框架逐槽填写，快速产出规范提示词。,通用;结构;模板,模板公式;语序优先级,模板公式,结构;模板;提示词,整理,published,V1.0
V08_T0158,镜头语言词,Camera Language Terms,镜头词;视角词,V08,提示词结构,在提示词中声明镜头与视角的词汇模块，如特写、广角、俯拍、鱼眼、浅景深等，直接调度画面的取景方式与空间关系表达。,调度取景方式、控制视角与景深、影响空间感。,在结构中加入镜头词以指定视角，配合光圈与焦段词。,摄影;结构;镜头,镜头描述;景深虚化,构图描述,结构;镜头语言;提示词,整理,published,V1.0
V08_T0159,超精细纹理,Hyper Detailed Texture,极致纹理;细密纹理,V08,视觉修饰符 / 质量词,强调表面材质纹理极致清晰的质量修饰词，使皮肤毛孔、布料织纹、金属划痕等微观细节纤毫毕现，大幅提升写实感与质感层次。,毛孔织纹毕现、微观细节清晰、质感层次丰富。,追求材质写实时加入，配合微距与写实类关键词。,写实;质量;材质,超高细节;照片级写实,超高细节,修饰符;纹理;质量,整理,published,V1.0
V08_T0160,胶片颗粒感,Film Grain,菲林颗粒;胶片质感,V08,视觉修饰符 / 质量词,模拟传统胶片银盐颗粒的质量修饰词，为画面增添细微噪点与复古模拟质感，弱化数码的过度锐利，营造电影与文艺氛围。,细微银盐颗粒、复古模拟质感、弱化数码锐利。,追求胶片电影感时加入，配合电影感与暖调词。,摄影;复古;电影,电影感;胶片风,电影感,修饰符;胶片颗粒;质量,整理,published,V1.0
V08_T0161,全局光照,Global Illumination,GI;间接光,V08,视觉修饰符 / 质量词,描述光线在场景中多次反弹形成自然间接照明的渲染质量词，使阴影柔和、色彩相互渗透，大幅提升画面真实感与空间体积。,光线多次反弹、柔和阴影、色彩渗透、空间真实。,追求真实渲染时加入，配合体积光与光线追踪词。,渲染;质量;光照,光线追踪;体积光,体积光,修饰符;全局光照;渲染,整理,published,V1.0
V08_T0162,次表面散射,Subsurface Scattering,SSS;透光质感,V08,视觉修饰符 / 质量词,描述光线穿透半透明表面（皮肤、玉石、蜡）内部散射再透出的渲染质量词，赋予材质温润通透的高级质感，是写实皮肤的关键。,半透光散射、温润通透、皮肤玉石高级质感。,刻画皮肤或半透材质时加入，配合柔光与写实词。,渲染;质量;材质,全局光照;超写实,超写实,修饰符;次表面散射;渲染,整理,published,V1.0
V08_T0163,低细节(负),Low Detail Negative,细节缺失负向;粗糙负,V08,负向与约束,放入负向区抑制画面细节匮乏的约束词，避免成图出现模糊笼统、缺乏纹理与层次的粗糙表现，配合正向质量词共同拉升精度。,抑制粗糙笼统、减少细节匮乏、提升整体精度。,与正向质量词搭配放入负向区，共同保证细节水准。,SD;负向;质量,低质量(负);模糊(负),低质量(负),负向;低细节;约束,整理,published,V1.0
V08_T0164,塑料感(负),Plastic Look Negative,假面塑料负;塑胶质感负,V08,负向与约束,放入负向区抑制皮肤或材质呈现廉价塑料光泽的约束词，避免人物面部油腻假面、材质失真，帮助恢复自然温润的真实质感。,抑制塑料光泽、减少油腻假面、恢复自然质感。,生成人像追求真实肤质时放入负向区，配合SSS正向词。,SD;负向;人像,低细节(负);次表面散射,畸形(负),负向;塑料感;约束,整理,published,V1.0
V08_T0165,色彩溢出(负),Color Bleed Negative,串色负;溢色负,V08,负向与约束,放入负向区抑制颜色越过边界互相污染的约束词，避免相邻区域串色、轮廓浑浊，保持色块干净与边缘清晰锐利。,抑制颜色越界、减少串色浑浊、边缘清晰锐利。,追求干净色块与清晰边缘时放入负向区使用。,SD;负向;色彩,模糊(负);噪点(负),模糊(负),负向;色彩溢出;约束,整理,published,V1.0
V08_T0166,透视错误(负),Bad Perspective Negative,透视崩坏负;空间错误负,V08,负向与约束,放入负向区抑制画面透视与空间关系错乱的约束词，避免建筑变形、地平线歪斜、物体比例失调，帮助维持合理的三维空间秩序。,抑制透视错乱、减少比例失调、维持空间秩序。,生成建筑或场景时放入负向区，保障空间合理性。,SD;负向;构图,解剖错误(负);裁切不当(负),解剖错误(负),负向;透视错误;约束,整理,published,V1.0
V08_T0167,ControlNet光影,ControlNet Shadow,光影控制;阴影控制网,V08,多模态与控制,通过 ControlNet 输入光影或阴影参考图来约束成图明暗分布的控制方式，可精确指定光源方向与投影形态，实现一致的布光与氛围。,约束明暗分布、指定光源方向、控制投影形态。,需要固定布光或氛围时使用，输入光影参考图约束。,SD;控制;光影,ControlNet深度;戏剧光,ControlNet深度,控制;光影;ControlNet,整理,published,V1.0
V08_T0168,ControlNet色块,ControlNet Color,色块控制;配色控制网,V08,多模态与控制,通过 ControlNet 输入色块或调色板参考来约束成图配色分布的控制方式，可预先规划各区域主色，实现稳定统一的色彩方案。,约束配色分布、预设区域主色、色彩方案统一。,需要固定配色时使用，输入色块图引导整体色调。,SD;控制;色彩,ControlNet分割;色彩脚本,ControlNet分割,控制;色块;ControlNet,整理,published,V1.0
V08_T0169,高清修复,Hires Fix,Hires.fix;高分辨率修复,V08,多模态与控制,先低分辨率生成再放大重绘补细节的两阶段控制流程，避免直接高分辨率出图导致的重复畸变，兼顾构图稳定与最终清晰度。,两阶段放大、补充细节、避免重复畸变、成图清晰。,需要高清大图时启用，配合放大倍数与重绘幅度使用。,SD;控制;放大,去噪强度;8K超清,去噪强度,控制;高清修复;放大,整理,published,V1.0
V08_T0170,分块放大,Tiled Upscale,Tile放大;分区放大,V08,多模态与控制,将图像切成小块分别放大再拼接的控制方式，突破显存限制实现超大分辨率输出，同时为每块补充细节，适合打印级大图制作。,分块放大拼接、突破显存、补充细节、超大输出。,制作打印级超大图时使用，配合高清修复流程。,SD;控制;放大,高清修复;8K超清,高清修复,控制;分块放大;放大,整理,published,V1.0
V08_T0171,提示词权重,Prompt Weight,权重值;attention,V08,提示词结构,为提示词中每个片段赋予的相对重要性数值，通过括号或冒号语法表达，决定模型把多少注意力分配到该概念，是平衡多要素竞争的核心机制。,分配注意力比例、平衡要素竞争、决定概念强弱。,用 :数值 或括号调节各片段强弱，避免次要词稀释主体。,SD;结构;权重,权重括号;权重递减,权重括号,结构;权重;提示词,整理,published,V1.0
V08_T0172,交替权重,Alternate Weights,轮播权重;交替提示,V08,提示词结构,用竖线分隔多个候选词并彼此加权交替的写法，如 red|blue hair，使模型在多次采样间轮流采用不同选项，增加变体且不偏废，适合探索多版本。,候选轮流采用、多版本变体、不偏废选项。,想一次探索多种配色或风格时用竖线分隔候选词。,SD;结构;变体,提示词权重;chaos参数,权重括号,结构;交替;提示词,整理,published,V1.0
V08_T0173,提示词混合,Prompt Blending,混合提示;插值提示,V08,提示词结构,用冒号加权将两种概念按比例混合的写法，如 cat:0.7 dog:0.3，使成图呈现介于两者之间的融合特征，常用于创造混血形象或风格过渡。,双概念按比例融合、特征过渡、混血形象。,想融合两类事物时用冒号权重混合，调比例控制偏向。,SD;结构;混合,风格混合;交替权重,风格混合,结构;混合;提示词,整理,published,V1.0
V08_T0174,负面提示词,Negative Prompt,负向提示;negative prompt,V08,提示词结构,在独立负向区写入不希望出现内容的提示词段落，集中罗列画质缺陷与多余元素，通过反向引导提升成图纯净度，是 SD 工作流的标准组成。,集中排除缺陷、反向引导、成图更纯净。,把缺陷与水印等写入负向区，与正向质量词配套使用。,SD;结构;负向,负向语法;负向权重,负向语法,结构;负向;提示词,整理,published,V1.0
V08_T0175,提示词顺序,Prompt Ordering,词序;语序,V08,提示词结构,提示词各片段的排列先后会影响模型关注强弱，通常越靠前权重越高，合理排序主体、风格、细节能让核心概念不被后段稀释。,前段更受关注、合理排序、核心不被稀释。,把主体与风格放前面，细节放后面，保持语序优先级。,SD;结构;语序,语序优先级;权重括号,语序优先级,结构;顺序;提示词,整理,published,V1.0
V08_T0176,垫图提示,Image Prompt,图prompt;参考图提示,V08,提示词结构,以一张或多张参考图作为引导来源的提示方式，配合文字描述共同约束成图的内容与风格，比纯文字更易控制构图与主体形态。,图文共导、约束构图形态、参考更直观。,上传参考图加文字描述，引导主体与风格走向。,通用;结构;垫图,参考图风格迁移;图像权重,参考图风格迁移,结构;垫图;提示词,整理,published,V1.0
V08_T0177,风格前缀,Style Prefix,风格开头;前缀词,V08,提示词结构,放在提示词开头用于快速锚定整体风格的短语，如 a painting in the style of，能在不改变主体描述的前提下统一审美基调，是轻量风格控制手段。,锚定整体基调、轻量风格控制、不改动主体。,在开头加风格前缀快速定调，再补主体与细节。,通用;结构;风格,媒介声明;风格修饰,风格修饰,结构;前缀;提示词,整理,published,V1.0
V08_T0178,微距摄影,Macro Photography,微距;特写摄影,V08,视觉修饰符 / 质量词,强调极近拍摄距离的摄影修饰词，使主体充满画面、细节纤毫毕现，背景强烈虚化，常用于昆虫花卉与材质特写的极致质感表现。,主体满帧、细节毕现、背景强虚化、极致质感。,表现细节或材质特写时加入，配合景深虚化与高细节。,摄影;质量;特写,超精细纹理;景深虚化,景深虚化,修饰符;微距;摄影,整理,published,V1.0
V08_T0179,广角畸变,Wide Angle Distortion,广角;透视夸张,V08,视觉修饰符 / 质量词,强调短焦距广角镜头带来的空间夸张与边缘拉伸的修饰词，能强化近大远小的冲击力与临场感，常用于建筑与宏大场景。,空间夸张、边缘拉伸、近大远小、冲击临场。,表现宏大或临场感场景时加入，配合建筑与透视词。,摄影;质量;镜头,镜头语言词;透视错误(负),电影感,修饰符;广角;摄影,整理,published,V1.0
V08_T0180,长曝光,Long Exposure,慢门;延时曝光,V08,视觉修饰符 / 质量词,强调长时间曝光形成的拖影与丝滑水流云海的摄影修饰词，使运动物体化为流动光迹，画面宁静而具时间感，常用于夜景与风光。,运动拖影、水流丝化、云海流动、宁静时间感。,表现流水车流或夜景时加入，配合低光与三脚架语境。,摄影;质量;夜景,电影感;戏剧光,电影感,修饰符;长曝光;摄影,整理,published,V1.0
V08_T0181,双色调,Duotone,双色;双色调配色,V08,视觉修饰符 / 质量词,强调画面仅由两种主色构成的调性修饰词，常见青橙或紫红搭配，带来强烈的统一与复古设计感，是海报与品牌视觉常用语言。,两主色构成、强统一感、复古设计调性。,追求统一调性或复古海报感时加入，指定双色搭配。,设计;质量;调色,低饱和风;电影感,低饱和风,修饰符;双色调;调色,整理,published,V1.0
V08_T0182,霓虹光,Neon Glow,霓虹;辉光,V08,视觉修饰符 / 质量词,强调饱和发光管状光源的修饰词，常呈粉蓝青紫，带来强烈的夜色科技与赛博氛围，是夜景与都市题材的标志性光效。,管状发光、粉蓝青紫、夜色科技、赛博氛围。,表现夜景或赛博都市时加入，配合体积光与暗调。,质量;光效;赛博,体积光;赛博朋克风,体积光,修饰符;霓虹;光效,整理,published,V1.0
V08_T0183,丁达尔效应,God Rays,耶稣光;体积光柱,V08,视觉修饰符 / 质量词,强调阳光穿过缝隙形成可见平行光柱的修饰词，带来神圣与戏剧性的空间氛围，常用于森林晨雾与教堂室内的意境渲染。,平行光柱、神圣戏剧、空间有体积、晨雾意境。,表现神圣或戏剧光氛时加入，配合雾气与逆光。,质量;光效;神圣,体积光;戏剧光,体积光,修饰符;丁达尔;光效,整理,published,V1.0
V08_T0184,焦外光斑,Bokeh,散景;虚化光点,V08,视觉修饰符 / 质量词,强调背景中虚化成柔和圆斑的点光源的修饰词，带来梦幻奶油般的层次与空间分离，是人像与夜景常用的唯美虚化语言。,圆斑虚化、奶油层次、空间分离、梦幻唯美。,表现人像或夜景唯美虚化时加入，配合大光圈语境。,摄影;质量;虚化,景深虚化;微距摄影,景深虚化,修饰符;散景;虚化,整理,published,V1.0
V08_T0185,厚涂,Impasto,厚涂油画;浓笔触,V08,视觉修饰符 / 风格媒介词,强调油画颜料厚重堆叠笔触可见的媒介词，带来体积与质感，画面富有雕塑般的颜料厚度与笔触节奏，是游戏概念图主流画风之一。,颜料堆叠、笔触可见、雕塑厚度、节奏质感。,表现游戏概念或油画质感时加入，配合体积光与暗部。,媒介;油画;概念,厚涂草稿;油画风,油画风,媒介;厚涂;油画,整理,published,V1.0
V08_T0186,赛璐璐,Cel Shading,平涂;动漫上色,V08,视觉修饰符 / 风格媒介词,强调无色阶过渡、纯色块平涂加清晰描边的动漫上色媒介词，带来干净利落的二次元卡通观感，是日式动画的标准着色方式。,平涂色块、清晰描边、无色阶、二次元卡通。,表现动漫或卡通角色时加入，配合线稿与日系配色。,媒介;动漫;上色,动漫风;线稿,动漫风,媒介;赛璐璐;上色,整理,published,V1.0
V08_T0187,浮世绘,Ukiyo-e,锦绘;江户版画,V08,视觉修饰符 / 风格媒介词,强调日本江户时期木版印刷美学的媒介词，平涂色块、明确轮廓与装饰性构图，自带东方叙事与历史韵味，常用于传统题材。,平涂色块、明确轮廓、装饰构图、东方韵味。,表现东方传统或版画感时加入，配合和风与线条词。,媒介;东方;版画,浮世绘风;国风,浮世绘风,媒介;浮世绘;东方,整理,published,V1.0
V08_T0188,极简扁平,Flat Design,扁平风;极简,V08,视觉修饰符 / 风格媒介词,强调去除透视与阴影、以纯色几何形构成的极简媒介词，带来清爽现代的设计感，是 UI 与信息插画的常见视觉语言。,纯色几何、无阴影透视、清爽现代、设计感强。,表现 UI 或图标插画时加入，配合矢量与简洁配色。,媒介;设计;扁平,矢量插画;卡通,矢量插画,媒介;扁平;设计,整理,published,V1.0
V08_T0189,哥特风,Gothic Style,哥特;暗黑中世纪,V08,视觉修饰符 / 风格媒介词,强调尖拱、繁复纹饰与阴翳氛围的暗黑美学媒介词，带来中世纪宗教与浪漫主义的诡谲肃穆，常用于暗黑奇幻与恐怖题材。,尖拱纹饰、阴翳氛围、诡谲肃穆、中世纪感。,表现暗黑奇幻或恐怖时加入，配合石像鬼与烛光词。,媒介;暗黑;奇幻,暗黑风;恐怖,暗黑风,媒介;哥特;暗黑,整理,published,V1.0
V08_T0190,蒸汽波美学,Vaporwave Aesthetic,蒸汽波;复古未来,V08,视觉修饰符 / 风格媒介词,强调 80–90 年代消费符号与霓虹渐变的网络复古媒介词，粉紫青配色、雕像与棕榈构筑超现实怀旧，自带迷幻的数字 nostalgia。,粉紫青渐变、霓虹网格、雕像棕榈、超现实怀旧。,表现复古未来或网络美学时加入，配合霓虹与拼贴。,媒介;网络;复古,蒸汽波;赛博朋克风,蒸汽波,媒介;蒸汽波;网络,整理,published,V1.0
V08_T0191,重绘幅度,Denoising Strength,去噪强度;重绘强度,V08,参数与随机性,图生图或重绘时控制对原图改动程度的参数，值越低越忠实原图、越高越自由发挥，通常 0.4–0.7 兼顾保形与变化。,低值保原图、高值更自由、平衡形变与变化。,图生图调 0.4–0.7，微调降、大改升，配合高清修复。,SD;参数;重绘,高清修复;局部重绘,高清修复,参数;重绘幅度;图生图,整理,published,V1.0
V08_T0192,Inpainting重绘,Inpainting,局部重绘;修补,V08,多模态与控制,在已有图像上用蒙版圈定区域进行针对性重绘的控制方式，只更新遮罩部分、保留其余内容，适合修改局部元素或去除瑕疵。,蒙版圈定、局部更新、保留其余、精准修改。,要改局部或去瑕疵时用蒙版圈选重绘，调重绘幅度。,SD;控制;重绘,局部重绘;高清修复,局部重绘,控制;重绘;Inpainting,整理,published,V1.0
V08_T0193,文本生图,Text to Image,文生图;txt2img,V08,多模态与控制,以纯文字提示词为输入生成图像的最基础模态，几乎所有模型的核心入口，质量取决于提示词的结构完整与权重调度是否得当。,纯文字驱动、最基础模态、依赖提示词质量。,用结构化提示词直接文生图，作为一切流程的起点。,通用;控制;生成,垫图提示;图生图,图生图,控制;文生图;生成,整理,published,V1.0
V08_T0194,视频生图,Image to Video,图生视频;img2vid,V08,多模态与控制,以单张图像为关键帧驱动生成连贯动态视频的控制方式，通过运动强度与镜头参数让静帧获得时序流动，是 AI 视频的起点。,静帧驱动、连贯动态、镜头流动、时序生成。,用成品图生成动态视频时，配合运动与镜头参数。,通用;控制;视频,文本生图;图生图,图生图,控制;图生视频;视频,整理,published,V1.0
V08_T0195,布丰控制网,ControlNet,控制网;CN,V08,多模态与控制,通过额外条件网络将参考图的结构信息注入生成过程的总控框架，支持姿态、深度、边缘等多种预处理器，实现对构图的精确约束。,条件网络注入、结构精确约束、多预处理器、可控构图。,要精确控制构图时加载对应 ControlNet 预处理器。,SD;控制;构图,ControlNet姿态;ControlNet深度,ControlNet姿态,控制;ControlNet;框架,整理,published,V1.0
V08_T0196,超高分辨率,Ultra High Resolution,超高分辨率;UHD,V08,质量修饰词,强调成图达到极高出品分辨率的质量修饰词，常配合 8K/16K 表述，提升印刷与展示级可用的清晰度，需放大流程支撑。,极致清晰度、印刷级可用、细节海量、放大支撑。,追求大图与打印级清晰时加入，配合分块放大流程。,质量;分辨率;放大,8K分辨率;分块放大,8K分辨率,修饰符;超高分辨率;质量,整理,published,V1.0
V08_T0197,电影级调色,Cinematic Color Grading,电影调色;影调,V08,质量修饰词,强调专业电影级色彩分级的质量修饰词，带来统一的影调与情绪化配色，使画面具备院线大片的视觉完成度与叙事氛围。,统一影调、情绪化配色、院线完成度、叙事氛围。,追求电影质感时加入，配合戏剧光与宽幅比例。,质量;调色;电影,电影感;双色调,电影感,修饰符;电影调色;质量,整理,published,V1.0
V08_T0198,raw风格参数,Style Raw Parameter,--style raw;原始风格,V08,参数 / 平台参数,Midjourney 的 --style raw 开关，关闭平台自带的艺术美化、更忠实呈现提示词本意与真实感，适合追求克制写实或精确控制时不走平台审美捷径。,关闭美化、忠实提示词、克制写实、减少平台滤镜。,想要更真实或更听话的结果时开启 --style raw 关掉艺术化。,MJ;参数;写实,stylize参数;Flux风格,stylize参数,参数;styleraw;MJ,整理,published,V1.0
V08_T0199,版本参数,Version Parameter,--v;模型版本,V08,参数 / 平台参数,Midjourney 的 --v 参数，指定使用的模型大版本，如 --v 6.0，不同版本在写实度、文字与手部表现上差异明显，决定整体能力基线。,切换模型基线、版本间能力差异、影响写实与文字。,想用某代特性时指定 --v 6 等版本，配合其它参数使用。,MJ;参数;版本,Flux风格;stylize参数,stylize参数,参数;version;MJ,整理,published,V1.0
V08_T0200,个性化参数,Personalize Parameter,--p;个性化,V08,参数 / 平台参数,Midjourney 的 --p 参数，调用你过往点赞训练出的个性化审美倾向，使成图更贴合个人偏好，是平台基于用户反馈的轻量定制手段。,调用个人审美、贴合偏好、轻量定制、反馈驱动。,想让结果更对口味时加 --p 启用个性化模型。,MJ;参数;定制,stylize参数;weird参数,stylize参数,参数;personalize;MJ,整理,published,V1.0
V08_T0201,重复参数,Repeat Parameter,--r;批量重复,V08,参数 / 平台参数,Midjourney 的 --r 参数，一次任务重复生成多组结果的数量控制，便于横向比较与挑选，节省逐条提交的时间，常用于批量探索构图。,一次多出多组、横向比较、批量探索、节省提交。,想一次看多版变体时用 --r 设重复数量。,MJ;参数;批量,批量数量;chaos参数,批量数量,参数;repeat;MJ,整理,published,V1.0
V08_T0202,提示词顺口溜,Prompt Formula Chant,万能公式;结构口诀,V08,提示词结构,将高质量提示词拆解为可背诵的模块顺序口诀，如主体+环境+风格+镜头+光照+质量，帮助稳定覆盖关键维度、避免遗漏，是新人快速上手的方法。,模块顺序口诀、覆盖关键维度、避免遗漏、稳定产出。,按口诀逐槽填写，快速拼出结构完整的提示词。,通用;结构;公式,提示词模板;语序优先级,提示词模板,结构;顺口溜;提示词,整理,published,V1.0
V08_T0203,风格迁移词,Style Transfer Term,风格迁移;画风词,V08,提示词结构,在提示词中声明目标艺术风格来源以迁移其审美的词汇，如 in the style of，可与具体艺术家或流派搭配，统一整体画风基调。,声明风格来源、迁移审美、统一画风、基调可控。,用 in the style of 加流派或艺术家，统一整体风格。,通用;结构;风格,风格前缀;流派参考,风格前缀,结构;风格迁移;提示词,整理,published,V1.0
V08_T0204,场景描述词,Scene Description Term,场景词;环境描写,V08,提示词结构,在提示词中描述主体所处时空环境与氛围的词汇模块，如雨夜东京街头，为成图提供叙事背景与空间线索，避免主体悬空无依。,提供时空环境、叙事背景、空间线索、避免悬空。,在主体后补场景词，给画面安放具体环境与氛围。,通用;结构;场景,环境描述;构图描述,环境描述,结构;场景;提示词,整理,published,V1.0
V08_T0205,细节强调词,Detail Emphasis Term,细节词;特写强调,V08,提示词结构,在提示词末尾叠加用于强化局部精度的词汇模块，如 intricate details、highly detailed，补偿模型对微小特征关注不足，提升纹理密度。,强化局部精度、补偿细节不足、提升纹理密度。,在末尾叠加细节词，抬升整体精细度与材质表现。,通用;结构;细节,超高细节;超精细纹理,超高细节,结构;细节;提示词,整理,published,V1.0
V08_T0206,Blender渲染,Blender Render,cycles;开源三维,V08,视觉修饰符 / 质量词,强调使用 Blender 及 Cycles 引擎渲染的出图质感，带来物理正确的光照与程序化材质感，常用于三维概念与产品可视化风格统一。,物理正确光照、程序化材质、三维质感、风格统一。,追求三维真实渲染时加入，配合全局光照与SSS词。,渲染;质量;三维,全局光照;3D渲染,3D渲染,修饰符;Blender;渲染,整理,published,V1.0
V08_T0207,Redshift渲染,Redshift Render,红移渲染;GPU渲染,V08,视觉修饰符 / 质量词,强调使用 Redshift GPU 渲染器的电影级质感，带来快速且细腻的光照与焦散表现，是影视与广告三维项目的常见出品语言。,电影级质感、细腻光照、焦散表现、GPU 快速。,追求影视广告级三维时加入，配合体积光与焦散。,渲染;质量;三维,Octane渲染;Blender渲染,Octane渲染,修饰符;Redshift;渲染,整理,published,V1.0
V08_T0208,柔和漫射,Soft Diffuse,漫反射;柔光漫射,V08,视觉修饰符 / 质量词,强调光线在粗糙表面均匀散射形成的柔和无光泽质感，带来温润自然的日常光照，避免高光生硬，常见于室内与静物写真。,均匀散射、柔和无光泽、温润自然、高光不硬。,表现室内或静物柔光时加入，配合柔光与漫反射。,质量;光效;漫射,柔光;次表面散射,柔光,修饰符;漫射;光效,整理,published,V1.0
V08_T0209,边缘光,Rim Light,轮廓光;背光勾边,V08,视觉修饰符 / 质量词,强调从主体后方勾勒轮廓的分离光，使人物或物体从暗背景中浮起、边缘发亮，是商业与影视塑造立体与高级感的经典布光。,后方勾边、轮廓发亮、从暗浮起、立体高级。,想让主体从背景分离时加入轮廓光，配合暗调。,质量;光效;布光,戏剧光;体积光,戏剧光,修饰符;边缘光;光效,整理,published,V1.0
V08_T0210,环境光遮蔽,Ambient Occlusion,AO;接触阴影,V08,视觉修饰符 / 质量词,描述物体缝隙与接触面因环境光被遮挡而加深的软阴影的质量词，带来更扎实的体积与空间贴合感，是增强真实度的细节层级。,接触面加深、软阴影、体积扎实、空间贴合。,提升真实体积感时加入，配合全局光照与柔光。,质量;渲染;阴影,全局光照;柔和漫射,全局光照,修饰符;AO;阴影,整理,published,V1.0
V08_T0211,水墨风,Ink Wash Style,水墨;写意,V08,视觉修饰符 / 风格媒介词,强调中国传统水墨晕染与留白意趣的媒介词，黑灰浓淡相破、笔意流动，自带东方哲思与写意气韵，常用于国风与意境表达。,墨色晕染、留白意趣、笔意流动、东方气韵。,表现国风意境时加入，配合宣纸与留白词。,媒介;东方;国风,浮世绘;书法,浮世绘,媒介;水墨;东方,整理,published,V1.0
V08_T0212,版画风,Woodcut Style,木刻;拓印,V08,视觉修饰符 / 风格媒介词,强调木刻拓印的刀触与硬边色块的媒介词，带来粗犷有力的黑白或套色表现，具有强烈的手工与民间叙事质感。,刀触硬边、套色块面、粗犷有力、手工叙事。,表现民间或硬朗风格时加入，配合高对比与套色。,媒介;版画;硬朗,浮世绘;哥特风,浮世绘,媒介;版画;木刻,整理,published,V1.0
V08_T0213,拼贴风,Collage Style,拼贴;蒙太奇,V08,视觉修饰符 / 风格媒介词,强调多素材剪贴叠合的媒介词，带来图层错落、材质拼贴与超现实拼合感，常见于实验与平面设计表达。,剪贴叠合、图层错落、材质拼贴、超现实感。,表现实验或平面设计时加入，配合纹理与错位。,媒介;拼贴;实验,蒸汽波美学;超现实风,蒸汽波美学,媒介;拼贴;实验,整理,published,V1.0
V08_T0214,像素艺术,Pixel Art,像素;点阵,V08,视觉修饰符 / 风格媒介词,强调低位图分辨率方块像素构成的媒介词，带来复古游戏般的硬边缘与点阵美感，是 8/16 位怀旧视觉的标志语言。,方块像素、硬边缘、点阵美感、复古游戏感。,表现复古游戏或怀旧时加入，配合有限调色板。,媒介;像素;复古,像素风;低多边形,像素风,媒介;像素艺术;复古,整理,published,V1.0
V08_T0215,引导强度,CFG Scale,分类器自由引导;cfg,V08,参数与随机性,控制提示词对生成结果约束强度的参数 CFG Scale，值越高越听话但易过饱和生硬，值越低越自由发散，常用 7 左右平衡可控与多样。,高值听话生硬、低值自由发散、平衡可控多样。,常规 7 上下，想听话调高、想创意调低，配合步数。,SD;参数;引导,采样步数;提示词权重,采样步数,参数;CFG;引导,整理,published,V1.0
V08_T0216,多余文字(负),Extra Text Negative,乱码文字负;文字污染负,V08,负向与约束,放入负向区抑制画面出现无意义的乱码文字与虚假字母的约束词，避免 AI 常犯的伪造招牌与错误拼写，保持画面纯净可信。,抑制乱码文字、减少伪造字母、保持纯净可信。,任何怕出假字时放入负向区，配合文字(负) 一起用。,SD;负向;文字,文字(负);logo(负),文字(负),负向;多余文字;约束,整理,published,V1.0
V08_T0217,结构模糊(负),Structureless Negative,无结构负;混乱负,V08,负向与约束,放入负向区抑制画面失去组织、元素胡乱堆砌的约束词，避免成图沦为无焦点的混沌色块，帮助维持可读的构图与主体。,抑制混乱堆砌、避免无焦点、维持可读构图。,成图发空发乱时放入负向区，配合完美构图正向词。,SD;负向;构图,透视错误(负);重复(负),透视错误(负),负向;结构模糊;约束,整理,published,V1.0
V08_T0218,肤色不均(负),Uneven Skin Negative,肤色斑驳负;皮肤瑕疵负,V08,负向与约束,放入负向区抑制人像皮肤出现斑驳色块与不均匀着色的约束词，避免廉价塑料或病态质感，配合正向肤质词恢复自然通透。,抑制斑驳肤色、减少不均着色、恢复自然通透。,人像追求自然肤质时放入负向区，配合SSS正向词。,SD;负向;人像,塑料感(负);次表面散射,塑料感(负),负向;肤色不均;约束,整理,published,V1.0
V08_T0219,画质压缩(负),Compression Artifact Negative,压缩伪影负;块效应负,V08,负向与约束,放入负向区抑制因压缩产生的方块伪影与色带断裂的约束词，避免成图出现 JPEG 式的低质观感，保持平滑干净的画面过渡。,抑制方块伪影、减少色带断裂、保持平滑过渡。,怕出低质压缩感时放入负向区，配合8K与HDR正向词。,SD;负向;画质,JPEG伪影(负);噪点(负),JPEG伪影(负),负向;压缩伪影;约束,整理,published,V1.0
V08_T0220,专业布光,Professional Lighting,影棚布光;专业光,V08,质量修饰词,强调影棚级 Controlled 布光的质量修饰词，带来干净均匀的光比与精致的高光过渡，使主体呈现广告与时尚大片般的完成度。,干净光比、精致过渡、广告完成度、时尚大片感。,追求商业时尚质感时加入，配合边缘光与柔光。,质量;布光;商业,影棚光;边缘光,影棚光,修饰符;专业布光;质量,整理,published,V1.0
V08_T0221,获奖摄影,Award Winning Photo,获奖作品;大师摄影,V08,质量修饰词,强调具备赛事获奖级构图与质感的修饰词，常作为综合质量锚点叠加，借由训练数据中的高分作品分布拉升整体出品水准。,综合质量锚点、高分作品分布、拉升整体水准。,作为质量兜底叠加，配合其它具体质量词使用。,质量;摄影;获奖,获奖级;杰作,获奖级,修饰符;获奖摄影;质量,整理,published,V1.0
V36_T0001,短发,Short Hair,短头发;齐耳短发,V36,发型与发色 / 长度,长度及耳或以上的利落发型，轮廓清爽、打理省力，常传递干练或青春感，是男女通用最基础的长度分类之一，适配多数脸型。,清爽轮廓、利落线条、露出脖颈、减龄干练。,想要干净利落或青春感时指定，配合脸型与服饰协调。,人物;发型;日常,长发;寸头,长发,发型;短发;长度,整理,published,V1.0
V36_T0002,长发,Long Hair,长头发;及肩长发,V36,发型与发色 / 长度,长度过肩垂落的柔美发型，可直可卷、可束可披，自带飘逸动感与女性化或浪漫气质，是角色塑造中最常见的发型变量。,垂落柔美、飘逸动感、可束可披、浪漫气质。,想强调柔美或动态时指定，配合飘动与光影表现。,人物;发型;柔美,短发;卷发,短发,发型;长发;长度,整理,published,V1.0
V36_T0003,卷发,Curly Hair,鬈发;波浪卷,V36,发型与发色 / 形态,发丝呈波浪或螺旋卷曲的形态发型，体积感强、自带蓬松纹理，可大可小、可紧可松，传递活泼或复古气息，对脸型有修饰作用。,卷曲纹理、蓬松体积、活泼复古、修饰脸型。,想增加体积与活泼感时指定，配合光影凸显卷曲。,人物;发型;纹理,长发;直发,直发,发型;卷发;形态,整理,published,V1.0
V36_T0004,直发,Straight Hair,顺发;垂顺发,V36,发型与发色 / 形态,发丝顺直无卷曲的形态发型，线条干净、垂坠感强，显得简约知性，是多数东亚角色的基础发质设定，易于打理。,顺直线条、垂坠干净、简约知性、易打理。,想要简约知性或日常感时指定，配合柔光显顺滑。,人物;发型;发质,卷发;长发,卷发,发型;直发;形态,整理,published,V1.0
V36_T0005,马尾,Ponytail,高马尾;束发,V36,发型与发色 / 扎束,将头发在脑后束起成尾状的利落发型，可高可低，露出五官与脖颈，传递清爽活力或干练行动感，是运动与少女角色常见选择。,束起利落、露脖颈、清爽活力、行动感强。,想突出活力或便于动作时指定，配合动态姿态。,人物;发型;扎束,短发;双马尾,短发,发型;马尾;扎束,整理,published,V1.0
V36_T0006,双马尾,Twin Tails,双尾;双侧马尾,V36,发型与发色 / 扎束,在头两侧对称束起双尾的俏皮发型，强调青春可爱与元气感，常见于动漫少女角色，视觉重心上提、辨识度极高。,对称双尾、重心上提、俏皮元气、辨识度高。,塑造可爱少女形象时指定，配合活泼表情。,人物;发型;动漫,马尾;麻花辫,马尾,发型;双马尾;动漫,整理,published,V1.0
V36_T0007,麻花辫,Braids,辫子;麻花,V36,发型与发色 / 扎束,将发丝编绞成辫的造型发型，可单可双可多股，自带民族与田园气息，也可编入发饰，传递温婉或异域风情。,编绞纹理、单双多股、温婉异域、可缀发饰。,想表现温婉或民族风时指定，配合发饰与服饰。,人物;发型;编发,双马尾;长发,双马尾,发型;麻花辫;编发,整理,published,V1.0
V36_T0008,寸头,Buzz Cut,平头;极短发,V36,发型与发色 / 长度,近乎贴 scalp 的极短发型，硬朗利落、无打理负担，常传递军人或硬汉气质，也用于强调颅骨轮廓与阳刚线条。,极短硬朗、露出头型、阳刚利落、零负担。,塑造军人或硬汉形象时指定，配合下颌与轮廓光。,人物;发型;硬朗,短发;光头,短发,发型;寸头;硬朗,整理,published,V1.0
V36_T0009,黑发,Black Hair,乌发;墨发,V36,发型与发色 / 发色,最深色的自然发色，自带沉静与东方气质，在光下呈现冷调高光，是东亚角色最基础的发色设定，易于搭配各种服饰。,沉静深黑、冷调高光、东方气质、百搭。,作为默认发色或东方角色指定，配合柔光显质感。,人物;发色;基础,金发;棕发,金发,发色;黑发;基础,整理,published,V1.0
V36_T0010,金发,Blonde Hair,金发;浅金,V36,发型与发色 / 发色,浅金至蜂蜜色的发色，在光下明亮耀眼，常关联阳光、高贵或异国气质，是欧美与奇幻角色常见设定，需控制饱和度避免塑料感。,明亮耀眼、阳光高贵、异国气质、易过饱和。,塑造高贵或阳光形象时指定，配合暖光与克制饱和。,人物;发色;浅色,黑发;银发,黑发,发色;金发;浅色,整理,published,V1.0
V36_T0011,银发,Silver Hair,白发;灰银发,V36,发型与发色 / 发色,银灰至纯白的发色，自带神秘、苍老或超凡气质，常用于精灵、长者或异能角色，冷调光泽赋予画面高级与疏离感。,银灰冷光、神秘超凡、疏离高级、苍老或异能。,塑造精灵或长者时指定，配合冷调与柔光。,人物;发色;冷色,金发;黑发,金发,发色;银发;冷色,整理,published,V1.0
V36_T0012,渐变发色,Ombre Hair,挑染;双色发,V36,发型与发色 / 发色,发丝呈现两段或以上过渡色系的染发效果，如紫渐蓝，带来潮流个性与视觉焦点，常见于时尚与二次元角色，需注意过渡自然。,多色过渡、潮流个性、视觉焦点、过渡需自然。,想突出时尚个性时指定，配合配色与光照过渡。,人物;发色;时尚,金发;黑发,金发,发色;渐变;时尚,整理,published,V1.0
V36_T0013,圆脸,Round Face,圆润脸;娃娃脸,V36,脸型与五官 / 脸型,长宽接近、下颌圆润柔和的面型，给人幼态亲和与无害感，常配大眼显可爱，是少女与萌系角色的基础脸型设定。,圆润柔和、幼态亲和、无害可爱、配大眼。,塑造可爱或亲和形象时指定，配合大眼与腮红。,人物;脸型;可爱,瓜子脸;方脸,瓜子脸,脸型;圆脸;幼态,整理,published,V1.0
V36_T0014,瓜子脸,Oval Face,鹅蛋脸;锥子脸,V36,脸型与五官 / 脸型,上宽下尖、线条流畅的椭圆面型，被视为最标准均衡的脸型，显秀气精致，适配绝大多数风格与妆容，是通用美观基准。,上宽下尖、流畅均衡、秀气精致、百搭。,作为标准美观脸型指定，配合多数风格都协调。,人物;脸型;标准,圆脸;方脸,圆脸,脸型;瓜子脸;标准,整理,published,V1.0
V36_T0015,方脸,Square Face,国字脸;硬朗脸,V36,脸型与五官 / 脸型,下颌角明显、轮廓方正的面型，传递坚毅硬朗与成熟感，多见于男性或强势女性角色，需靠发型与光影柔化棱角。,下颌方正、坚毅硬朗、成熟力量、棱角分明。,塑造硬朗或成熟形象时指定，配合下颌光影。,人物;脸型;硬朗,瓜子脸;圆脸,瓜子脸,脸型;方脸;硬朗,整理,published,V1.0
V36_T0016,丹凤眼,Phoenix Eyes,凤眼;细长眼,V36,脸型与五官 / 眼睛,眼型细长、内眼角下勾外眼角上扬的东方特色眼形，自带锐利妩媚与古典韵味，是国风角色的标志性五官设定之一。,细长上扬、锐利妩媚、古典韵味、东方特色。,塑造国风或妩媚形象时指定，配合眼线与古典妆。,人物;眼睛;东方,大眼;杏眼,大眼,五官;丹凤眼;东方,整理,published,V1.0
V36_T0017,大眼,Large Eyes,大眼睛;圆眼,V36,脸型与五官 / 眼睛,比例偏大、占脸面积高的眼形，传递天真可爱或二次元萌感，是动漫少女的标配，需注意与脸型比例协调避免失真。,占比偏大、天真萌感、二次元标配、需协调。,塑造萌系或少女时指定，配合圆脸与高光。,人物;眼睛;萌,丹凤眼;杏眼,丹凤眼,五官;大眼;萌系,整理,published,V1.0
V36_T0018,高鼻梁,High Bridge Nose,挺鼻;立体鼻,V36,脸型与五官 / 鼻部,鼻梁挺拔、山根高耸的鼻型，增强面部立体感与侧颜轮廓，常关联精致或西方气质，是提升侧脸辨识度的关键五官。,挺拔立体、侧颜清晰、精致西方感、识别度高。,想增强立体与侧颜时指定，配合侧光凸显鼻梁。,人物;鼻部;立体,塌鼻;瓜子脸,塌鼻,五官;高鼻梁;立体,整理,published,V1.0
V36_T0019,厚唇,Full Lips,丰满唇;饱满唇,V36,脸型与五官 / 唇部,唇形饱满丰厚的唇型，传递性感、健康与亲和，自带体积感，在光影下呈现诱人高光，是提升人物魅力的常见唇形设定。,饱满丰厚、性感亲和、体积高光、魅力提升。,塑造性感或健康形象时指定，配合唇部高光。,人物;唇部;性感,薄唇;瓜子脸,薄唇,五官;厚唇;性感,整理,published,V1.0
V36_T0020,健美身材,Athletic Build,肌肉身材;运动型,V36,体型与身材 / 体型,肌肉匀称紧实、线条清晰的体型，传递健康活力与力量感，常见于运动、战士与 action 角色，需表现肌理而不夸张失真。,肌肉紧实、线条清晰、健康力量、活力。,塑造运动或战士形象时指定，配合光影显肌理。,人物;体型;力量,瘦削;肥胖,瘦削,体型;健美;力量,整理,published,V1.0
V36_T0021,瘦削,Slender Build,清瘦;纤细,V36,体型与身材 / 体型,骨架纤细、脂肪少的体型，传递文弱、优雅或病态气质，常见于文人、少年或精灵角色，需避免显得营养不良。,纤细骨架、文弱优雅、病态或清俊、需适度。,塑造文弱或优雅形象时指定，配合柔光与服饰。,人物;体型;纤细,健美身材;丰满,健美身材,体型;瘦削;纤细,整理,published,V1.0
V36_T0022,丰满,Curvy Build,丰腴;沙漏型,V36,体型与身材 / 体型,胸腰臀曲线明显的体型，传递成熟性感与丰盈生命力，常见于御姐与写实女性角色，强调健康而非瘦弱的美感表达。,曲线明显、成熟性感、丰盈生命力、健康美。,塑造成熟御姐时指定，配合服饰凸显曲线。,人物;体型;曲线,瘦削;肥胖,瘦削,体型;丰满;曲线,整理,published,V1.0
V36_T0023,肥胖,Obese Build,胖体型;圆胖,V36,体型与身材 / 体型,体脂高、轮廓圆润的体型，可传递憨厚、喜剧或反派气质，写实作品中需表现自然下垂与衣物张力，避免卡通化失真。,圆润轮廓、憨厚喜剧、衣物张力、需自然。,塑造憨厚或反派形象时指定，配合服饰与体态。,人物;体型;圆润,瘦削;丰满,瘦削,体型;肥胖;圆润,整理,published,V1.0
V36_T0024,高挑,Tall Stature,高个;修长,V36,体型与身材 / 身高,身高明显超出平均的体型特征，带来修长气场与距离感，常见于模特、贵族或异族角色，需注意头身比协调避免比例失衡。,修长气场、距离感强、头身比需协调、显高贵。,塑造模特或贵族形象时指定，配合姿态与比例。,人物;身高;修长,矮壮;健美身材,矮壮,体型;高挑;身高,整理,published,V1.0
V36_T0025,矮壮,Short Sturdy,矮墩;敦实,V36,体型与身材 / 身高,身高偏矮但骨架敦实厚重的体型，传递稳健、可靠或憨直气质，常见于工匠、矮人与喜剧角色，重心低显沉稳。,敦实厚重、稳健可靠、重心低沉、憨直。,塑造工匠或矮人形象时指定，配合厚实服饰。,人物;身高;敦实,高挑;肥胖,高挑,体型;矮壮;身高,整理,published,V1.0
V36_T0026,幼年,Child,小孩;童颜,V36,年龄与性别 / 年龄,处于童年阶段的年龄特征，大头小身、五官圆润未长开，传递纯真脆弱与萌感，需用简化比例与柔色表现，避免成人化失真。,大头小身、圆润未开、纯真脆弱、柔色。,塑造孩童形象时指定，配合圆脸与大眼比例。,人物;年龄;孩童,青年;老年,青年,年龄;幼年;孩童,整理,published,V1.0
V36_T0027,青年,Young Adult,年轻人;壮年,V36,年龄与性别 / 年龄,处于青壮年的年龄特征，肌肤紧致、体态饱满有活力，是绝大多数主角与偶像角色所处的年龄区间，适配最广泛的风格。,肌肤紧致、体态饱满、活力四射、最通用。,作为主角默认年龄指定，配合多数风格都合适。,人物;年龄;青年,幼年;中年,幼年,年龄;青年;壮年,整理,published,V1.0
V36_T0028,中年,Middle Aged,中岁;盛年,V36,年龄与性别 / 年龄,处于中年的年龄特征，眼角与轮廓初显岁月痕迹、气场沉稳，传递经验权威或世俗感，常见于家长、领袖与反派角色。,岁月初痕、气场沉稳、经验权威、世俗感。,塑造家长或领袖形象时指定，配合服化与神态。,人物;年龄;中年,青年;老年,青年,年龄;中年;沉稳,整理,published,V1.0
V36_T0029,老年,Elderly,老人;苍老,V36,年龄与性别 / 年龄,处于老年的年龄特征，皮肤松弛、皱纹与白发明显，传递智慧、沧桑或慈祥，需以质感而非夸张丑化来表现岁月厚度。,皮肤松弛、皱纹白发、智慧沧桑、需质感。,塑造长者或智者形象时指定，配合纹理与柔光。,人物;年龄;老年,中年;幼年,中年,年龄;老年;沧桑,整理,published,V1.0
V36_T0030,雌雄莫辨,Androgynous,中性;无性别感,V36,年龄与性别 / 性别表达,外貌特征模糊男女界限的中性气质，兼具两性柔锐，传递前卫、神秘或唯美，常见于时尚与异族角色，靠发型与妆容平衡。,雌雄模糊、柔锐兼具、前卫神秘、需平衡。,塑造中性或时尚形象时指定，配合发型与妆容。,人物;性别;中性,男性;女性,男性,性别;雌雄莫辨;中性,整理,published,V1.0
V36_T0031,波波头,Bob Cut,,V36,发型与发色 / 款式,齐至下颌或颈部的短发造型，发尾整齐内收，轮廓圆润利落。诞生于二十世纪二十年代并成为经典，能突出下颌线与颈部线条，兼具复古与现代感，是人像生成中辨识度最高的短发款式之一。,圆润齐整的短发轮廓、发尾内扣、颈线干净。,用于都市、复古或极简人像，常配合齐刘海或耳环强调轮廓。,人像;时尚;复古,短发;齐刘海,,发型;短发;款式,整理,published,V1.0
V36_T0032,精灵短发,Pixie Cut,,V36,发型与发色 / 款式,极短的女性短发款式，两侧与后脑贴合头型，顶部保留少量层次与动感。因赫本等银幕形象而经典化，能最大程度暴露五官与颈部，传达干练、灵动、中性的气质。,贴头皮的极短轮廓、五官全露、颈部修长。,塑造干练或中性气质的人像，配合大眼与锁骨镜头效果佳。,人像;时尚,寸头;波波头,,发型;短发;款式,整理,published,V1.0
V36_T0033,狼尾剪,Wolf Cut,,V36,发型与发色 / 款式,顶部蓬松碎发与颈后拉长发尾结合的层次发型，融合鲻鱼头与碎剪的特征。层次凌乱而有野性，近年在亚洲流行文化与社交媒体中盛行，适合塑造叛逆青年形象。,顶部炸开的碎层次、颈后细长发尾、整体凌乱有型。,潮流青年、乐队、街头人像的标志性发型词。,人像;街头;潮流,鲻鱼头;层次剪,,发型;款式;潮流,整理,published,V1.0
V36_T0034,鲻鱼头,Mullet,,V36,发型与发色 / 款式,前短后长的经典发型：前额与两侧剪短，后脑发丝留长垂至颈肩。盛行于二十世纪八十年代摇滚文化，自带复古与反叛意味，近年以改良形态回潮。,前侧利落、脑后长发披颈，剪影前紧后松。,八十年代复古、摇滚、乡村题材人像的关键发型词。,复古;摇滚;人像,狼尾剪,,发型;款式;复古,整理,published,V1.0
V36_T0035,爆炸头,Afro,,V36,发型与发色 / 款式,自然卷曲的头发向四周蓬起形成的球状发型，体积感极强。源于非裔族群的自然发质，七十年代成为放克与灵魂乐文化的视觉符号，画面冲击力和辨识度都很高。,浑圆蓬松的球状剪影、头部体积显著放大。,放克、迪斯科、复古海报或个性人像的强符号发型。,复古;音乐;人像,羊毛卷,,发型;款式;卷发,整理,published,V1.0
V36_T0036,脏辫,Dreadlocks,,V36,发型与发色 / 款式,头发缠结成一条条绳状发束的发型，可长可短、可散可扎。与雷鬼文化和嘻哈文化紧密关联，发束的粗细与走向带来强烈的纹理感和街头气息。,绳状发束垂坠、纹理粗粝分明、街头感强。,嘻哈、雷鬼、街头题材人物的标志发型词。,街头;音乐;人像,玉米辫,,发型;款式;街头,整理,published,V1.0
V36_T0037,玉米辫,Cornrows,,V36,发型与发色 / 款式,沿头皮编成一排排贴头细辫的发型，辫路如田垄般整齐排列，可编出直线或几何图案。源自非洲传统编发工艺，几何感与雕塑感兼备。,贴头皮的整齐辫路、几何分区图案清晰。,街头、运动或非洲文化题材人像，强调头皮辫路图案。,街头;运动;人像,脏辫;麻花辫,,发型;款式;编发,整理,published,V1.0
V36_T0038,莫西干,Mohawk,,V36,发型与发色 / 款式,两侧剃光、仅保留头顶中央一条竖立发带的发型，发带常抓高定型甚至染色。朋克文化的经典符号，攻击性与仪式感并存，剪影极具冲击力。,两侧光洁、中央鸡冠状竖发，剪影尖锐。,朋克、末世、叛逆角色设定的标志发型词。,朋克;角色设计;街头,寸头,,发型;款式;朋克,整理,published,V1.0
V36_T0039,油头背梳,Slicked-Back Hair,,V36,发型与发色 / 款式,用发油将头发整体向后梳拢贴服的男士经典造型，发丝呈现湿润光泽并露出完整额头。绅士装束与黑帮题材的标配，传达克制、强势与仪式感。,光泽湿亮的后梳发丝、额头全露、轮廓锋利。,绅士、黑帮、商务肖像的关键造型词，常配西装。,绅士;商务;复古,三七分,,发型;款式;男士,整理,published,V1.0
V36_T0040,大波浪,Loose Waves,,V36,发型与发色 / 款式,弧度大而松弛的波浪卷发，从中段开始起卷、发尾自然垂落，介于直发与小卷之间。好莱坞式优雅的代名词，能柔化脸部线条并增加发量感。,松弛起伏的大弧度卷、发丝流动、脸线柔和。,优雅女性人像与时尚大片的常用发型词，配侧分更显复古。,人像;时尚;婚纱,卷发;羊毛卷,,发型;款式;卷发,整理,published,V1.0
V36_T0041,羊毛卷,Wool Curls,,V36,发型与发色 / 款式,卷径细小、密度高、质感蓬软如羊毛的卷发造型，整体呈现毛茸茸的体积感。日系与韩系少女造型常用，能放大发量、增加软萌与复古气质。,细密蓬软的小卷、发量视觉翻倍、轮廓毛茸。,日韩系少女、复古文艺人像的高频发型词。,人像;日系;复古,爆炸头;大波浪,,发型;款式;卷发,整理,published,V1.0
V36_T0042,湿发造型,Wet Look Hair,,V36,发型与发色 / 款式,以发胶或水感产品营造头发湿润贴服效果的造型手法，发丝成缕、光泽锐利，如刚出水面。时尚硬照与秀场常用，传达性感、凌厉的高级感。,发丝成缕贴头、高光水泽、气场锐利。,时尚大片、泳池或雨景人像，常配强侧光突出水泽。,时尚;大片;人像,油头背梳,,发型;款式;质感,整理,published,V1.0
V36_T0043,齐刘海,Blunt Bangs,,V36,发型与发色 / 刘海,在眉上或眉间一刀切齐的整齐刘海，边缘平直厚重。能直接改变脸部比例、缩短脸型并放大眼部存在感，日系与复古造型的高频元素。,平直厚重的刘海线、眼睛被框显大、脸型变短。,日系少女、复古或人偶感人像的关键刘海词。,人像;日系;复古,波波头;空气刘海,,发型;刘海,整理,published,V1.0
V36_T0044,空气刘海,See-Through Bangs,,V36,发型与发色 / 刘海,稀薄通透、发丝间可隐约露出额头的轻刘海，呈自然弧形垂落。韩系造型的代表元素，比齐刘海更轻盈减龄，柔化额头线条而不显厚重。,薄透的丝状刘海、额头若隐若现、整体轻盈。,韩系清新人像的常用刘海词，配自然光效果最佳。,人像;韩系;清新,齐刘海;八字刘海,,发型;刘海,整理,published,V1.0
V36_T0045,斜刘海,Side-Swept Bangs,,V36,发型与发色 / 刘海,从一侧斜向扫过额头的刘海，露出部分额头并在另一侧汇入鬓发。线条流动自然，能修饰宽额头与方脸，比齐刘海更成熟随性。,斜向流动的刘海线条、额头局部裸露、脸型被修饰。,成熟知性或休闲人像的刘海选择，配侧脸角度更佳。,人像;知性;日常,空气刘海;三七分,,发型;刘海,整理,published,V1.0
V36_T0046,八字刘海,Curtain Bangs,,V36,发型与发色 / 刘海,中间分开、两侧向外弯出弧度的帘状刘海，形似汉字八字。露出眉眼中庭又包裹脸颊两侧，兼具修饰颧骨与法式慵懒气质，近年持续流行。,帘状外翻的两侧弧度、中庭通透、脸颊被包裹。,法式慵懒或韩系御姐人像的高频刘海词。,人像;法式;时尚,空气刘海;中分,,发型;刘海,整理,published,V1.0
V36_T0047,中分,Middle Part,,V36,发型与发色 / 分缝,发缝位于头顶正中、两侧发量对称分布的分发方式。对称结构强调五官端正与骨相，气质偏冷静高级，对脸型对称度要求较高。,正中发缝、两侧对称垂落、五官居中突出。,高级感、御姐或极简人像的分缝词，常配大波浪或直发。,人像;时尚;极简,三七分;八字刘海,,发型;分缝,整理,published,V1.0
V36_T0048,三七分,Deep Side Part,,V36,发型与发色 / 分缝,发缝偏于一侧、发量按三比七分配的经典分发方式。不对称结构带来自然的斜向发流，修饰额角与脸型，男女通用且几乎不挑脸。,偏侧发缝、大侧发量斜扫、脸部线条被柔化。,通用型分缝词，绅士油头与知性长发都常用。,人像;商务;日常,中分;油头背梳,,发型;分缝,整理,published,V1.0
V36_T0049,丸子头,Top Bun,,V36,发型与发色 / 扎束,把头发全部或大部分拢起在头顶或脑后盘成球状发髻的扎发方式。露出完整颈线与耳廓，日常松散版显俏皮，紧致光面版则显利落端庄。,头顶球状发髻、颈部耳廓全露、剪影圆润。,俏皮日常或运动人像用松丸子头，礼服场景用光面发髻。,日常;运动;礼服,马尾;半扎发,,发型;扎束,整理,published,V1.0
V36_T0050,半扎发,Half-Up Half-Down,,V36,发型与发色 / 扎束,只将上半部分头发扎起或盘起、下半部分自然披落的混合扎发。既保留披发的柔美又露出眉眼轮廓，甜美减龄，是少女感造型的常见选择。,上束下披的双层结构、脸周清爽、发尾柔垂。,甜美少女或森系人像的常用扎发词。,人像;甜美;日常,丸子头;双马尾,,发型;扎束,整理,published,V1.0
V36_T0051,棕发,Brown Hair,,V36,发型与发色 / 发色,从浅栗到深咖的棕色系发色，是全球最常见的自然发色之一。比黑发柔和、比金发沉稳，在暖光下泛出红棕或蜜糖光泽，适配几乎所有肤色与题材。,温暖沉稳的棕色调、暖光下泛蜜糖光泽。,自然系人像的万能发色词，可细化为浅棕、深棕、红棕。,人像;日常;自然,黑发;金发,,发色;自然色,整理,published,V1.0
V36_T0052,红发,Red Hair,,V36,发型与发色 / 发色,从姜橙到酒红的红色系发色。自然红发在人群中占比极低，天然带有稀缺感和戏剧性；饱和正红则是漫画与时尚大片的强视觉符号。,高辨识度的红色调、画面视觉焦点、与绿色环境强互补。,个性角色或时尚大片的强调发色，绿色背景中尤其突出。,人像;角色设计;时尚,粉色头发,,发色;个性色,整理,published,V1.0
V36_T0053,粉色头发,Pink Hair,,V36,发型与发色 / 发色,从樱花浅粉到玫红的粉色系染发。二次元与偶像文化的标志发色，现实题材中传达大胆前卫的个性，梦幻题材中则强化甜美与幻想感。,梦幻甜美的粉色调、二次元氛围浓、肤色被衬亮。,动漫风、Y2K 或梦幻人像的高频发色词。,动漫;人像;梦幻,红发;渐变发色,,发色;个性色,整理,published,V1.0
V36_T0054,挑染,Highlights,,V36,发型与发色 / 发色,在基础发色上挑出细束染成更浅或对比色的染发技法，发丝间形成明暗交错的条纹层次。既能增加发型立体感，也可用撞色制造街头个性。,发丝间明暗条纹交错、层次立体、随动作闪现。,写实人像加自然浅色挑染增层次，街头风用撞色挑染。,人像;街头;时尚,渐变发色,,发色;染发技法,整理,published,V1.0
